Period,Open,High,Low,Close
2019-06-28,204.567800,204.567800,204.567800,204.567800
2019-06-27,205.073600,205.073600,205.073600,205.073600
2019-06-26,202.416000,202.416000,202.416000,202.416000
2019-06-25,203.364600,203.364600,203.364600,203.364600
2019-06-24,205.593400,205.593400,205.593400,205.593400
2019-06-21,205.546300,205.546300,205.546300,205.546300
2019-06-20,26.995200,26.995200,26.995200,26.995200
2019-06-19,206.454000,206.454000,206.454000,206.454000
2019-06-18,202.872500,202.872500,202.872500,202.872500
2019-06-17,204.231000,204.231000,204.231000,204.231000
2019-06-14,205.100600,205.100600,205.100600,205.100600
2019-06-13,204.602100,204.602100,204.602100,204.602100
2019-06-12,206.213600,206.213600,206.213600,206.213600
2019-06-11,207.250400,207.250400,207.250400,207.250400
2019-06-10,206.052400,206.052400,206.052400,206.052400
2019-06-07,203.690100,203.690100,203.690100,203.690100
2019-06-06,202.426400,202.426400,202.426400,202.426400
2019-06-05,203.531800,203.531800,203.531800,203.531800
2019-06-04,199.425300,199.425300,199.425300,199.425300
2019-06-03,198.673700,198.673700,198.673700,198.673700
2019-05-31,200.321300,200.321300,200.321300,200.321300
2019-05-30,203.378500,203.378500,203.378500,203.378500
2019-05-29,203.462600,203.462600,203.462600,203.462600
2019-05-28,205.541000,205.541000,205.541000,205.541000
2019-05-24,204.876700,204.876700,204.876700,204.876700
2019-05-23,205.069300,205.069300,205.069300,205.069300
2019-05-22,206.263700,206.263700,206.263700,206.263700
2019-05-21,206.679800,206.679800,206.679800,206.679800
2019-05-20,207.364300,207.364300,207.364300,207.364300
2019-05-17,206.874500,206.880200,206.868900,206.880200
2019-05-16,205.125900,205.125900,205.125900,205.125900
2019-05-15,206.105000,206.105000,206.105000,206.105000
2019-05-14,204.947600,204.947600,204.947600,204.947600
2019-05-13,206.116600,206.116600,206.116600,206.116600
2019-05-10,207.153400,207.153400,207.153400,207.153400
2019-05-09,207.408800,207.408800,207.408800,207.408800
2019-05-08,210.381100,210.381100,210.381100,210.381100
2019-05-07,214.513400,214.513400,214.513400,214.513400
2019-05-06,217.788000,217.788000,217.787900,217.787900
2019-05-03,217.788000,217.788000,217.787900,217.787900
2019-05-02,217.788000,217.788000,217.787900,217.787900
2019-05-01,217.788000,217.788000,217.787900,217.787900
2019-04-30,26.912800,26.912800,26.912800,26.912800
2019-04-29,217.788000,217.788000,217.787900,217.787900
2019-04-26,217.787900,217.787900,217.787900,217.787900
2019-04-25,218.170400,218.170400,218.170400,218.170400
2019-04-24,216.703200,216.703200,216.703200,216.703200
2019-04-23,218.250900,218.250900,218.250900,218.250900
2019-04-22,217.552600,217.552600,217.552600,217.552600
2019-04-18,217.053300,217.053300,217.053300,217.053300
2019-04-17,219.297900,219.297900,219.297900,219.297900
2019-04-16,218.622300,218.622300,218.622300,218.622300
2019-04-15,219.182800,219.182800,219.182800,219.182800
2019-04-12,216.144000,216.144000,216.144000,216.144000
2019-04-11,216.589400,216.589400,216.589400,216.589400
2019-04-10,216.579800,216.579800,216.579800,216.579800
2019-04-09,218.051200,218.051200,218.051200,218.051200
2019-04-08,218.251800,218.251800,218.251800,218.251800
2019-04-05,219.273600,219.273600,219.273600,219.273600
2019-04-04,218.340700,218.340700,218.340700,218.340700
2019-04-03,218.526200,218.526200,218.526200,218.526200
2019-04-02,217.350600,217.350600,217.350600,217.350600
2019-04-01,217.202200,217.202200,217.202200,217.202200
2019-03-29,213.772800,213.772800,213.772800,213.772800
2019-03-28,211.916900,211.916900,211.916900,211.916900
2019-03-27,215.585900,215.585900,215.585900,215.585900
2019-03-26,216.588900,216.588900,216.588900,216.588900
2019-03-25,211.096300,211.096300,211.096300,211.096300
2019-03-22,217.089800,217.089800,217.089800,217.089800
2019-03-21,216.949100,216.949100,216.949000,216.949000
2019-03-20,216.949000,216.949000,216.949000,216.949000
2019-03-19,216.218500,216.218500,216.218500,216.218500
2019-03-18,216.234200,216.234200,216.234200,216.234200
2019-03-15,214.621700,214.621700,214.621700,214.621700
2019-03-14,213.084400,213.084400,213.084400,213.084400
2019-03-13,213.624100,213.624100,213.624100,213.624100
2019-03-12,215.713500,215.713500,215.713500,215.713500
2019-03-11,212.549800,212.549800,212.549800,212.549800
2019-03-08,211.236800,211.236800,211.236800,211.236800
2019-03-07,215.554200,215.554200,215.554200,215.554200
2019-03-06,217.402100,217.402100,217.402100,217.402100
2019-03-05,218.100900,218.100900,218.100900,218.100900
2019-03-04,219.546400,219.546400,219.546400,219.546400
2019-03-01,217.780300,217.780300,217.780300,217.780300
2019-02-28,216.521200,216.521200,216.521200,216.521200
2019-02-27,218.421900,218.421900,218.421900,218.421900
2019-02-26,217.723700,217.723700,217.723700,217.723700
2019-02-25,218.106900,218.106900,218.106900,218.106900
2019-02-22,217.008100,217.008100,217.008100,217.008100
2019-02-21,217.802500,217.802500,217.802500,217.802500
2019-02-20,217.409100,217.409100,217.409100,217.409100
2019-02-19,216.175200,216.175200,216.175200,216.175200
2019-02-15,211.968400,211.968400,211.968400,211.968400
2019-02-14,213.769400,213.769400,213.769400,213.769400
2019-02-13,213.445700,213.445700,213.445700,213.445700
2019-02-12,211.176300,211.176300,211.176300,211.176300
2019-02-11,206.479800,206.479800,206.479700,206.479700
2019-02-08,206.479700,206.479700,206.479700,206.479700
2019-02-07,211.222200,211.222200,211.222200,211.222200
2019-02-06,213.302500,213.302500,213.302500,213.302500
2019-02-05,212.746700,212.746700,212.746700,212.746700
2019-02-04,212.280100,212.280100,212.280100,212.280100
2019-02-01,210.532600,210.532600,210.532600,210.532600
2019-01-31,211.232400,211.232400,211.232400,211.232400
2019-01-30,208.968400,208.968400,208.968400,208.968400
2019-01-29,209.877100,209.877100,209.877100,209.877100
2019-01-28,209.916900,209.916900,209.916900,209.916900
2019-01-25,211.461400,211.461400,211.461400,211.461400
2019-01-24,209.468800,209.468800,209.468800,209.468800
2019-01-23,208.600600,208.600600,208.600600,208.600600
2019-01-22,209.519100,209.519600,209.508300,209.519600
2019-01-18,209.557000,209.557000,209.557000,209.557000
2019-01-17,206.976200,206.976200,206.976200,206.976200
2019-01-16,206.395000,206.395000,206.395000,206.395000
2019-01-15,207.586200,207.586200,207.586200,207.586200
2019-01-14,205.029900,205.029900,205.029800,205.029800
2019-01-11,205.029800,205.029800,205.029800,205.029800
2019-01-10,204.181500,204.181500,204.181500,204.181500
2019-01-09,205.693800,205.693800,205.693800,205.693800
2019-01-08,203.318400,203.318400,203.318400,203.318400
2019-01-07,202.107000,202.107000,202.107000,202.107000
2019-01-04,196.549100,196.549100,196.549100,196.549100
2019-01-03,199.648600,199.648600,199.648600,199.648600
2019-01-02,199.648700,199.648700,199.648600,199.648600
2018-12-31,199.648600,199.648600,199.648600,199.648600
2018-12-28,199.648600,199.648600,199.648600,199.648600
2018-12-27,199.881900,199.881900,199.881900,199.881900
2018-12-26,191.261300,191.262800,191.251500,191.262800
2018-12-24,198.950100,198.950100,198.950100,198.950100
2018-12-21,198.950100,198.950100,198.950100,198.950100
2018-12-20,202.406200,202.406200,202.406200,202.406200
2018-12-19,208.397100,208.397100,208.397100,208.397100
2018-12-18,209.215100,209.215100,209.215100,209.215100
2018-12-17,212.630800,212.630800,212.630800,212.630800
2018-12-14,211.874900,211.874900,211.874900,211.874900
2018-12-13,215.787400,215.787400,215.787400,215.787400
2018-12-12,213.967100,213.967100,213.967100,213.967100
2018-12-11,209.280000,209.280000,209.280000,209.280000
2018-12-10,211.348000,211.348000,211.348000,211.348000
2018-12-07,215.478000,215.482800,215.471200,215.482800
2018-12-06,214.440300,214.448200,214.436500,214.448200
2018-12-04,219.819800,219.830300,219.818700,219.830300
2018-12-03,224.894500,224.905300,224.893600,224.905300
2018-11-30,222.307500,222.309200,221.315900,222.309200
2018-11-29,221.311800,221.315900,221.304300,221.315900
2018-11-28,220.693300,220.696900,219.495000,220.696900
2018-11-27,26.484000,26.484000,26.484000,26.484000
2018-11-26,218.007600,218.007600,218.007600,218.007600
2018-11-23,217.009600,217.010000,216.998800,217.000200
2018-11-21,215.605700,215.605700,215.605700,215.605700
2018-11-20,216.700600,216.700600,216.700600,216.700600
2018-11-19,217.786300,217.786300,217.786300,217.786300
2018-11-16,216.707800,216.707800,216.707800,216.707800
2018-11-15,218.117800,218.117800,218.117800,218.117800
2018-11-14,218.514300,218.514300,218.514300,218.514300
2018-11-13,217.736300,217.736300,217.736300,217.736300
2018-11-12,222.773500,222.773500,222.773500,222.773500
2018-11-09,222.796700,222.796700,222.796700,222.796700
2018-11-08,223.932200,223.932200,223.932200,223.932200
2018-11-07,219.776000,219.776000,219.776000,219.776000
2018-11-06,221.189800,221.189800,221.189800,221.189800
2018-11-05,219.066100,221.433400,219.058500,219.070200
2018-11-02,221.433400,221.433400,221.433400,221.433400
2018-11-01,217.335200,217.335200,217.335200,217.335200
2018-10-31,218.570000,218.570000,218.570000,218.570000
2018-10-30,214.485500,214.485500,214.485500,214.485500
2018-10-29,212.069400,212.069400,212.069400,212.069400
2018-10-26,212.057000,212.057000,212.057000,212.057000
2018-10-25,212.772300,212.772300,212.772300,212.772300
2018-10-24,220.010600,220.010600,220.010600,220.010600
2018-10-23,220.372400,220.372400,220.372400,220.372400
2018-10-22,226.846400,226.846400,226.846400,226.846400
2018-10-19,226.252400,226.252400,226.252400,226.252400
2018-10-18,227.844800,227.844800,227.844800,227.844800
2018-10-17,229.346200,229.346200,229.346200,229.346200
2018-10-16,226.717900,226.717900,226.717900,226.717900
2018-10-15,224.542200,224.542200,224.542200,224.542200
2018-10-12,227.964700,227.964700,227.964700,227.964700
2018-10-11,227.057400,227.057400,227.057400,227.057400
2018-10-10,235.329400,235.329400,235.329400,235.329400
2018-10-09,234.913500,234.913500,234.913500,234.913500
2018-10-08,238.800900,238.812100,238.800800,238.812100
2018-10-05,238.812100,238.812100,238.812100,238.812100
2018-10-04,240.825900,240.825900,240.825900,240.825900
2018-10-03,241.377100,241.377100,241.377100,241.377100
2018-10-02,243.655800,243.655800,243.655800,243.655800
2018-10-01,242.897800,242.897800,242.897800,242.897800
2018-09-28,242.487900,242.487900,242.487900,242.487900
2018-09-27,240.158800,240.158800,240.158800,240.158800
2018-09-26,242.895200,242.895200,242.895200,242.895200
2018-09-25,242.835600,242.835600,242.835600,242.835600
2018-09-24,29.207400,29.207400,29.207400,29.207400
2018-09-21,240.964900,240.964900,240.964900,240.964900
2018-09-20,238.339300,238.339300,238.339300,238.339300
2018-09-19,238.369800,238.369800,238.369800,238.369800
2018-09-18,235.274500,235.274500,235.274500,235.274500
2018-09-17,230.529900,230.529900,230.529900,230.529900
2018-09-14,230.529800,230.529800,230.529800,230.529800
2018-09-13,228.044700,228.044700,228.044700,228.044700
2018-09-12,225.941600,225.941600,225.941600,225.941600
2018-09-11,227.255700,227.255700,227.255700,227.255700
2018-09-10,225.295200,225.295200,225.295200,225.295200
2018-09-07,224.813600,224.813600,224.813600,224.813600
2018-09-06,226.429500,226.429500,226.429500,226.429500
2018-09-05,227.779900,227.779900,227.779900,227.779900
2018-09-04,229.327000,229.331800,229.320200,229.331800
2018-08-31,231.665800,231.665800,231.665800,231.665800
2018-08-30,232.298800,232.298800,232.298800,232.298800
2018-08-29,232.350800,232.350800,232.350800,232.350800
2018-08-28,231.193200,231.193200,231.193200,231.193200
2018-08-27,230.809800,230.809800,230.809800,230.809800
2018-08-24,228.653400,228.653400,228.653400,228.653400
2018-08-23,227.421000,227.421000,227.421000,227.421000
2018-08-22,227.553600,227.553600,227.553600,227.553600
2018-08-21,225.631800,225.631800,225.631800,225.631800
2018-08-20,225.604700,225.604700,225.604700,225.604700
2018-08-17,226.207300,226.207300,226.207300,226.207300
2018-08-16,225.079200,225.079200,225.079200,225.079200
2018-08-15,226.140300,226.140300,226.140300,226.140300
2018-08-14,227.747500,227.747500,227.747500,227.747500
2018-08-13,223.520800,223.520800,223.520800,223.520800
2018-08-10,229.181500,229.181500,229.181500,229.181500
2018-08-09,231.824700,231.824700,231.824700,231.824700
2018-08-08,232.297400,232.297400,232.297400,232.297400
2018-08-07,233.103700,233.103700,233.103700,233.103700
2018-08-06,231.127600,232.427400,231.118200,231.129700
2018-08-03,232.427400,232.427400,232.427400,232.427400
2018-08-02,233.304600,233.304600,233.304600,233.304600
2018-08-01,235.527500,235.527500,235.527500,235.527500
2018-07-31,233.736200,233.736200,233.736200,233.736200
2018-07-30,234.274900,234.274900,234.274900,234.274900
2018-07-27,235.201000,235.201000,235.201000,235.201000
2018-07-26,234.008100,234.008100,234.008100,234.008100
2018-07-25,232.749000,232.749000,232.749000,232.749000
2018-07-24,231.263900,231.263900,231.263900,231.263900
2018-07-23,229.980100,229.980100,229.980100,229.980100
2018-07-20,231.206700,231.206700,231.206700,231.206700
2018-07-19,232.378600,232.378600,232.378600,232.378600
2018-07-18,232.406800,232.406800,232.406800,232.406800
2018-07-17,231.807400,231.807400,231.807400,231.807400
2018-07-16,28.169500,28.169500,28.169500,28.169500
2018-07-13,229.814100,229.814100,229.814100,229.814100
2018-07-12,226.972800,226.972800,226.972800,226.972800
2018-07-11,226.050400,226.050400,226.050400,226.050400
2018-07-10,228.588800,228.588800,228.588800,228.588800
2018-07-09,227.712800,227.712800,227.712800,227.712800
2018-07-06,224.859300,224.859300,224.859300,224.859300
2018-07-05,222.396400,222.396400,222.396400,222.396400
2018-07-03,224.473300,224.473300,224.473300,224.473300
2018-07-02,225.221300,225.221300,225.221300,225.221300
2018-06-29,230.308100,230.308100,230.308100,230.308100
2018-06-28,229.644100,229.644100,229.644100,229.644100
2018-06-27,230.067400,230.067400,230.067400,230.067400
2018-06-26,230.672500,230.672500,230.672500,230.672500
2018-06-25,229.216500,229.216500,229.216500,229.216500
2018-06-22,231.099000,231.099000,231.099000,231.099000
2018-06-21,232.208700,232.208700,232.208700,232.208700
2018-06-20,232.091500,232.091500,232.091500,232.091500
2018-06-19,230.588900,230.588900,230.588900,230.588900
2018-06-18,233.286200,234.600700,233.286200,233.286200
2018-06-15,237.434500,237.434500,237.434500,237.434500
2018-06-14,237.003000,237.003000,237.003000,237.003000
2018-06-13,239.295500,239.295500,239.295500,239.295500
2018-06-12,238.232000,238.232000,238.232000,238.232000
2018-06-11,237.648700,237.648700,237.648700,237.648700
2018-06-08,237.215400,237.215400,237.215400,237.215400
2018-06-07,238.403600,238.403600,238.403600,238.403600
2018-06-06,236.980300,236.980300,236.980300,236.980300
2018-06-05,236.213900,236.213900,236.213900,236.213900
2018-06-04,235.898800,235.898800,235.898800,235.898800
2018-06-01,232.010800,232.010800,232.010800,232.010800
2018-05-31,231.755300,231.755300,231.755300,231.755300
2018-05-30,230.246600,230.246600,230.246600,230.246600
2018-05-29,234.024900,234.034900,234.023600,234.034900
2018-05-25,235.598600,235.598600,235.598600,235.598600
2018-05-24,29.635100,29.635100,29.635100,29.635100
2018-05-23,238.420800,238.420800,238.420800,238.420800
2018-05-22,240.690300,240.690300,240.690300,240.690300
2018-05-21,241.279700,241.279700,241.279700,241.279700
2018-05-18,241.383000,241.385100,241.373600,241.385100
2018-05-17,240.493200,240.493200,240.493200,240.493200
2018-05-16,239.015400,239.015400,239.015400,239.015400
2018-05-15,239.893600,239.893600,239.893600,239.893600
2018-05-14,240.205000,240.205000,240.205000,240.205000
2018-05-11,238.953700,238.953700,238.953700,238.953700
2018-05-10,236.833500,236.833500,236.833500,236.833500
2018-05-09,235.789400,235.789400,235.789400,235.789400
2018-05-08,236.546900,236.546900,236.546900,236.546900
2018-05-07,236.317800,236.317800,236.317800,236.317800
2018-05-04,29.691900,29.691900,29.691900,29.691900
2018-05-03,29.661700,29.661700,29.661700,29.661700
2018-05-02,235.983100,235.983100,235.983100,235.983100
2018-05-01,236.466200,236.466200,236.466200,236.466200
2018-04-30,29.730200,29.730200,29.730200,29.730200
2018-04-27,236.864300,236.864300,236.864300,236.864300
2018-04-26,235.389200,235.389200,235.389200,235.389200
2018-04-25,234.301700,234.301700,234.301700,234.301700
2018-04-24,234.644300,234.644300,234.644300,234.644300
2018-04-23,232.432200,232.432200,232.432200,232.432200
2018-04-20,232.746100,232.746100,232.746100,232.746100
2018-04-19,232.605300,232.605300,232.605300,232.605300
2018-04-18,231.213300,231.213300,231.213300,231.213300
2018-04-17,228.395200,228.395200,228.395200,228.395200
2018-04-16,228.777500,228.777500,228.777500,228.777500
2018-04-13,227.714600,227.714600,227.714600,227.714600
2018-04-12,225.634500,225.634500,225.634500,225.634500
2018-04-11,226.883600,226.883600,226.883600,226.883600
2018-04-10,227.895300,227.895300,227.895300,227.895300
2018-04-09,226.511400,226.511400,226.511400,226.511400
2018-04-06,225.209900,225.209900,225.209900,225.209900
2018-04-05,226.108500,226.108500,226.108500,226.108500
2018-04-04,223.304300,223.304300,223.304300,223.304300
2018-04-03,223.527000,223.527000,223.527000,223.527000
2018-04-02,224.248000,224.258500,222.505000,224.258500
2018-03-29,222.505000,222.505000,222.505000,222.505000
2018-03-28,221.805900,221.805900,221.805900,221.805900
2018-03-27,224.876200,224.876200,224.876200,224.876200
2018-03-26,218.536100,218.536100,218.536100,218.536100
2018-03-23,217.699300,217.699300,217.699300,217.699300
2018-03-22,226.758100,226.758100,226.758100,226.758100
2018-03-21,225.618400,225.618400,225.618400,225.618400
2018-03-20,225.618400,225.618400,225.618400,225.618400
2018-03-19,225.933600,225.933600,225.933600,225.933600
2018-03-16,228.245500,228.245500,228.245500,228.245500
2018-03-15,229.239600,229.239600,229.239600,229.239600
2018-03-14,229.340400,229.340400,229.340400,229.340400
2018-03-13,230.552000,230.552000,230.552000,230.552000
2018-03-12,229.292000,229.292000,229.292000,229.292000
2018-03-09,225.683600,225.683600,225.683600,225.683600
2018-03-08,224.474700,224.474700,224.474700,224.474700
2018-03-07,223.386200,223.386200,223.386200,223.386200
2018-03-06,225.096800,225.096800,225.096800,225.096800
2018-03-05,222.076400,222.076400,222.076400,222.076400
2018-03-02,224.197600,224.197600,224.197600,224.197600
2018-03-01,229.387700,229.387700,229.387700,229.387700
2018-02-28,233.317100,233.317100,233.317100,233.317100
2018-02-27,236.189900,236.189900,236.189900,236.189900
2018-02-26,234.139100,234.139100,234.139100,234.139100
2018-02-23,232.097900,232.097900,232.097900,232.097900
2018-02-22,230.338700,230.338700,230.338700,230.338700
2018-02-21,232.966500,232.966500,232.942900,232.966500
2018-02-20,232.744800,232.752400,232.741300,232.752400
2018-02-16,229.873600,229.873600,229.873600,229.873600
2018-02-15,227.182800,227.182800,227.182800,227.182800
2018-02-14,224.746700,224.748200,224.737400,224.748200
2018-02-13,225.601100,225.601100,225.601100,225.601100
2018-02-12,28.962700,28.962700,28.962700,28.962700
2018-02-09,227.855500,227.855500,227.855500,227.855500
2018-02-08,232.989600,232.993700,232.982500,232.993700
2018-02-07,231.011600,231.011600,231.011600,231.011600
2018-02-06,230.333800,230.333800,230.333800,230.333800
2018-02-05,241.448700,241.448700,241.448700,241.448700
2018-02-02,247.668900,247.668900,247.668900,247.668900
2018-02-01,249.273100,249.273100,249.273100,249.273100
2018-01-31,245.160700,245.160700,245.160700,245.160700
2018-01-30,247.653800,247.653800,247.653800,247.653800
2018-01-29,250.827300,250.827300,250.827300,250.827300
2018-01-26,250.826900,250.826900,250.826900,250.826900
2018-01-25,251.834400,251.834400,251.834400,251.834400
2018-01-24,254.031900,254.031900,254.031900,254.031900
2018-01-23,255.442500,255.442500,255.442500,255.442500
2018-01-22,252.526300,252.526300,252.526300,252.526300
2018-01-19,252.699000,252.699000,252.699000,252.699000
2018-01-18,251.351100,251.351100,251.351100,251.351100
2018-01-17,252.905500,252.905500,252.905500,252.905500
2018-01-16,253.334200,253.334200,253.334200,253.334200
2018-01-12,252.230500,252.230500,252.230500,252.230500
2018-01-11,254.020900,254.479800,254.017500,254.029000
2018-01-10,254.479800,254.479800,254.479800,254.479800
2018-01-09,254.902700,254.902700,254.902700,254.902700
2018-01-08,30.222100,30.222100,30.222100,30.222100
2018-01-05,253.459900,253.459900,253.459900,253.459900
2018-01-04,251.198500,251.198500,251.198500,251.198500
2018-01-03,29.304300,29.304300,29.304300,29.304300
2018-01-02,29.362600,29.362600,29.362600,29.362600
2017-12-29,244.225400,244.225400,244.225400,244.225400
2017-12-28,244.335700,244.335700,244.335700,244.335700
2017-12-27,245.654200,245.654200,245.654200,245.654200
2017-12-26,245.026000,245.026000,245.026000,245.026000
2017-12-22,245.605800,245.605800,245.605800,245.605800
2017-12-21,245.007900,245.007900,245.007900,245.007900
2017-12-20,244.595300,244.595300,244.595300,244.595300
2017-12-19,243.924200,243.924200,243.924200,243.924200
2017-12-18,244.542900,244.542900,244.542900,244.542900
2017-12-15,241.034200,241.034200,241.034200,241.034200
2017-12-14,242.427800,242.427800,242.427800,242.427800
2017-12-13,242.684900,242.684900,242.684900,242.684900
2017-12-12,243.998600,243.998600,243.998600,243.998600
2017-12-11,244.096200,244.096200,244.096200,244.096200
2017-12-08,242.991700,242.991700,242.991700,242.991700
2017-12-07,240.113600,240.113600,240.113600,240.113600
2017-12-06,237.109100,237.109100,237.109100,237.109100
2017-12-05,240.888000,240.888000,240.888000,240.888000
2017-12-04,240.596700,240.596700,240.596700,240.596700
2017-12-01,29.386900,29.386900,29.386900,29.386900
2017-11-30,241.016900,241.016900,241.016900,241.016900
2017-11-29,239.582800,239.582800,239.582800,239.582800
2017-11-28,238.030500,238.030500,238.030500,238.030500
2017-11-27,238.785000,238.785000,238.785000,238.785000
2017-11-24,239.902400,239.907000,239.891300,239.907000
2017-11-22,240.302100,240.302100,240.302100,240.302100
2017-11-21,239.316700,239.316700,239.316700,239.316700
2017-11-20,237.678300,237.678300,237.678300,237.678300
2017-11-17,238.885200,238.885200,238.885200,238.885200
2017-11-16,238.781700,238.781700,238.781700,238.781700
2017-11-15,235.866200,235.866200,235.866200,235.866200
2017-11-14,240.192000,240.192000,240.192000,240.192000
2017-11-13,240.335300,240.335300,240.335300,240.335300
2017-11-10,242.883700,242.883700,242.883700,242.883700
2017-11-09,245.519300,245.519300,245.519300,245.519300
2017-11-08,246.313500,246.313500,246.313500,246.313500
2017-11-07,246.030300,246.030300,246.030300,246.030300
2017-11-06,28.972100,28.972100,28.972100,28.972100
2017-11-03,28.881900,28.881900,28.881900,28.881900
2017-11-02,243.602900,243.602900,243.602900,243.602900
2017-11-01,242.590800,242.590800,242.590800,242.590800
2017-10-31,238.712200,238.712200,238.712200,238.712200
2017-10-30,238.865600,238.865600,238.865600,238.865600
2017-10-27,238.616500,238.616500,238.616500,238.616500
2017-10-26,236.303500,236.303500,236.303500,236.303500
2017-10-25,235.971000,235.971000,235.971000,235.971000
2017-10-24,236.359000,236.359000,236.359000,236.359000
2017-10-23,234.969100,234.969100,234.969100,234.969100
2017-10-20,232.491800,232.491800,232.491800,232.491800
2017-10-19,28.230800,28.230800,28.230800,28.230800
2017-10-18,231.816700,231.816700,231.816700,231.816700
2017-10-17,232.002300,232.002300,232.002300,232.002300
2017-10-16,231.352300,231.352300,231.352300,231.352300
2017-10-13,230.076600,230.076600,230.076600,230.076600
2017-10-12,228.644300,228.644300,228.644300,228.644300
2017-10-11,228.120200,228.120200,228.120200,228.120200
2017-10-10,227.644900,227.656000,226.635700,227.654200
2017-10-09,27.378100,27.378100,27.378100,27.378100
2017-10-06,226.635700,226.635700,226.635700,226.635700
2017-10-05,226.224200,226.224200,226.224200,226.224200
2017-10-04,226.238300,226.238300,226.238300,226.238300
2017-10-03,226.084400,226.084400,226.084400,226.084400
2017-10-02,224.270900,224.270900,224.270900,224.270900
2017-09-29,224.153900,224.153900,224.153900,224.153900
2017-09-28,224.250500,224.250500,224.250500,224.250500
2017-09-27,222.961800,222.961800,222.961800,222.961800
2017-09-26,223.856200,223.856200,223.856200,223.856200
2017-09-25,224.217900,224.217900,224.217900,224.217900
2017-09-22,223.061700,223.061700,223.061700,223.061700
2017-09-21,223.616700,223.616700,223.616700,223.616700
2017-09-20,223.097200,223.097200,223.097200,223.097200
2017-09-19,223.533000,223.533000,223.533000,223.533000
2017-09-18,26.750600,26.750600,26.750600,26.750600
2017-09-15,219.761000,219.761000,219.761000,219.761000
2017-09-14,218.817700,218.817700,218.817700,218.817700
2017-09-13,219.485600,219.485600,219.485600,219.485600
2017-09-12,217.937700,217.937700,217.937700,217.937700
2017-09-11,215.725000,215.725000,215.725000,215.725000
2017-09-08,213.017600,213.017600,213.017600,213.017600
2017-09-07,214.044400,214.044400,214.044400,214.044400
2017-09-06,213.474800,213.474800,213.474800,213.474800
2017-09-05,213.470500,213.470500,213.470500,213.470500
2017-09-01,216.742800,216.742800,216.742800,216.742800
2017-08-31,216.348000,216.348000,216.348000,216.348000
2017-08-30,214.983100,214.983100,214.983100,214.983100
2017-08-29,213.443800,213.443800,213.443800,213.443800
2017-08-28,213.944400,213.944400,213.944400,213.944400
2017-08-25,213.624900,213.624900,213.624900,213.624900
2017-08-24,212.684100,212.684100,212.684100,212.684100
2017-08-23,213.813700,213.813700,213.813700,213.813700
2017-08-22,213.319600,213.319600,213.319600,213.319600
2017-08-21,213.444000,213.444000,213.444000,213.444000
2017-08-18,213.998400,213.998400,213.998400,213.998400
2017-08-17,216.419500,216.419500,216.419500,216.419500
2017-08-16,216.957900,216.957900,216.957900,216.957900
2017-08-15,217.035600,217.035600,217.035600,217.035600
2017-08-14,214.859400,214.859400,214.859400,214.859400
2017-08-11,217.229500,217.229500,217.229500,217.229500
2017-08-10,217.229400,217.229400,217.229400,217.229400
2017-08-09,216.803600,216.803600,216.803600,216.803600
2017-08-08,219.435800,219.435800,219.435800,219.435800
2017-08-07,219.782800,219.782800,219.782800,219.782800
2017-08-04,218.490200,218.490200,218.490200,218.490200
2017-08-03,219.164500,219.164500,219.164500,219.164500
2017-08-02,219.266200,219.266200,219.266200,219.266200
2017-08-01,218.616500,218.616500,218.616500,218.616500
2017-07-31,217.633200,217.633200,217.633200,217.633200
2017-07-28,217.818700,217.818700,217.818700,217.818700
2017-07-27,218.786000,219.119800,218.786000,219.119800
2017-07-26,218.786000,218.786000,218.786000,218.786000
2017-07-25,218.194000,218.194000,218.194000,218.194000
2017-07-24,26.658300,26.658300,26.658300,26.658300
2017-07-21,220.117100,220.117100,220.117100,220.117100
2017-07-20,220.997800,220.997800,220.997800,220.997800
2017-07-19,219.371300,219.371300,219.371300,219.371300
2017-07-18,219.171000,219.171000,219.171000,219.171000
2017-07-17,26.435800,26.435800,26.435800,26.435800
2017-07-14,220.106700,220.106700,220.106700,220.106700
2017-07-13,219.093500,219.093500,219.093500,219.093500
2017-07-12,218.894200,218.894200,218.894200,218.894200
2017-07-11,219.862900,219.862900,219.862900,219.862900
2017-07-10,218.415300,218.415300,218.415300,218.415300
2017-07-07,216.705200,216.705200,216.705200,216.705200
2017-07-06,217.536500,217.536500,217.536500,217.536500
2017-07-05,218.236900,218.248700,218.236800,218.248700
2017-07-03,217.837600,217.837600,217.837600,217.837600
2017-06-30,217.574400,217.574400,217.574400,217.574400
2017-06-29,219.473400,219.473400,219.473400,219.473400
2017-06-28,218.465700,218.465700,218.465700,218.465700
2017-06-27,219.281100,219.281100,219.281100,219.281100
2017-06-26,26.355300,26.355300,26.355300,26.355300
2017-06-23,218.390600,218.390600,218.390600,218.390600
2017-06-22,218.402000,218.402000,218.402000,218.402000
2017-06-21,218.767600,218.767600,218.767600,218.767600
2017-06-20,219.586900,219.586900,219.586900,219.586900
2017-06-16,216.646200,216.646200,216.646200,216.646200
2017-06-15,215.683900,217.516900,215.682500,215.693400
2017-06-14,216.653600,217.653500,216.466100,216.528300
2017-06-13,216.561300,217.161200,216.055200,216.654200
2017-06-12,216.695500,217.071500,215.764200,216.570600
2017-06-11,216.695500,216.828900,215.860800,216.549400
2017-06-09,216.334700,217.710300,215.885600,216.704800
2017-06-08,216.334700,217.710300,216.259800,216.337600
2017-06-07,216.841300,217.607600,216.246700,217.265800
2017-06-06,218.561100,218.563400,216.564200,216.851600
2017-06-05,218.636100,218.994200,217.434800,218.564800
2017-06-04,218.636100,218.641000,217.434800,218.009700
2017-06-02,215.262600,218.995700,215.261100,218.630800
2017-06-01,215.262600,215.403800,215.261100,215.272600
2017-05-31,212.781000,212.787600,211.824300,212.341900
2017-05-30,212.868600,212.897400,211.495300,212.788700
2017-05-29,212.868600,212.870400,212.318800,212.563400
2017-05-26,214.400300,214.401900,213.030000,213.040600
2017-05-25,214.400300,214.401900,213.030000,214.402600
2017-05-24,212.385400,214.285200,212.378600,213.901100
2017-05-23,212.967000,213.201300,212.103100,212.389100
2017-05-22,211.900900,213.183100,211.896100,212.968100
2017-05-21,211.900900,213.183100,211.896100,213.144800
2017-05-19,211.219300,212.214900,210.595500,211.907600
2017-05-18,211.219300,212.214900,210.595500,211.228400
2017-05-17,214.828700,214.837400,213.356800,213.848700
2017-05-16,214.285600,215.649100,214.197400,214.837500
2017-05-15,214.325600,214.327700,213.023200,214.296800
2017-05-14,214.325600,214.327700,213.023200,213.793200
2017-05-12,215.478300,215.624200,213.585900,214.328300
2017-05-11,215.478300,215.823700,213.585900,215.490100
2017-05-10,214.298100,215.256300,214.292300,214.904000
2017-05-09,215.066800,215.240700,214.219600,214.297200
2017-05-08,210.266300,215.348200,210.262800,215.071300
2017-05-07,210.266300,213.298600,210.262800,213.298600
2017-05-05,210.268000,210.274500,210.262800,210.274500
2017-05-04,210.268000,210.274500,210.262800,210.274500
2017-05-03,210.263300,210.274500,210.262800,210.274500
2017-05-02,208.725000,210.576100,208.724900,210.274500
2017-05-01,207.073400,208.750600,206.680400,208.735600
2017-04-30,207.073400,207.587900,206.680400,207.422700
2017-04-28,207.757100,208.163000,206.710800,207.081900
2017-04-27,207.757100,208.057900,206.710800,207.768200
2017-04-26,205.166700,207.628200,205.164700,207.626100
2017-04-25,202.669000,205.478800,202.668400,205.174800
2017-04-24,200.605100,203.439700,200.601300,202.679500
2017-04-23,200.605100,203.439700,200.601300,202.962400
2017-04-21,198.329600,200.868700,198.327800,200.603800
2017-04-20,198.329600,200.868700,198.243300,198.327000
2017-04-19,198.450900,198.887800,197.410700,198.414200
2017-04-18,197.781600,199.841600,197.774400,198.457100
2017-04-17,197.195200,197.816800,196.082400,197.784200
2017-04-16,197.195200,197.255800,196.082400,197.033400
2017-04-13,199.812000,199.813100,197.034900,198.583300
2017-04-12,201.903800,201.909000,198.792500,199.808200
2017-04-11,202.564100,202.573300,200.951100,201.910200
2017-04-10,201.078100,203.081700,201.077400,202.574200
2017-04-09,201.078100,202.958600,201.077400,202.826900
2017-04-07,199.859800,202.268200,199.343500,201.088500
2017-04-06,199.859800,202.268200,199.336100,199.870100
2017-04-05,203.024600,204.301800,202.201200,203.194300
2017-04-04,204.593900,204.603200,201.761700,203.025600
2017-04-03,203.739000,205.493400,203.738000,204.603700
2017-04-02,203.739000,204.815700,203.738000,204.270500
2017-03-31,205.654800,207.253000,203.737500,203.749000
2017-03-30,205.654800,207.253000,205.518200,205.660300
2017-03-29,207.497000,207.827900,206.910800,207.430100
2017-03-28,204.802600,207.528100,204.797000,207.481200
2017-03-27,207.502900,207.506200,204.208000,204.808500
2017-03-26,207.502900,207.506200,205.321800,205.549700
2017-03-24,205.629200,207.937700,205.433200,207.507300
2017-03-23,205.629200,205.806000,205.433200,205.640700
2017-03-22,209.786800,209.786800,205.203400,205.277400
2017-03-21,210.316800,210.324200,208.573200,209.787300
2017-03-20,210.320700,210.325600,210.313900,210.325600
2017-03-19,210.320700,210.324900,210.314200,210.323800
2017-03-17,211.400400,211.400400,209.990100,210.325600
2017-03-16,211.400400,211.400400,209.990100,211.402600
2017-03-15,211.575100,211.575300,210.364400,211.102900
2017-03-14,211.632100,211.779000,211.386000,211.575900
2017-03-13,211.128400,211.739300,210.433100,211.634200
2017-03-12,211.128400,211.167800,210.433100,211.018400
2017-03-10,210.312300,211.290200,210.238400,211.133400
2017-03-09,210.312300,211.290200,210.238400,208.364800
2017-03-08,207.979100,208.026800,207.081800,207.700900
2017-03-07,208.841200,208.925900,208.416400,208.686300
2017-03-06,208.463500,209.001700,208.214600,208.707000
2017-03-05,208.463500,208.579200,208.214600,208.567900
2017-03-03,210.145400,210.166100,208.364800,209.172100
2017-03-02,210.145400,210.166100,208.364800,210.381300
2017-03-01,207.954800,208.704900,206.267100,208.537900
2017-02-28,207.462000,207.665000,205.884100,205.896200
2017-02-27,205.892900,206.564400,204.597400,205.825400
2017-02-26,205.892900,206.009300,204.597400,204.930300
2017-02-24,208.223600,209.016000,207.233600,207.785800
2017-02-23,208.223600,208.826600,207.233600,208.764800
2017-02-22,209.030400,209.229000,208.360100,208.838300
2017-02-21,207.732600,208.727400,207.703000,208.631900
2017-02-20,207.732600,208.199100,207.703000,208.148800
2017-02-17,206.413100,207.185100,206.355200,206.916600
2017-02-16,206.413100,207.185100,206.355200,207.660600
2017-02-15,208.180400,208.740800,207.936000,208.024000
2017-02-14,208.067500,208.221000,205.782300,205.819800
2017-02-13,207.815100,208.403100,207.418700,208.053100
2017-02-12,207.815100,207.942800,207.418700,207.760400
2017-02-10,205.845300,207.015900,205.808300,206.895000
2017-02-09,205.845300,207.015900,201.988900,202.312700
2017-02-08,203.316200,203.557900,202.215400,203.544100
2017-02-07,201.713200,203.450200,201.705700,202.778600
2017-02-06,203.454000,203.532300,202.524300,203.263300
2017-02-05,203.454000,203.467700,202.819800,203.137800
2017-02-03,204.301500,204.541100,202.463900,203.157800
2017-02-02,204.301500,204.541100,202.502100,202.976300
2017-02-01,203.976200,205.498800,203.666800,205.414700
2017-01-31,205.683500,206.153300,204.449800,204.534700
2017-01-30,207.424100,207.839400,206.816500,207.839400
2017-01-29,207.424100,207.440400,206.876100,206.938800
2017-01-27,208.602500,209.008200,207.909200,208.514200
2017-01-26,208.602500,208.048400,207.909200,207.998600
2017-01-25,204.950000,205.017300,203.795400,204.413800
2017-01-24,202.430600,203.260900,201.781300,201.919600
2017-01-23,203.047400,204.481700,203.041000,203.092500
2017-01-22,203.047400,203.802000,203.041000,203.520700
2017-01-20,205.193000,206.119400,204.581300,205.619600
2017-01-19,205.193000,206.119400,204.581300,204.821800
2017-01-18,201.056500,203.517500,200.525900,203.073700
2017-01-17,202.918200,204.625700,202.346600,202.358500
2017-01-16,202.918200,204.625700,202.918200,204.526300
2017-01-13,206.077000,207.324600,206.045100,207.203700
2017-01-12,206.077000,207.324600,206.045100,205.679800
2017-01-11,207.770900,208.328600,207.720500,207.940900
2017-01-10,208.050700,209.185800,206.645700,207.035000
2017-01-09,208.468400,208.472900,208.460700,208.472900
2017-01-08,208.468400,208.472100,208.460800,208.462300
2017-01-06,207.667600,208.651800,207.600500,208.472900
2017-01-05,207.667600,208.651800,207.705600,208.289900
2017-01-04,206.948600,208.874400,206.854400,208.856500
2017-01-03,203.837500,203.845100,203.833300,203.841500
2017-01-02,203.837500,203.844600,203.833400,203.833800
2016-12-30,202.681600,204.350400,202.446500,203.845700
2016-12-29,202.681600,204.350400,202.446500,203.876800
2016-12-28,206.174900,206.905500,206.174900,206.507300
2016-12-27,206.556500,207.472500,206.104700,206.367700
2016-12-26,206.556500,207.002600,206.538900,206.979000
2016-12-23,206.976200,206.981300,206.969200,206.981300
2016-12-22,206.976200,206.981300,206.969200,206.981300
2016-12-21,208.615100,208.674100,206.471100,207.060900
2016-12-20,206.959200,208.081800,206.703200,207.895300
2016-12-19,206.661300,207.166200,206.098100,207.091600
2016-12-18,206.661300,206.787700,206.285800,206.350200
2016-12-16,206.956100,207.454700,206.842900,207.231300
2016-12-15,206.956100,206.582600,206.842900,205.634500
2016-12-14,205.508600,205.608600,204.882700,205.295200
2016-12-13,204.030500,205.509300,203.989800,205.509300
2016-12-12,205.473600,205.631000,203.205300,204.495900
2016-12-09,201.270600,203.311500,200.999800,202.984100
2016-12-08,201.270600,201.055700,200.999800,201.055700
2016-12-07,198.016400,198.354400,197.158900,198.323900
2016-12-06,197.575100,197.716900,196.430600,196.970100
2016-12-05,196.155600,196.433600,195.327400,195.888800
2016-12-04,196.155600,196.433600,195.952100,196.203800
2016-12-02,197.292300,197.468400,196.200400,197.183100
2016-12-01,197.292300,197.468400,197.724300,198.270700
2016-11-30,196.477600,196.682500,196.037000,196.474900
2016-11-29,195.897000,196.353900,195.727700,196.197500
2016-11-28,195.246400,196.526300,194.885600,196.337100
2016-11-27,195.246400,195.451800,194.920100,194.980800
2016-11-25,196.702700,197.185400,195.178600,196.215300
2016-11-24,196.702700,197.185400,196.600400,196.912600
2016-11-23,196.702700,194.099600,194.087900,194.099600
2016-11-22,193.637000,194.253000,193.219700,194.099600
2016-11-21,192.824400,193.657500,192.704100,193.423300
2016-11-20,192.824400,193.047500,192.757200,192.787200
2016-11-18,192.119000,192.297000,191.719000,191.744500
2016-11-17,192.119000,192.297000,191.719000,190.741600
2016-11-16,190.189700,190.798400,189.751600,190.659200
2016-11-15,188.142200,188.794500,187.865900,188.615000
2016-11-14,187.695100,188.642000,187.595700,188.405100
2016-11-13,187.695100,188.454800,187.595700,188.312000
2016-11-11,187.522700,187.647000,184.917900,185.406700
2016-11-10,187.522700,185.818900,184.917900,185.331900
2016-11-09,183.907700,186.524200,173.050400,174.717000
2016-11-08,183.994700,184.188700,183.327500,183.896700
2016-11-07,183.254400,184.211500,182.882400,184.097800
2016-11-06,183.254400,183.457500,182.882400,183.457500
2016-11-04,184.152300,184.152300,180.324600,181.627600
2016-11-03,184.152300,184.153500,180.324600,184.153500
2016-11-02,187.337800,187.341100,183.458900,184.145400
2016-11-01,186.949100,187.571300,186.106100,187.341900
2016-10-31,186.745100,187.000800,185.853800,186.953000
2016-10-30,186.745100,186.746900,185.946300,186.597400
2016-10-28,185.785200,186.946600,185.779800,186.747900
2016-10-27,185.785200,186.946600,185.226800,185.789500
2016-10-26,185.565500,186.055600,184.834100,186.055600
2016-10-25,184.319000,185.820000,184.318200,185.573000
2016-10-24,183.712300,184.448800,183.411500,184.328600
2016-10-23,183.712300,183.991800,183.544000,183.817200
2016-10-21,184.128300,184.756300,183.343400,183.717200
2016-10-20,184.128300,184.132600,183.343400,184.132600
2016-10-19,181.783900,182.347800,181.482800,182.103000
2016-10-18,181.071500,181.831400,180.495200,181.082100
2016-10-17,180.283700,181.448700,180.056900,181.082100
2016-10-16,180.283700,181.438100,180.282000,181.438100
2016-10-14,180.178700,180.780300,179.226200,180.291900
2016-10-13,180.178700,180.780300,179.226200,180.185700
2016-10-12,182.390900,182.398100,180.434700,180.441700
2016-10-11,181.350800,183.039900,181.345000,182.398800
2016-10-10,181.353400,181.355500,181.344700,181.355500
2016-10-09,181.353400,181.354900,181.344700,181.345800
2016-10-07,181.575600,181.673500,180.819600,181.355500
2016-10-06,181.575600,181.673500,180.819600,181.586300
2016-10-05,179.972600,181.018800,179.748200,180.721000
2016-10-04,178.679300,180.000600,178.676500,179.970400
2016-10-03,177.298200,179.568100,177.291400,178.686000
2016-10-02,177.298200,179.008800,177.291400,178.735900
2016-09-30,179.860500,179.864200,176.453700,177.301300
2016-09-29,177.794100,180.524100,177.790500,179.859000
2016-09-28,166.586800,178.437700,166.578800,177.800300
2016-09-27,178.464400,180.315900,175.574200,180.315900
2016-09-26,180.751100,180.754500,178.183000,178.468600
2016-09-25,180.751100,180.754500,179.584100,179.817400
2016-09-23,181.398500,181.403200,180.207700,180.755100
2016-09-22,181.398500,181.404500,181.394000,181.404500
2016-09-21,177.505500,181.527900,176.510500,181.404500
2016-09-20,177.102400,178.364400,175.857400,177.506700
2016-09-19,177.098500,177.102900,177.092800,177.098400
2016-09-18,177.098500,177.102500,177.093000,177.100100
2016-09-16,175.811900,177.275100,175.808700,177.103400
2016-09-15,175.811900,177.275100,175.808700,175.818800
2016-09-14,178.819900,178.820700,177.569200,177.819600
2016-09-13,178.439700,179.516100,178.078500,178.821600
2016-09-12,181.340500,181.349000,177.608000,178.443100
2016-09-11,181.340500,181.349000,178.796400,179.257000
2016-09-09,181.384700,182.204800,180.787600,181.350400
2016-09-08,181.384700,182.204800,180.189100,181.387500
2016-09-07,182.673000,182.675200,180.739600,181.930500
2016-09-06,181.713300,182.807900,181.679100,182.676100
2016-09-05,181.713300,182.085900,181.679100,181.819000
2016-09-02,180.566000,181.162800,180.190300,181.024100
2016-09-01,180.566000,181.162800,180.190300,180.569600
2016-08-31,177.681000,179.997500,177.675400,179.717100
2016-08-30,177.639400,178.011000,177.074000,177.684000
2016-08-29,173.837000,177.982800,173.828400,177.644900
2016-08-28,173.837000,177.691600,173.828400,177.387800
2016-08-26,175.750000,175.750000,173.691100,173.837900
2016-08-25,175.750000,175.750000,173.691100,175.752800
2016-08-24,174.764000,176.469100,174.760800,176.278600
2016-08-23,175.714100,176.396500,174.205300,174.769500
2016-08-22,174.759900,175.884700,174.759900,175.716000
2016-08-21,174.759900,175.784400,174.759900,175.339300
2016-08-19,174.209600,175.355400,173.754200,174.769900
2016-08-18,174.209600,175.355400,174.208900,174.219500
2016-08-17,175.167800,176.982300,174.998000,176.702800
2016-08-16,177.857000,178.107500,175.160400,175.171000
2016-08-15,178.650900,178.657900,177.552600,177.860300
2016-08-14,178.650900,178.657900,177.788900,178.225800
2016-08-12,176.920900,178.886500,176.915200,178.658700
2016-08-11,176.920900,176.925300,176.915200,176.925300
2016-08-10,177.122200,177.612500,176.005400,176.925300
2016-08-09,175.668200,177.246400,175.531200,177.129400
2016-08-08,171.933400,175.671100,171.933400,175.671100
2016-08-07,171.933400,174.741800,171.933400,174.697400
2016-08-05,172.476700,173.269500,171.678600,171.943600
2016-08-04,172.476700,172.655300,171.678600,172.477800
2016-08-03,175.807000,175.807000,170.840600,171.027500
2016-08-02,178.305400,178.314500,175.797300,175.803000
2016-08-01,178.695500,178.839500,175.607100,178.308500
2016-07-31,178.695500,178.702700,175.607100,176.314800
2016-07-29,177.658900,178.920900,174.523800,178.704300
2016-07-28,177.658900,178.920900,174.523800,177.669000
2016-07-27,176.630700,180.882100,176.628200,179.514100
2016-07-26,179.611600,179.612900,176.173600,176.876600
2016-07-25,179.829300,181.441100,179.508100,179.615200
2016-07-24,179.829300,180.518000,179.823100,180.387900
2016-07-22,181.497800,181.507000,179.106500,179.833100
2016-07-21,181.497800,181.507000,179.106500,181.508100
2016-07-20,180.363600,180.474100,178.662000,180.428400
2016-07-19,177.925200,180.386600,177.923500,180.366500
2016-07-18,177.934000,177.934700,177.923600,177.934700
2016-07-17,177.934000,177.934100,177.923600,177.932000
2016-07-15,178.304800,179.192600,177.387500,177.934700
2016-07-14,178.304800,178.472100,177.387500,178.314800
2016-07-13,174.869000,178.684000,174.862800,176.318000
2016-07-12,171.343900,176.651800,171.335900,174.873700
2016-07-11,165.062900,172.454500,165.053600,171.346300
2016-07-10,165.062900,169.927100,165.053600,169.621100
2016-07-08,167.132300,168.356800,165.044600,165.064200
2016-07-07,167.132300,168.356800,166.723600,167.142300
2016-07-06,171.009500,171.016200,165.953500,168.263300
2016-07-05,171.537200,171.539900,170.170200,170.615500
2016-07-04,171.537200,171.539900,170.303300,170.557900
2016-07-01,169.339600,171.370900,169.337300,170.615500
2016-06-30,169.339600,171.370900,169.337300,169.347600
2016-06-29,166.570600,169.792300,166.566900,169.324800
2016-06-28,166.722700,169.561900,164.654300,168.233600
2016-06-27,163.057200,166.871600,163.052700,166.729900
2016-06-26,163.057200,165.760000,163.052700,164.887700
2016-06-24,176.538400,178.014500,161.867800,163.063400
2016-06-23,176.538400,176.817600,161.867800,176.544300
2016-06-22,176.114300,176.116200,174.045300,175.058400
2016-06-21,173.874000,176.481200,171.864100,176.117600
2016-06-20,170.001500,174.486100,169.993200,173.875500
2016-06-19,170.001500,174.073800,169.993200,174.004900
2016-06-17,168.428900,171.893800,168.421900,170.003700
2016-06-16,168.428900,171.893800,167.984100,168.432400
2016-06-15,172.958500,174.508300,171.738000,173.621800
2016-06-14,174.567600,175.266800,171.896400,172.961400
2016-06-13,180.815800,180.821800,174.560000,174.571100
2016-06-12,180.815800,180.821800,176.842300,177.074300
2016-06-10,181.705100,181.713400,179.638500,180.822700
2016-06-09,181.705100,181.713400,180.802000,181.714000
2016-06-08,181.996600,183.469700,181.022500,183.469700
2016-06-07,180.990700,182.329900,180.537700,182.005200
2016-06-06,178.901600,181.001700,178.724700,180.997100
2016-06-05,178.901600,178.901600,178.895500,178.895500
2016-06-03,181.356100,182.233000,180.676900,181.618200
2016-06-02,181.356100,182.233000,181.022500,181.367000
2016-06-01,188.510900,188.518600,185.092500,185.612500
2016-05-31,186.902800,188.744600,186.044600,188.519800
2016-05-30,186.902800,186.908600,186.044600,186.440400
2016-05-27,183.595900,185.124100,183.588700,184.495500
2016-05-26,183.595900,185.124100,183.242200,183.599900
2016-05-25,181.155400,183.890400,181.155100,183.515100
2016-05-24,182.858900,182.860200,180.841100,181.165700
2016-05-23,183.633700,183.638100,180.387900,182.861400
2016-05-22,183.633700,183.638100,181.617700,181.678000
2016-05-20,182.541400,183.865000,181.579500,183.638700
2016-05-19,182.541400,183.865000,181.964900,182.552500
2016-05-18,182.635100,184.354900,181.301300,182.688300
2016-05-17,180.426200,182.654800,180.415600,182.645100
2016-05-16,179.936200,182.080900,179.693600,180.427100
2016-05-15,179.936200,181.382300,179.693600,180.957400
2016-05-13,182.297000,183.564100,179.815500,179.940900
2016-05-12,182.297000,182.361400,179.815500,182.300400
2016-05-11,181.188000,183.712800,180.876500,181.307700
2016-05-10,177.311800,181.505500,177.309000,181.196300
2016-05-09,176.213100,178.235600,176.211800,177.319900
2016-05-08,176.213100,178.235600,176.211800,177.956300
2016-05-06,176.515200,177.739600,174.965600,176.222300
2016-05-05,176.515200,176.522600,176.512000,176.517400
2016-05-04,176.517600,176.523200,176.512000,176.523200
2016-05-03,176.522400,176.523200,176.512100,176.523200
2016-05-02,182.495200,182.499900,175.093900,176.523200
2016-05-01,182.495200,182.499900,175.201600,176.324900
2016-04-29,182.496700,182.500000,182.489300,182.494500
2016-04-28,182.496700,182.500000,182.312800,182.500600
2016-04-27,188.968300,189.604500,187.785600,188.404200
2016-04-26,189.841600,189.843300,187.279900,188.974500
2016-04-25,190.954600,191.402500,189.414000,189.844100
2016-04-22,189.321400,190.965000,187.434400,190.965000
2016-04-21,189.321400,189.424300,187.434400,189.326700
2016-04-20,184.094600,186.589000,184.087100,184.648700
2016-04-19,178.026600,184.401500,178.018400,184.097800
2016-04-18,177.923800,184.450000,177.796200,184.450000
2016-04-15,184.450000,184.450000,183.800500,183.800500
2016-04-14,184.450000,184.447900,183.800500,178.722100
2016-04-13,174.445600,178.964200,174.445100,178.722100
2016-04-12,172.611600,174.874700,172.183500,172.610000
2016-04-11,173.620100,173.623300,170.219800,173.620000
2016-04-10,173.620100,173.623300,170.897700,171.544300
2016-04-08,171.232500,175.810100,169.013900,171.240000
2016-04-07,171.232500,175.810100,169.013900,170.510000
2016-04-06,170.522600,171.668800,169.188200,170.526600
2016-04-05,174.787400,174.797300,170.187700,170.526600
2016-04-04,174.782500,176.134100,173.543300,174.798200
2016-04-03,174.782500,175.564200,173.543300,175.030100
2016-04-01,181.334000,181.340000,174.390000,174.786200
2016-03-31,181.334000,181.340000,181.325000,181.341300
2016-03-30,185.336300,185.338400,182.670200,182.698800
2016-03-29,186.028300,186.035800,184.143600,185.339300
2016-03-28,184.045100,186.029500,183.900800,186.029500
2016-03-27,184.045100,185.835500,184.038500,185.400400
2016-03-24,183.687100,184.169200,182.104900,182.769600
2016-03-23,184.352000,185.453100,183.370500,183.691300
2016-03-22,180.999700,185.179100,180.989400,181.001200
2016-03-21,180.961400,181.001200,180.953600,181.001200
2016-03-20,180.961400,180.964300,180.954200,180.955100
2016-03-18,183.018300,183.023000,179.866500,181.001200
2016-03-17,183.018300,183.023000,181.726900,183.420000
2016-03-16,184.749400,184.950000,183.150600,184.760000
2016-03-15,186.054800,186.433900,183.882300,186.070000
2016-03-14,183.440200,186.778600,183.438400,183.450000
2016-03-13,183.440200,185.972400,183.438400,185.274300
2016-03-11,180.206000,184.195900,180.162800,182.580000
2016-03-10,180.206000,182.983500,180.150000,180.150000
2016-03-09,178.754500,181.440000,178.466000,181.440000
2016-03-08,181.278000,183.670000,179.183500,183.670000
2016-03-07,183.990800,185.269500,183.487500,185.269500
2016-03-06,183.990800,184.270500,183.587600,184.270500
2016-03-04,184.210500,185.475500,183.758000,185.269500
2016-03-03,184.210500,184.425100,183.758000,184.425100
2016-03-02,180.543300,183.322000,180.370400,182.477900
2016-03-01,174.390900,176.084100,173.085900,175.771400
2016-02-29,179.719600,179.719600,174.944000,174.955900
2016-02-28,179.719600,179.719600,178.095500,178.111200
2016-02-26,179.610700,179.744300,177.235800,177.247800
2016-02-25,179.610700,179.744300,177.235800,176.827600
2016-02-24,172.951100,174.669300,172.397900,173.715600
2016-02-23,177.016400,177.016400,174.411100,174.759100
2016-02-22,173.789300,176.323200,173.762600,174.138600
2016-02-21,173.789300,176.323200,173.762600,175.985400
2016-02-19,174.254700,174.833500,172.410400,174.138600
2016-02-18,174.254700,178.106400,172.410400,176.548700
2016-02-17,176.285600,176.667000,170.361500,172.710700
2016-02-16,175.204200,178.362300,173.936000,175.114400
2016-02-15,175.204200,175.227200,173.936000,175.211900
2016-02-12,164.666700,165.619800,162.563200,162.922800
2016-02-11,171.855800,171.866600,171.854800,171.866600
2016-02-10,170.286000,172.045000,170.123400,171.866600
2016-02-09,176.503500,177.815400,176.472700,176.738700
2016-02-08,187.923700,187.923700,186.603500,186.834900
2016-02-05,183.810900,185.739100,183.561700,185.348600
2016-02-04,188.255100,188.346300,187.829600,187.928500
2016-02-03,189.342900,190.020100,189.251600,189.867800
2016-02-02,195.372800,195.944100,195.292700,195.910600
2016-02-01,197.383900,197.642900,197.096400,197.356000
2016-01-29,190.727100,193.193000,190.695400,192.558400
2016-01-28,186.877200,187.217400,185.704300,185.716800
2016-01-27,187.186400,187.186400,186.574800,186.738700
2016-01-26,181.596800,181.842600,181.088000,181.616600
2016-01-25,186.053900,186.053900,185.169800,185.873800
2016-01-22,182.657000,184.137000,182.562600,183.836500
2016-01-21,176.936900,177.201200,174.120300,174.132500
2016-01-20,179.405300,179.405300,178.469500,178.692700
2016-01-19,184.781100,185.516300,184.757500,185.516300
2016-01-15,186.154800,186.715400,185.816800,186.715400
2016-01-14,186.665500,187.647900,186.473300,187.347300
2016-01-13,191.627800,192.277700,191.457900,192.277700
2016-01-12,186.686700,187.382600,186.655600,186.820300
2016-01-11,192.523300,192.531700,192.519300,192.530200
2016-01-08,192.896300,192.931700,192.293700,192.531700
2016-01-07,193.633800,193.736400,193.231200,193.249500
2016-01-06,196.951700,197.522800,196.872200,197.333800
2016-01-05,198.799900,199.200900,198.711600,199.105800
2016-01-04,200.135000,200.151200,199.394400,199.926900
2015-12-31,205.736000,205.743500,205.730900,205.743500
2015-12-30,205.866500,206.009700,205.725900,205.743500
2015-12-29,205.190200,205.305500,205.023700,205.257000
2015-12-28,203.655700,203.752100,203.388200,203.543500
2015-12-24,202.725200,202.824200,202.395000,202.467100
2015-12-23,203.802400,203.813500,203.801800,203.804700
2015-12-22,204.457500,204.457500,203.801500,203.814200
2015-12-21,203.720200,204.488200,203.486900,203.862600
2015-12-18,205.737200,205.848000,204.432700,204.445500
2015-12-17,209.025400,209.081800,208.183700,208.490800
2015-12-16,204.791100,205.040500,204.594500,205.040500
2015-12-15,200.209700,200.409300,199.756900,199.769700
2015-12-14,202.422400,203.522700,202.410200,203.292100
2015-12-11,206.359300,206.471900,206.129300,206.411600
2015-12-10,205.015700,205.015700,204.642500,204.819000
2015-12-09,207.050800,207.446600,206.984900,207.163200
2015-12-08,209.317100,209.371100,208.998300,209.182500
2015-12-07,211.837900,212.003100,211.273500,211.437100
2015-12-04,208.969000,209.439100,208.714400,209.439100
2015-12-03,213.986900,214.001600,213.705400,213.719400
2015-12-02,213.862300,213.909400,213.444600,213.457500
2015-12-01,213.207600,214.012300,213.102100,214.012300
2015-11-30,211.123800,211.519100,210.905600,210.907100
2015-11-27,213.172100,213.356600,213.030200,213.356600
2015-11-25,213.624500,213.652700,213.332800,213.363400
2015-11-24,214.545900,214.870300,214.502000,214.504500
2015-11-23,213.944000,213.949100,213.936100,213.949100
2015-11-20,212.956800,213.949100,212.767500,213.949100
2015-11-19,213.914500,213.976100,213.494900,213.613500
2015-11-18,211.544700,211.544700,211.256300,211.310300
2015-11-17,211.718400,211.718400,210.960500,210.973100
2015-11-16,209.064800,209.064800,208.526500,208.700400
2015-11-13,210.434200,210.689400,210.380300,210.646600
2015-11-12,211.477600,211.689000,211.376900,211.454100
2015-11-11,211.794800,211.794800,211.487500,211.579000
2015-11-10,210.911900,210.914600,210.631200,210.874400
2015-11-09,210.998700,211.073400,210.540400,211.069300
2015-11-06,207.458100,207.458100,206.922300,207.142600
2015-11-05,206.258400,206.258400,205.243300,205.954100
2015-11-04,203.770200,204.036600,203.643200,203.655900
2015-11-03,201.604200,201.604500,201.592600,201.598800
2015-11-02,201.913700,201.913700,201.424000,201.605200
2015-10-30,206.714100,207.458500,206.128200,206.200900
2015-10-29,203.733100,205.003400,203.711400,204.459000
2015-10-28,203.585300,204.203700,203.537200,204.198700
2015-10-27,203.041200,203.735600,202.886700,203.100000
2015-10-26,205.335900,205.516300,204.872100,204.981200
2015-10-23,203.581100,204.095100,203.353200,203.581800
2015-10-22,199.649700,199.863000,198.940000,199.500400
2015-10-21,199.656700,201.020000,199.656700,200.540600
2015-10-20,196.572900,197.124300,196.551200,196.833100
2015-10-19,197.381000,197.430600,196.024700,196.252000
2015-10-16,197.687900,197.986500,197.094200,197.651800
2015-10-15,195.836500,196.112000,194.718800,195.592400
2015-10-14,193.298700,193.649900,192.742600,193.288800
2015-10-13,197.517200,197.941300,197.356900,197.594800
2015-10-12,198.532800,198.532800,198.521500,198.526000
2015-10-09,197.806500,198.534100,197.714300,198.534100
2015-10-08,193.490400,193.502400,192.790500,193.105400
2015-10-07,193.075400,195.391000,193.067400,194.918000
2015-10-06,193.639400,194.270100,192.383700,192.955400
2015-10-05,192.023900,192.051900,191.104300,191.411000
2015-10-02,188.249000,188.724000,187.607500,188.626200
2015-10-01,188.376900,189.196700,188.180100,188.192600
2015-09-30,184.556100,185.564200,184.092000,184.687800
2015-09-29,180.811800,180.883500,179.429800,179.872300
2015-09-28,188.208700,188.465000,187.147800,188.075500
2015-09-25,188.843900,190.808000,188.595200,190.808000
2015-09-24,188.530200,188.614200,187.112200,187.124800
2015-09-23,191.859300,191.864000,191.854200,191.862900
2015-09-22,191.853100,191.864100,191.852300,191.863900
2015-09-21,191.859400,191.864100,191.852300,191.854500
2015-09-18,192.970800,193.273300,191.852500,191.865000
2015-09-17,195.428800,196.356400,195.364400,195.940400
2015-09-16,193.425900,193.425900,193.425900,193.425900
2015-06-22,213.186100,214.130500,213.147200,214.044000
2015-06-19,211.890800,212.200900,211.656400,211.842900
2015-06-18,210.649700,210.866500,209.902000,209.914800
2015-06-17,212.058600,212.865400,211.632300,212.418400
2015-06-16,213.357100,213.433600,212.990100,213.016400
2015-06-15,213.567200,214.603600,213.567200,214.439400
2015-06-12,214.011800,214.344800,213.544900,214.344800
2015-06-11,213.556200,214.260900,213.522100,214.260900
2015-06-10,211.515700,212.105800,210.549100,210.786000
2015-06-09,213.499700,213.529300,211.578100,211.591300
2015-06-08,215.348100,215.500000,214.891800,215.379100
2015-06-05,214.764300,215.496500,214.637900,215.263400
2015-06-04,215.584400,215.838400,215.339900,215.838400
2015-06-03,215.546600,215.546600,214.848700,215.408700
2015-06-02,216.078400,216.271500,215.880200,216.026700
2015-06-01,215.643500,216.646400,215.462200,216.397800
2015-05-29,216.258100,216.736800,215.959400,215.972200
2015-05-28,216.585700,216.674900,215.454200,216.165900
2015-05-27,215.373400,215.683200,214.611900,215.150900
2015-05-26,214.763600,215.322000,214.763600,214.963300
2015-05-22,212.644000,213.185500,212.580500,213.080500
2015-05-21,213.595100,213.616000,212.295300,212.593300
2015-05-20,212.915700,213.211800,212.267200,212.317400
2015-05-19,211.131200,211.228700,210.673800,210.686400
2015-05-18,209.006500,209.515100,208.980300,209.515100
2015-05-15,206.501400,207.207700,206.501400,207.207700
2015-05-14,205.407200,205.836900,205.100100,205.529500
2015-05-13,206.863800,207.295600,206.575300,207.065500
2015-05-12,205.157700,206.108500,205.126700,206.099500
2015-05-11,205.710500,205.954100,205.590600,205.710700
2015-05-08,203.837300,204.385000,203.699600,203.792800
2015-05-07,202.494200,202.494200,201.767300,202.174500
2015-05-06,204.082900,204.088300,204.075800,204.088300
2015-05-05,204.080300,204.088300,204.075700,204.088300
2015-05-04,204.077900,204.088300,204.075900,204.088300
2015-05-01,202.765800,204.086400,202.687600,204.085500
2015-04-30,205.165300,205.174700,204.287400,204.473200
2015-04-29,209.229200,209.237300,209.224800,209.237300
2015-04-28,209.332700,209.535100,208.928900,209.237300
2015-04-27,208.802200,208.987900,208.320200,208.987900
2015-04-24,209.161400,209.502600,209.111300,209.259700
2015-04-23,210.515400,210.521900,209.415100,210.342500
2015-04-22,209.619700,210.003900,209.401400,209.913400
2015-04-21,207.469400,208.237700,207.423800,208.237700
2015-04-20,205.889000,206.024200,204.925700,205.174900
2015-04-17,205.940300,206.018200,205.242500,205.543900
2015-04-16,206.454200,207.427800,206.454200,207.427800
2015-04-15,206.977900,206.995200,206.257400,206.823500
2015-04-14,206.814400,207.073600,206.671200,207.073600
2015-04-13,206.736900,206.938100,206.489200,206.725700
2015-04-10,207.375300,207.731700,207.168800,207.318200
2015-04-09,207.969300,208.273000,207.793500,208.149800
2015-04-08,207.309000,207.309000,206.718200,206.970200
2015-04-07,205.028600,205.132400,204.234000,205.097100
2015-04-06,202.056700,202.590800,201.932600,202.476500
2015-04-02,202.162700,202.716000,200.613200,201.268300
2015-04-01,198.894500,199.918000,198.390800,198.403300
2015-03-31,201.865000,202.090900,200.162900,200.175300
2015-03-30,202.684200,202.863000,202.168400,202.436800
2015-03-27,202.343600,202.810200,199.630500,201.602800
2015-03-26,203.706400,203.924000,203.162500,203.517000
2015-03-25,205.796100,206.619100,205.731000,206.619100
2015-03-24,206.117000,206.305200,205.880600,206.076000
2015-03-23,205.977600,206.380700,205.891900,206.289000
2015-03-20,202.938700,204.133900,202.933900,204.020400
2015-03-19,204.562400,204.562400,203.658200,203.670900
2015-03-18,203.612200,204.703600,203.604700,204.599900
2015-03-17,203.642900,203.825000,203.290900,203.412800
2015-03-16,201.370100,201.795300,201.211800,201.490500
2015-03-13,201.887600,202.414000,201.753300,201.765500
2015-03-12,200.314400,200.654800,199.922300,200.550000
2015-03-11,198.595000,198.748400,197.561100,197.660100
2015-03-10,197.214600,197.571800,196.326500,197.290700
2015-03-09,198.391900,198.444600,197.983400,198.243200
2015-03-06,199.446400,199.729700,199.432600,199.729700
2015-03-05,196.905300,197.245000,196.849800,197.245000
2015-03-04,196.284700,196.577400,196.268300,196.401900
2015-03-03,197.768300,197.882500,197.499600,197.882500
2015-03-02,197.529200,197.533000,197.153300,197.370500
2015-02-27,197.310700,197.310700,196.987000,197.208500
2015-02-26,196.515600,196.951200,196.288600,196.925300
2015-02-25,194.929100,195.048700,194.648900,194.943600
2015-02-24,194.766500,195.129100,194.723300,195.129100
2015-02-23,193.689300,194.170400,193.661800,194.170400
2015-02-20,192.824400,193.038400,192.752500,192.902000
2015-02-19,192.044100,192.060300,191.809000,191.966400
2015-02-18,190.416500,190.857700,190.416500,190.786900
2015-02-17,188.522100,188.620600,188.201500,188.454000
2015-02-13,187.822600,187.992500,187.538000,187.710000
2015-02-12,188.074000,188.276100,187.797300,188.087800
2015-02-11,184.985300,184.986200,184.973800,184.986200
2015-02-10,184.251500,184.997200,184.251500,184.975900
2015-02-09,185.001900,185.448900,184.946500,185.448900
2015-02-06,184.297900,184.360800,184.020300,184.338500
2015-02-05,183.941800,183.949600,183.269500,183.461700
2015-02-04,184.541800,185.040200,184.518300,184.978500
2015-02-03,181.404800,181.958100,181.085200,181.805900
2015-02-02,184.036100,184.541800,183.988900,184.231200
2015-01-30,186.792200,186.792200,185.550700,185.605800
2015-01-29,184.671200,184.847800,184.094800,184.358200
2015-01-28,186.484000,186.586400,186.062600,186.085900
2015-01-27,185.321500,185.807500,185.262500,185.807500
2015-01-26,182.126500,182.338200,181.947000,182.338200
2015-01-23,182.168200,182.439300,182.006300,182.439300
2015-01-22,180.433000,180.994700,180.272500,180.994700
2015-01-21,180.133000,180.718200,180.125400,180.586900
2015-01-20,181.262700,181.633500,181.168700,181.633500
2015-01-16,178.636300,178.636800,176.361100,176.647100
2015-01-15,175.621700,178.801800,175.621700,178.544900
2015-01-14,175.879100,176.079700,175.409200,175.608100
2015-01-13,178.623200,178.624100,178.055100,178.067600
2015-01-12,178.609200,178.615300,178.602900,178.615300
2015-01-09,178.308600,178.590400,177.998500,178.590400
2015-01-08,179.310600,179.310600,178.447300,178.607200
2015-01-07,176.302900,176.302900,175.516400,175.783400
2015-01-06,176.036700,176.190700,175.698900,175.735400
2015-01-05,182.166100,182.166300,181.093600,181.312200
2015-01-02,181.861300,181.869300,181.856800,181.869300
2014-12-31,181.864500,181.869300,181.856700,181.869300
2014-12-30,182.843100,182.844400,181.905200,181.917800
2014-12-29,183.892800,184.926400,183.892800,184.504300
2014-12-26,185.376700,185.545700,185.315700,185.328200
2014-12-24,185.205600,185.322800,185.018400,185.322800
2014-12-23,183.322700,183.326300,183.313700,183.326300
2014-12-22,183.165900,183.265500,182.917700,183.265500
2014-12-19,182.269800,182.879600,182.258900,182.879600
2014-12-18,178.595600,178.903700,178.316800,178.680800
2014-12-17,174.871600,175.244300,174.753800,174.846400
2014-12-16,174.649700,174.721200,174.157200,174.294900
2014-12-15,178.494700,180.888900,177.816900,180.888900
2014-12-12,182.195100,182.225000,180.876500,180.888900
2014-12-11,179.899300,180.431900,179.885900,180.237300
2014-12-10,180.796400,181.633200,180.700300,181.450400
2014-12-09,185.528700,185.558200,185.249700,185.558200
2014-12-08,186.666800,187.004900,186.569600,187.001300
2014-12-05,186.194700,186.581100,186.194700,186.581100
2014-12-04,185.696800,185.784300,185.551000,185.760200
2014-12-03,184.227100,184.267000,183.835800,184.013600
2014-12-02,183.904200,184.106000,183.864200,183.876600
2014-12-01,182.912200,182.916400,182.883500,182.903800
2014-11-28,181.202800,181.325800,181.046200,181.289300
2014-11-26,181.038100,181.073400,180.674500,180.691800
2014-11-25,181.042500,181.097900,180.641000,180.842600
2014-11-24,180.173400,180.185400,180.173000,180.185400
2014-11-21,179.791800,180.392700,179.791800,180.191300
2014-11-20,180.078400,180.086000,179.422300,179.637000
2014-11-19,179.985100,179.989100,179.336400,179.441900
2014-11-18,179.082200,179.318800,178.880000,179.185700
2014-11-17,175.814000,175.909600,174.736300,175.351100
2014-11-14,179.486500,180.304500,179.486500,180.304500
2014-11-13,178.393900,179.146300,178.374700,179.086000
2014-11-12,178.305300,178.305300,176.923700,177.258000
2014-11-11,176.897200,176.904900,173.819500,173.819500
2014-11-10,173.622100,173.819500,173.591700,173.819500
2014-11-07,174.379300,174.510800,174.194800,174.510800
2014-11-06,173.614400,174.391300,173.595400,173.744600
2014-11-05,174.902500,175.766500,174.819000,175.459900
2014-11-04,175.222500,175.527200,174.608400,174.639400
2014-11-03,170.045500,170.056600,170.044700,170.056600
2014-10-31,165.141100,171.068800,165.141100,170.000400
2014-10-30,162.887300,163.315200,162.808600,162.820100
2014-10-29,161.946300,161.997000,161.740000,161.903000
2014-10-28,159.499300,159.924600,159.413600,159.748700
2014-10-27,160.034400,160.257100,159.731700,159.920800
2014-10-24,158.226900,158.696900,158.150900,158.415800
2014-10-23,157.222700,157.230000,156.404800,156.951600
2014-10-22,156.197000,157.388000,156.188200,157.388000
2014-10-21,153.827800,153.834700,152.585900,152.994200
2014-10-20,155.682400,156.026200,155.405500,155.825300
2014-10-17,150.984800,151.101700,149.904900,149.930500
2014-10-16,152.923400,152.998900,151.867800,152.351000
2014-10-15,155.265200,156.004400,155.265200,155.847400
2014-10-14,155.550600,155.585900,154.494700,154.660500
2014-10-13,158.271200,158.282500,158.271200,158.282500
2014-10-10,157.642400,158.332700,157.441100,158.297800
2014-10-09,161.239100,161.260700,160.307700,160.511600
2014-10-08,161.998200,162.607100,161.961500,162.178700
2014-10-07,164.683900,164.903300,163.739700,163.984800
2014-10-06,165.105500,165.557600,164.749200,164.760400
2014-10-03,161.670000,162.941800,161.670000,162.941800
2014-10-02,164.114600,164.227800,162.807400,162.992700
2014-10-01,168.310800,168.467700,167.586200,167.634900
2014-09-30,168.081500,168.602000,168.026800,168.547200
2014-09-29,169.593200,170.148600,169.571300,169.989900
2014-09-26,168.613800,169.065000,168.357600,168.860300
2014-09-25,170.164800,170.571700,170.136700,170.571700
2014-09-24,167.754600,168.275000,167.743700,168.275000
2014-09-23,168.744200,168.755200,168.743900,168.755200
2014-09-22,168.576300,168.790900,168.341800,168.790900
2014-09-19,169.704500,169.763700,169.159800,169.331800
2014-09-18,166.957400,167.031500,166.739600,166.750900
2014-09-17,165.042300,165.072800,164.773800,164.784700
2014-09-16,164.976600,164.977400,164.966200,164.977400
2014-09-15,165.618000,165.627100,165.616200,165.627100
2014-09-12,165.888300,165.889600,165.045300,165.577400
2014-09-11,165.523400,165.555500,165.334100,165.411600
2014-09-10,164.023600,164.606400,164.023600,164.531300
2014-09-09,164.324200,164.386100,164.033400,164.044500
2014-09-08,163.622700,163.937300,163.523100,163.919000
2014-09-05,163.349100,163.824200,163.238800,163.504800
2014-09-04,163.631500,163.746900,163.400600,163.506100
2014-09-03,164.819200,164.884800,163.986800,164.031300
2014-09-02,163.325600,163.576700,163.105300,163.155500
2014-08-29,160.433000,160.697400,160.420200,160.561200
2014-08-28,161.064100,161.157500,160.874900,161.157200
2014-08-27,161.548300,162.078600,161.361400,162.003900
2014-08-26,161.668400,161.761900,161.525600,161.556400
2014-08-25,162.517900,162.554300,162.335900,162.437900
2014-08-22,161.725500,161.860300,161.458300,161.627600
2014-08-21,161.832000,162.127800,161.728100,162.127800
2014-08-20,160.828700,160.968800,160.689500,160.722300
2014-08-19,160.832700,160.971500,160.776600,160.841400
2014-08-18,159.642600,159.693700,159.519300,159.577900
2014-08-15,159.567400,159.667800,159.423500,159.560100
2014-08-14,159.730100,159.863900,159.491700,159.628700
2014-08-13,158.651700,158.856300,158.201700,158.626700
2014-08-12,158.043000,158.296200,157.943400,158.240000
2014-08-11,157.451300,158.141200,157.387500,157.857000
2014-08-08,154.530100,155.232200,154.194500,154.237200
2014-08-07,157.183400,158.966300,157.183400,158.858100
2014-08-06,157.927000,158.065500,157.409000,157.767800
2014-08-05,160.350100,160.616700,159.202600,159.307000
2014-08-04,161.447900,161.584400,161.045700,161.056400
2014-08-01,161.970600,161.996600,161.396200,161.436600
2014-07-31,163.057200,163.299100,162.423800,162.434200
2014-07-30,162.673600,162.702000,162.402500,162.578100
2014-07-29,162.239900,162.377000,162.071100,162.220700
2014-07-28,160.315500,160.466000,160.200300,160.421800
2014-07-25,158.769000,159.677700,158.761200,159.676100
2014-07-24,157.456900,157.724900,157.062400,157.610400
2014-07-23,157.964000,157.992000,157.763500,157.859500
2014-07-22,158.105800,158.240800,157.711300,157.884700
2014-07-21,156.582500,156.592500,156.581900,156.592500
2014-07-18,156.370000,156.592500,156.263400,156.592500
2014-07-17,158.435200,158.445300,158.037100,158.285000
2014-07-16,158.490500,158.640800,158.284100,158.323600
2014-07-15,158.610100,158.755400,158.392900,158.521500
2014-07-14,157.553500,157.655000,157.408600,157.531600
2014-07-11,156.004000,156.477600,155.915200,156.302000
2014-07-10,157.430000,157.534500,156.846800,156.857100
2014-07-09,157.152900,157.687100,156.984100,157.687100
2014-07-08,158.246700,158.297600,157.874700,157.885100
2014-07-07,158.868000,158.955100,158.424400,158.435000
2014-07-03,157.923200,158.181300,157.895600,158.102600
2014-07-02,158.543700,158.574100,158.178000,158.325000
2014-07-01,158.031700,158.145700,157.710400,157.902100
2014-06-30,155.913600,156.114300,155.692100,156.114300
2014-06-27,155.243500,155.771200,154.827400,155.340600
2014-06-26,157.608300,157.894700,157.544800,157.682000
2014-06-25,157.748900,157.761900,157.438800,157.449300
2014-06-24,158.683400,159.097100,158.556900,158.606100
2014-06-23,158.455500,158.644300,158.187600,158.580800
2014-06-20,158.407800,158.438400,157.617300,158.137600
2014-06-19,157.893600,158.202600,157.506800,158.174800
2014-06-18,155.420000,155.813500,155.330300,155.575900
2014-06-17,154.199000,154.443400,153.961800,154.144500
2014-06-16,153.631600,153.654600,152.828900,153.516300
2014-06-13,154.260800,155.437800,154.189800,155.219200
2014-06-12,153.709300,154.050000,153.599700,154.050000
2014-06-11,154.834100,155.232600,154.729600,155.162200
2014-06-10,154.924500,154.947600,154.105200,154.395500
2014-06-09,155.753600,155.897200,155.650300,155.660800
2014-06-06,155.300900,155.582500,155.134900,155.277300
2014-06-05,155.039900,155.157600,155.029600,155.064000
2014-06-04,154.816100,154.865400,154.037300,154.865400
2014-06-03,155.112800,155.210700,154.697100,154.707500
2014-06-02,153.621200,153.728100,153.427800,153.614400
2014-05-30,150.555500,150.997100,150.290300,150.474300
2014-05-29,151.218900,151.640700,151.003300,151.307500
2014-05-28,151.442000,151.749800,151.208500,151.279900
2014-05-27,151.617200,151.774900,150.864700,150.932300
2014-05-26,149.092400,149.092400,149.092400,149.092400
2014-05-23,149.482600,149.546400,149.038000,149.092400
2014-05-22,147.823800,148.081100,147.624800,147.747600
2014-05-21,144.102400,144.830900,144.102400,144.699700
2014-05-20,145.530100,145.560500,145.080100,145.090400
2014-05-19,144.814600,145.185000,144.308300,144.468600
2014-05-16,144.548900,145.454800,144.548900,145.330200
2014-05-15,147.197800,147.318400,146.619000,147.266400
2014-05-14,148.088100,148.377200,148.076600,148.377200
2014-05-13,148.424000,148.638900,147.949700,148.231800
2014-05-12,145.383700,146.132300,145.350100,145.474300
2014-05-09,145.846700,146.177000,145.656600,145.947800
2014-05-08,145.891800,146.052900,145.211500,145.546500
2014-05-07,145.044100,145.119400,144.205000,144.215600
2014-05-06,148.443400,148.452100,148.441500,148.452100
2014-05-05,148.445000,148.452100,148.441700,148.452100
2014-05-02,148.176300,148.608400,148.050400,148.452100
2014-05-01,148.586400,148.946100,148.471200,148.929200
2014-04-30,147.181400,147.496100,146.988900,147.181200
2014-04-29,147.011600,147.015200,147.004400,147.015200
2014-04-28,146.575000,147.094500,146.571900,147.015200
2014-04-25,148.159300,148.404500,147.744600,148.339800
2014-04-24,148.090700,148.403200,147.886600,148.072300
2014-04-23,148.728200,149.389500,148.649200,149.389500
2014-04-22,149.395500,149.437800,147.882000,147.892500
2014-04-21,149.265800,149.769700,149.261100,149.271600
2014-04-18,148.226700,148.226700,148.226700,148.226700
2014-04-17,148.057300,148.793200,148.057300,148.226700
2014-04-16,147.353700,148.221200,147.353700,148.221200
2014-04-15,144.463600,144.767100,143.897600,144.177700
2014-04-14,144.104400,144.434400,143.494100,143.556100
2014-04-11,144.323700,144.344100,143.621700,144.008200
2014-04-10,147.486400,147.854300,146.877000,147.508300
2014-04-09,147.493600,147.970800,147.108600,147.353300
2014-04-08,150.711400,151.465900,150.597400,150.608100
2014-04-07,152.869000,152.882200,151.984000,152.444100
2014-04-04,154.674500,154.903100,154.570600,154.843500
2014-04-03,155.347700,155.477000,154.714500,154.725300
2014-04-02,154.592600,154.650400,153.364800,153.504700
2014-04-01,152.281900,152.358600,151.916100,151.946500
2014-03-31,152.012300,152.545900,151.819700,152.387200
2014-03-28,150.443600,151.331300,150.372100,151.192000
2014-03-27,146.045900,150.360100,145.917200,150.360100
2014-03-26,148.360100,148.719400,147.921500,148.660900
2014-03-25,148.803900,149.047900,147.901100,147.911800
2014-03-24,148.249300,148.584900,147.922800,148.217500
2014-03-21,145.418800,145.427500,145.416800,145.427500
2014-03-20,145.708400,146.444400,145.416800,145.427500
2014-03-19,147.794100,149.951400,147.689500,147.899700
2014-03-18,148.164000,148.524900,147.386200,147.396700
2014-03-17,146.184500,146.491700,145.393900,146.213100
2014-03-14,147.610200,147.671300,146.675300,147.152100
2014-03-13,152.821800,153.217700,151.886600,152.170000
2014-03-12,153.208400,153.247900,152.392300,152.430000
2014-03-11,155.531000,156.502900,155.382600,156.420000
2014-03-10,155.439100,155.627400,155.132200,155.440000
2014-03-07,156.835800,157.206600,156.687200,157.010000
2014-03-06,155.708300,155.934300,155.363400,155.460000
2014-03-05,153.551200,153.708200,153.299200,153.310000
2014-03-04,151.361500,151.727500,151.212500,151.530000
2014-03-03,150.536200,150.853400,150.265800,150.678300
2014-02-28,151.955900,152.899700,151.682700,152.550000
2014-02-27,153.340000,153.628600,153.161200,153.210000
2014-02-26,153.870900,153.979200,153.489500,153.570000
2014-02-25,154.471000,154.637800,154.190000,154.300000
2014-02-24,150.817500,152.335800,150.715200,152.280000
2014-02-21,152.628700,152.849800,152.541300,152.610000
2014-02-20,148.519300,148.860200,148.270200,148.430000
2014-02-19,151.259800,151.780000,151.163300,151.720000
2014-02-18,152.949300,152.949300,152.460300,152.490000
2014-02-17,147.250000,147.250000,147.250000,147.250000
2014-02-14,147.133800,147.886300,146.990100,147.250000
2014-02-13,149.745600,149.969200,149.113900,149.610000
2014-02-12,152.223400,152.336200,151.971000,152.310000
2014-02-11,151.365900,151.370000,151.356000,151.370000
2014-02-10,150.967000,151.430100,150.623000,151.370000
2014-02-07,148.815100,148.965300,148.491500,148.900000
2014-02-06,146.690300,146.845400,145.706600,145.720000
2014-02-05,146.137400,146.373400,145.708800,146.140000
2014-02-04,144.767800,144.948200,144.093300,144.100000
2014-02-03,151.272700,151.588800,150.776100,150.800000
2014-01-31,152.699800,153.455800,152.649500,153.390000
2014-01-30,153.221900,154.302000,153.200600,154.300000
2014-01-29,157.541000,158.231500,157.530700,158.230000
2014-01-28,154.025800,154.301400,153.771800,153.779400
2014-01-27,153.989800,154.008200,153.515800,153.682500
2014-01-24,156.715700,157.780400,156.660400,157.740000
2014-01-23,161.376500,161.621200,160.910400,160.960000
2014-01-22,162.322500,162.512500,161.905200,162.020000
2014-01-21,161.920800,162.137300,161.709700,161.750000
2014-01-20,161.010000,161.010000,161.010000,161.010000
2014-01-17,161.178500,161.303800,160.996600,161.010000
2014-01-16,160.921100,161.412600,160.879200,161.170000
2014-01-15,161.160000,161.750000,161.102800,161.750000
2014-01-14,157.785300,157.873800,157.381200,157.770000
2014-01-13,162.819900,162.830000,162.817400,162.830000
2014-01-10,162.310600,162.866400,162.193000,162.830000
2014-01-09,162.126200,162.534800,162.126200,162.480000
2014-01-08,164.259700,164.921100,164.204700,164.920000
2014-01-07,161.789900,161.966500,161.633600,161.720000
2014-01-06,162.676900,163.031300,162.671600,162.800000
2014-01-03,166.531100,166.540000,166.528100,166.540000
2014-01-02,166.531900,166.540000,166.529200,166.540000
2014-01-01,166.540000,166.540000,166.540000,166.540000
2013-12-31,166.530200,166.540000,166.528100,166.540000
2013-12-30,166.360800,166.887400,166.179100,166.540000
2013-12-27,164.412900,165.453300,164.407700,165.350000
2013-12-26,164.931400,165.410000,164.810900,165.410000
2013-12-24,162.971300,162.981700,162.041500,162.450000
2013-12-23,162.190500,162.200000,162.187500,162.200000
2013-12-20,161.876200,162.200000,161.673400,162.200000
2013-12-19,161.665100,161.974300,161.475100,161.970000
2013-12-18,158.774500,159.070600,158.759100,159.070000
2013-12-17,155.857400,155.968000,155.593100,155.900000
2013-12-16,155.162900,155.195800,154.592100,154.640000
2013-12-13,157.943200,157.943900,156.899300,156.950000
2013-12-12,156.062200,156.241900,155.932200,156.170000
2013-12-11,157.649000,157.739000,157.469400,157.480000
2013-12-10,158.645700,158.723100,158.506400,158.720000
2013-12-09,158.565600,159.160000,158.563000,159.160000
2013-12-06,154.980200,155.896100,154.751200,155.630000
2013-12-05,154.813500,154.813500,154.004400,154.350000
2013-12-04,157.058100,157.355300,156.633200,156.840000
2013-12-03,160.375800,160.654800,160.228500,160.320000
2013-12-02,159.216400,159.693700,159.170100,159.480000
2013-11-29,158.829800,159.530000,158.826900,159.530000
2013-11-28,157.190000,157.190000,157.190000,157.190000
2013-11-27,157.505800,157.511200,156.869700,157.190000
2013-11-26,158.191500,158.287600,157.652100,157.660000
2013-11-25,158.494100,158.693000,158.398900,158.690000
2013-11-22,156.433700,156.433700,156.071100,156.310000
2013-11-21,155.945400,156.293400,155.776900,156.230000
2013-11-20,153.469300,153.702300,153.462700,153.470000
2013-11-19,153.787200,154.343200,153.787200,154.000000
2013-11-18,154.137000,154.280300,153.762300,154.280000
2013-11-15,154.214800,154.738600,154.159300,154.340000
2013-11-14,151.810200,151.824900,150.843700,151.360000
2013-11-13,148.090800,148.342000,148.053500,148.210000
2013-11-12,147.941100,148.240000,147.791900,148.240000
2013-11-11,144.775400,145.272600,144.755600,145.140000
2013-11-08,143.350300,143.809300,143.242800,143.440000
2013-11-07,145.138800,145.257100,144.742000,144.820000
2013-11-06,145.927900,146.182100,145.530900,145.830000
2013-11-05,144.448100,144.580000,144.204700,144.580000
2013-11-04,144.449300,144.460000,144.444800,144.460000
2013-11-01,144.498400,144.569300,143.956800,144.460000
2013-10-31,146.997700,147.359900,145.924100,145.980000
2013-10-30,147.291300,147.631000,146.967400,147.630000
2013-10-29,145.927900,146.298700,145.375300,145.870000
2013-10-28,145.708100,146.582400,145.708100,146.550000
2013-10-25,144.099800,144.819400,143.413100,143.420000
2013-10-22,149.733700,149.755600,149.394100,149.660000
