Period,Nasdaq-100 (^NDX) Level
2019-12-31 00:00:00,8733.0728
2019-12-30 00:00:00,8709.7271
2019-12-27 00:00:00,8770.9791
2019-12-26 00:00:00,8778.3138
2019-12-25 00:00:00,8699.5055
2019-12-24 00:00:00,8699.5055
2019-12-23 00:00:00,8696.0072
2019-12-20 00:00:00,8678.491
2019-12-19 00:00:00,8641.2913
2019-12-18 00:00:00,8580.6241
2019-12-17 00:00:00,8575.6998
2019-12-16 00:00:00,8570.3342
2019-12-13 00:00:00,8487.7083
2019-12-12 00:00:00,8466.8941
2019-12-11 00:00:00,8402.6089
2019-12-10 00:00:00,8354.2925
2019-12-09 00:00:00,8362.7436
2019-12-06 00:00:00,8397.3672
2019-12-05 00:00:00,8308.3967
2019-12-04 00:00:00,8296.5294
2019-12-03 00:00:00,8254.737
2019-12-02 00:00:00,8309.26
2019-11-29 00:00:00,8403.6849
2019-11-28 00:00:00,8444.7089
2019-11-27 00:00:00,8444.7089
2019-11-26 00:00:00,8385.7452
2019-11-25 00:00:00,8371.928
2019-11-22 00:00:00,8272.0525
2019-11-21 00:00:00,8265.6182
2019-11-20 00:00:00,8283.7529
2019-11-19 00:00:00,8338.7373
2019-11-18 00:00:00,8328.4789
2019-11-15 00:00:00,8315.5231
2019-11-14 00:00:00,8257.8308
2019-11-13 00:00:00,8259.8132
2019-11-12 00:00:00,8263.7887
2019-11-11 00:00:00,8241.9118
2019-11-08 00:00:00,8255.8859
2019-11-07 00:00:00,8219.6464
2019-11-06 00:00:00,8196.0279
2019-11-05 00:00:00,8210.1753
2019-11-04 00:00:00,8210.6645
2019-11-01 00:00:00,8161.167
2019-10-31 00:00:00,8083.8324
2019-10-30 00:00:00,8083.1126
2019-10-29 00:00:00,8047.5086
2019-10-28 00:00:00,8110.6691
2019-10-25 00:00:00,8029.2172
2019-10-24 00:00:00,7966.7186
2019-10-23 00:00:00,7889.4726
2019-10-22 00:00:00,7874.6156
2019-10-21 00:00:00,7940.3309
2019-10-18 00:00:00,7868.4908
2019-10-17 00:00:00,7942.1435
2019-10-16 00:00:00,7920.2088
2019-10-15 00:00:00,7942.8509
2019-10-14 00:00:00,7842.3337
2019-10-11 00:00:00,7843.875
2019-10-10 00:00:00,7740.3623
2019-10-09 00:00:00,7690.5292
2019-10-08 00:00:00,7604.2697
2019-10-07 00:00:00,7725.1295
2019-10-04 00:00:00,7754.1025
2019-10-03 00:00:00,7638.3946
2019-10-02 00:00:00,7550.7861
2019-10-01 00:00:00,7684.1422
2019-09-30 00:00:00,7749.4487
2019-09-27 00:00:00,7681.5785
2019-09-26 00:00:00,7771.9921
2019-09-25 00:00:00,7803.5413
2019-09-24 00:00:00,7710.0444
2019-09-23 00:00:00,7818.61
2019-09-20 00:00:00,7823.5533
2019-09-19 00:00:00,7901.7921
2019-09-18 00:00:00,7888.5562
2019-09-17 00:00:00,7888.7863
2019-09-16 00:00:00,7852.4124
2019-09-13 00:00:00,7892.9546
2019-09-12 00:00:00,7917.3398
2019-09-11 00:00:00,7887.5806
2019-09-10 00:00:00,7814.7423
2019-09-09 00:00:00,7832.4032
2019-09-06 00:00:00,7852.5386
2019-09-05 00:00:00,7862.5391
2019-09-04 00:00:00,7719.2464
2019-09-03 00:00:00,7609.5132
2019-09-02 00:00:00,7690.9978
2019-08-30 00:00:00,7690.9978
2019-08-29 00:00:00,7702.3117
2019-08-28 00:00:00,7587.8962
2019-08-27 00:00:00,7566.0273
2019-08-26 00:00:00,7575.0186
2019-08-23 00:00:00,7464.9945
2019-08-22 00:00:00,7707.4271
2019-08-21 00:00:00,7733.2157
2019-08-20 00:00:00,7664.4709
2019-08-19 00:00:00,7719.3233
2019-08-16 00:00:00,7604.1088
2019-08-15 00:00:00,7484.8879
2019-08-14 00:00:00,7490.1304
2019-08-13 00:00:00,7728.1515
2019-08-12 00:00:00,7561.6824
2019-08-09 00:00:00,7646.2678
2019-08-08 00:00:00,7724.8298
2019-08-07 00:00:00,7551.8998
2019-08-06 00:00:00,7521.3219
2019-08-05 00:00:00,7415.6907
2019-08-02 00:00:00,7692.8005
2019-08-01 00:00:00,7801.1464
2019-07-31 00:00:00,7848.7798
2019-07-30 00:00:00,7952.4727
2019-07-29 00:00:00,7989.0819
2019-07-26 00:00:00,8016.9528
2019-07-25 00:00:00,7929.8668
2019-07-24 00:00:00,8010.605
2019-07-23 00:00:00,7954.5643
2019-07-22 00:00:00,7905.1193
2019-07-19 00:00:00,7834.8968
2019-07-18 00:00:00,7904.1321
2019-07-17 00:00:00,7888.762
2019-07-16 00:00:00,7927.0771
2019-07-15 00:00:00,7966.9262
2019-07-12 00:00:00,7943.2411
2019-07-11 00:00:00,7896.7758
2019-07-10 00:00:00,7903.4007
2019-07-09 00:00:00,7826.8583
2019-07-08 00:00:00,7785.7867
2019-07-05 00:00:00,7841.301
2019-07-04 00:00:00,7819.063
2019-07-03 00:00:00,7819.063
2019-07-02 00:00:00,7799.8235
2019-07-01 00:00:00,7768.1382
2019-06-28 00:00:00,7671.0749
2019-06-27 00:00:00,7657.0483
2019-06-26 00:00:00,7627.0509
2019-06-25 00:00:00,7591.5363
2019-06-24 00:00:00,7723.0215
2019-06-21 00:00:00,7728.7816
2019-06-20 00:00:00,7738.0547
2019-06-19 00:00:00,7667.7384
2019-06-18 00:00:00,7635.4001
2019-06-17 00:00:00,7526.5194
2019-06-14 00:00:00,7479.1115
2019-06-13 00:00:00,7510.6834
2019-06-12 00:00:00,7472.2944
2019-06-11 00:00:00,7513.8491
2019-06-10 00:00:00,7501.9289
2019-06-07 00:00:00,7417.2913
2019-06-06 00:00:00,7275.9267
2019-06-05 00:00:00,7220.9032
2019-06-04 00:00:00,7166.7474
2019-06-03 00:00:00,6978.0175
2019-05-31 00:00:00,7127.9561
2019-05-30 00:00:00,7245.4029
2019-05-29 00:00:00,7216.8587
2019-05-28 00:00:00,7278.3759
2019-05-24 00:00:00,7300.9608
2019-05-23 00:00:00,7307.9335
2019-05-22 00:00:00,7420.6561
2019-05-21 00:00:00,7451.0196
2019-05-20 00:00:00,7376.7034
2019-05-17 00:00:00,7503.6797
2019-05-16 00:00:00,7580.1423
2019-05-15 00:00:00,7503.2456
2019-05-14 00:00:00,7401.8837
2019-05-13 00:00:00,7324.1322
2019-05-10 00:00:00,7586.5311
2019-05-09 00:00:00,7582.7464
2019-05-08 00:00:00,7617.5496
2019-05-07 00:00:00,7640.1491
2019-05-06 00:00:00,7794.0929
2019-05-03 00:00:00,7845.7292
2019-05-02 00:00:00,7724.0562
2019-05-01 00:00:00,7751.8469
2019-04-30 00:00:00,7781.4557
2019-04-29 00:00:00,7839.0383
2019-04-26 00:00:00,7826.6791
2019-04-25 00:00:00,7816.919
2019-04-24 00:00:00,7784.4126
2019-04-23 00:00:00,7810.7062
2019-04-22 00:00:00,7713.4948
2019-04-18 00:00:00,7689.7151
2019-04-17 00:00:00,7680.7175
2019-04-16 00:00:00,7654.7314
2019-04-15 00:00:00,7629.1198
2019-04-12 00:00:00,7628.1498
2019-04-11 00:00:00,7594.89
2019-04-10 00:00:00,7611.4878
2019-04-09 00:00:00,7568.4863
2019-04-08 00:00:00,7599.7424
2019-04-05 00:00:00,7578.84
2019-04-04 00:00:00,7540.5676
2019-04-03 00:00:00,7544.9715
2019-04-02 00:00:00,7499.6388
2019-04-01 00:00:00,7478.4156
2019-03-29 00:00:00,7378.7715
2019-03-28 00:00:00,7320.4723
2019-03-27 00:00:00,7308.1931
2019-03-26 00:00:00,7351.1502
2019-03-25 00:00:00,7316.9577
2019-03-22 00:00:00,7326.0567
2019-03-21 00:00:00,7493.2694
2019-03-20 00:00:00,7380.7537
2019-03-19 00:00:00,7349.2783
2019-03-18 00:00:00,7326.2815
2019-03-15 00:00:00,7306.9872
2019-03-14 00:00:00,7243.0136
2019-03-13 00:00:00,7256.9815
2019-03-12 00:00:00,7201.2813
2019-03-11 00:00:00,7164.0204
2019-03-08 00:00:00,7015.69
2019-03-07 00:00:00,7026.8827
2019-03-06 00:00:00,7112.4677
2019-03-05 00:00:00,7156.7851
2019-03-04 00:00:00,7150.8333
2019-03-01 00:00:00,7151.5721
2019-02-28 00:00:00,7097.5255
2019-02-27 00:00:00,7117.0046
2019-02-26 00:00:00,7123.2157
2019-02-25 00:00:00,7115.4261
2019-02-22 00:00:00,7090.625
2019-02-21 00:00:00,7035.164
2019-02-20 00:00:00,7062.3385
2019-02-19 00:00:00,7066.6121
2019-02-15 00:00:00,7055.1793
2019-02-14 00:00:00,7022.4191
2019-02-13 00:00:00,7015.8758
2019-02-12 00:00:00,7014.669
2019-02-11 00:00:00,6909.1847
2019-02-08 00:00:00,6913.1299
2019-02-07 00:00:00,6904.9806
2019-02-06 00:00:00,6997.6223
2019-02-05 00:00:00,7023.5208
2019-02-04 00:00:00,6959.9569
2019-02-01 00:00:00,6875.5179
2019-01-31 00:00:00,6906.8393
2019-01-30 00:00:00,6807.9089
2019-01-29 00:00:00,6632.7924
2019-01-28 00:00:00,6697.0868
2019-01-25 00:00:00,6787.3714
2019-01-24 00:00:00,6702.5469
2019-01-23 00:00:00,6658.7634
2019-01-22 00:00:00,6646.813
2019-01-18 00:00:00,6784.6078
2019-01-17 00:00:00,6718.453
2019-01-16 00:00:00,6668.562
2019-01-15 00:00:00,6669.638
2019-01-14 00:00:00,6541.0377
2019-01-11 00:00:00,6601.3953
2019-01-10 00:00:00,6620.9417
2019-01-09 00:00:00,6600.6944
2019-01-08 00:00:00,6551.8473
2019-01-07 00:00:00,6488.2536
2019-01-04 00:00:00,6422.6737
2019-01-03 00:00:00,6147.1276
2019-01-02 00:00:00,6360.8692
2018-12-31 00:00:00,6329.9646
2018-12-28 00:00:00,6285.2664
2018-12-27 00:00:00,6288.302
2018-12-26 00:00:00,6262.7666
2018-12-24 00:00:00,5899.3546
2018-12-21 00:00:00,6046.5566
2018-12-20 00:00:00,6243.1948
2018-12-19 00:00:00,6342.9681
2018-12-18 00:00:00,6491.5163
2018-12-17 00:00:00,6448.3864
2018-12-14 00:00:00,6594.9632
2018-12-13 00:00:00,6767.9735
2018-12-12 00:00:00,6763.9567
2018-12-11 00:00:00,6704.2367
2018-12-10 00:00:00,6682.7423
2018-12-07 00:00:00,6613.275
2018-12-06 00:00:00,6838.8499
2018-12-04 00:00:00,6795.2134
2018-12-03 00:00:00,7062.1332
2018-11-30 00:00:00,6949.0139
2018-11-29 00:00:00,6892.3997
2018-11-28 00:00:00,6913.3261
2018-11-27 00:00:00,6701.0362
2018-11-26 00:00:00,6678.339
2018-11-23 00:00:00,6527.3473
2018-11-21 00:00:00,6575.663
2018-11-20 00:00:00,6526.9629
2018-11-19 00:00:00,6642.9165
2018-11-16 00:00:00,6867.0153
2018-11-15 00:00:00,6890.447
2018-11-14 00:00:00,6769.8726
2018-11-13 00:00:00,6830.9057
2018-11-12 00:00:00,6829.0976
2018-11-09 00:00:00,7039.1492
2018-11-08 00:00:00,7158.5908
2018-11-07 00:00:00,7203.133
2018-11-06 00:00:00,6988.8476
2018-11-05 00:00:00,6937.0894
2018-11-02 00:00:00,6965.294
2018-11-01 00:00:00,7069.1712
2018-10-31 00:00:00,6967.0957
2018-10-30 00:00:00,6810.1211
2018-10-29 00:00:00,6713.9018
2018-10-26 00:00:00,6852.4043
2018-10-25 00:00:00,7016.3893
2018-10-24 00:00:00,6789.1543
2018-10-23 00:00:00,7118.6745
2018-10-22 00:00:00,7141.2127
2018-10-19 00:00:00,7107.233
2018-10-18 00:00:00,7116.0883
2018-10-17 00:00:00,7278.6311
2018-10-16 00:00:00,7276.4263
2018-10-15 00:00:00,7068.6706
2018-10-12 00:00:00,7157.2085
2018-10-11 00:00:00,6964.0265
2018-10-10 00:00:00,7044.4955
2018-10-09 00:00:00,7371.6154
2018-10-08 00:00:00,7352.8231
2018-10-05 00:00:00,7399.0071
2018-10-04 00:00:00,7490.0036
2018-10-03 00:00:00,7637.4258
2018-10-02 00:00:00,7628.2783
2018-10-01 00:00:00,7645.4531
2018-09-28 00:00:00,7627.6499
2018-09-27 00:00:00,7629.5724
2018-09-26 00:00:00,7563.0865
2018-09-25 00:00:00,7563.1939
2018-09-24 00:00:00,7548.7507
2018-09-21 00:00:00,7531.0719
2018-09-20 00:00:00,7569.0345
2018-09-19 00:00:00,7490.3231
2018-09-18 00:00:00,7494.3994
2018-09-17 00:00:00,7434.7295
2018-09-14 00:00:00,7545.4963
2018-09-13 00:00:00,7561.6865
2018-09-12 00:00:00,7488.0646
2018-09-11 00:00:00,7507.8722
2018-09-10 00:00:00,7447.6761
2018-09-07 00:00:00,7430.2607
2018-09-06 00:00:00,7453.1672
2018-09-05 00:00:00,7523.2596
2018-09-04 00:00:00,7622.3224
2018-08-31 00:00:00,7654.5536
2018-08-30 00:00:00,7642.6699
2018-08-29 00:00:00,7660.1797
2018-08-28 00:00:00,7570.2455
2018-08-27 00:00:00,7559.1329
2018-08-24 00:00:00,7485.4041
2018-08-23 00:00:00,7413.8381
2018-08-22 00:00:00,7424.5956
2018-08-21 00:00:00,7397.2257
2018-08-20 00:00:00,7371.4179
2018-08-17 00:00:00,7377.5442
2018-08-16 00:00:00,7374.2948
2018-08-15 00:00:00,7354.6613
2018-08-14 00:00:00,7447.1679
2018-08-13 00:00:00,7401.1694
2018-08-10 00:00:00,7408.304
2018-08-09 00:00:00,7466.962
2018-08-08 00:00:00,7469.545
2018-08-07 00:00:00,7462.6531
2018-08-06 00:00:00,7438.9947
2018-08-03 00:00:00,7395.4885
2018-08-02 00:00:00,7372.1481
2018-08-01 00:00:00,7272.8874
2018-07-31 00:00:00,7231.9832
2018-07-30 00:00:00,7193.1029
2018-07-27 00:00:00,7296.7809
2018-07-26 00:00:00,7400.7481
2018-07-25 00:00:00,7508.5864
2018-07-24 00:00:00,7406.2478
2018-07-23 00:00:00,7371.7801
2018-07-20 00:00:00,7350.2269
2018-07-19 00:00:00,7352.3575
2018-07-18 00:00:00,7390.1259
2018-07-17 00:00:00,7403.8914
2018-07-16 00:00:00,7357.8986
2018-07-13 00:00:00,7375.8165
2018-07-12 00:00:00,7366.2502
2018-07-11 00:00:00,7243.9798
2018-07-10 00:00:00,7282.599
2018-07-09 00:00:00,7276.0014
2018-07-06 00:00:00,7207.3338
2018-07-05 00:00:00,7101.0468
2018-07-03 00:00:00,7014.5543
2018-07-02 00:00:00,7097.8195
2018-06-29 00:00:00,7040.8017
2018-06-28 00:00:00,7031.6039
2018-06-27 00:00:00,6969.6736
2018-06-26 00:00:00,7068.1954
2018-06-25 00:00:00,7038.1706
2018-06-22 00:00:00,7197.5119
2018-06-21 00:00:00,7217.4881
2018-06-20 00:00:00,7280.7047
2018-06-19 00:00:00,7228.0434
2018-06-18 00:00:00,7251.4076
2018-06-15 00:00:00,7255.7558
2018-06-14 00:00:00,7279.592
2018-06-13 00:00:00,7205.2557
2018-06-12 00:00:00,7209.1828
2018-06-11 00:00:00,7168.4789
2018-06-08 00:00:00,7152.6209
2018-06-07 00:00:00,7152.8302
2018-06-06 00:00:00,7210.0817
2018-06-05 00:00:00,7166.7524
2018-06-04 00:00:00,7143.5702
2018-06-01 00:00:00,7083.9252
2018-05-31 00:00:00,6967.7294
2018-05-30 00:00:00,6976.3668
2018-05-29 00:00:00,6926.5439
2018-05-25 00:00:00,6960.9188
2018-05-24 00:00:00,6949.6986
2018-05-23 00:00:00,6953.6307
2018-05-22 00:00:00,6893.6201
2018-05-21 00:00:00,6905.5323
2018-05-18 00:00:00,6866.2539
2018-05-17 00:00:00,6901.6325
2018-05-16 00:00:00,6929.9654
2018-05-15 00:00:00,6888.5358
2018-05-14 00:00:00,6964.3727
2018-05-11 00:00:00,6952.5631
2018-05-10 00:00:00,6963.5476
2018-05-09 00:00:00,6893.2142
2018-05-08 00:00:00,6815.4826
2018-05-07 00:00:00,6821.8738
2018-05-04 00:00:00,6769.116
2018-05-03 00:00:00,6643.4793
2018-05-02 00:00:00,6644.4783
2018-05-01 00:00:00,6681.9607
2018-04-30 00:00:00,6605.5696
2018-04-27 00:00:00,6656.3533
2018-04-26 00:00:00,6649.6537
2018-04-25 00:00:00,6513.9405
2018-04-24 00:00:00,6509.0486
2018-04-23 00:00:00,6648.8031
2018-04-20 00:00:00,6667.751
2018-04-19 00:00:00,6774.8875
2018-04-18 00:00:00,6833.2127
2018-04-17 00:00:00,6816.3686
2018-04-16 00:00:00,6675.1787
2018-04-13 00:00:00,6628.3424
2018-04-12 00:00:00,6656.2551
2018-04-11 00:00:00,6583.4438
2018-04-10 00:00:00,6615.8725
2018-04-09 00:00:00,6472.3444
2018-04-06 00:00:00,6433.2132
2018-04-05 00:00:00,6594.8382
2018-04-04 00:00:00,6560.0597
2018-04-03 00:00:00,6458.8311
2018-04-02 00:00:00,6390.8369
2018-03-29 00:00:00,6581.1262
2018-03-28 00:00:00,6460.8102
2018-03-27 00:00:00,6529.8412
2018-03-26 00:00:00,6753.8322
2018-03-23 00:00:00,6508.0892
2018-03-22 00:00:00,6682.2552
2018-03-21 00:00:00,6853.4521
2018-03-20 00:00:00,6885.9198
2018-03-19 00:00:00,6864.8822
2018-03-16 00:00:00,7019.9489
2018-03-15 00:00:00,7030.9697
2018-03-14 00:00:00,7040.9809
2018-03-13 00:00:00,7046.5111
2018-03-12 00:00:00,7131.1209
2018-03-09 00:00:00,7101.1802
2018-03-08 00:00:00,6966.4276
2018-03-07 00:00:00,6929.3853
2018-03-06 00:00:00,6913.0219
2018-03-05 00:00:00,6881.283
2018-03-02 00:00:00,6811.0399
2018-03-01 00:00:00,6750.5421
2018-02-28 00:00:00,6854.4174
2018-02-27 00:00:00,6900.3504
2018-02-26 00:00:00,6989.0971
2018-02-23 00:00:00,6896.6012
2018-02-22 00:00:00,6761.8546
2018-02-21 00:00:00,6759.2601
2018-02-20 00:00:00,6779.6949
2018-02-16 00:00:00,6770.6635
2018-02-15 00:00:00,6794.922
2018-02-14 00:00:00,6675.0315
2018-02-13 00:00:00,6553.8643
2018-02-12 00:00:00,6523.8513
2018-02-09 00:00:00,6412.6803
2018-02-08 00:00:00,6306.0999
2018-02-07 00:00:00,6582.0225
2018-02-06 00:00:00,6665.9789
2018-02-05 00:00:00,6495.9189
2018-02-02 00:00:00,6760.2899
2018-02-01 00:00:00,6901.5039
2018-01-31 00:00:00,6949.9868
2018-01-30 00:00:00,6930.7273
2018-01-29 00:00:00,6988.3154
2018-01-26 00:00:00,7022.9712
2018-01-25 00:00:00,6916.3043
2018-01-24 00:00:00,6919.3525
2018-01-23 00:00:00,6963.463
2018-01-22 00:00:00,6906.2781
2018-01-19 00:00:00,6834.3294
2018-01-18 00:00:00,6811.3781
2018-01-17 00:00:00,6810.2834
2018-01-16 00:00:00,6737.1371
2018-01-12 00:00:00,6758.541
2018-01-11 00:00:00,6708.4923
2018-01-10 00:00:00,6662.6583
2018-01-09 00:00:00,6677.9355
2018-01-08 00:00:00,6676.6314
2018-01-05 00:00:00,6653.2905
2018-01-04 00:00:00,6584.5778
2018-01-03 00:00:00,6575.8027
2018-01-02 00:00:00,6511.3424
2017-12-29 00:00:00,6396.4222
2017-12-28 00:00:00,6441.4205
2017-12-27 00:00:00,6435.1521
2017-12-26 00:00:00,6433.162
2017-12-22 00:00:00,6465.1657
2017-12-21 00:00:00,6472.6877
2017-12-20 00:00:00,6472.4825
2017-12-19 00:00:00,6480.6676
2017-12-18 00:00:00,6513.2684
2017-12-15 00:00:00,6466.3204
2017-12-14 00:00:00,6389.9068
2017-12-13 00:00:00,6394.6665
2017-12-12 00:00:00,6383.6522
2017-12-11 00:00:00,6393.8882
2017-12-08 00:00:00,6344.5685
2017-12-07 00:00:00,6316.2778
2017-12-06 00:00:00,6293.0535
2017-12-05 00:00:00,6265.111
2017-12-04 00:00:00,6263.7012
2017-12-01 00:00:00,6337.874
2017-11-30 00:00:00,6365.5637
2017-11-29 00:00:00,6311.375
2017-11-28 00:00:00,6422.5573
2017-11-27 00:00:00,6405.9655
2017-11-24 00:00:00,6409.2867
2017-11-22 00:00:00,6386.1194
2017-11-21 00:00:00,6378.6281
2017-11-20 00:00:00,6308.6086
2017-11-17 00:00:00,6314.5103
2017-11-16 00:00:00,6339.1405
2017-11-15 00:00:00,6258.3587
2017-11-14 00:00:00,6293.6417
2017-11-13 00:00:00,6316.1769
2017-11-10 00:00:00,6309.0658
2017-11-09 00:00:00,6312.2072
2017-11-08 00:00:00,6345.8111
2017-11-07 00:00:00,6320.7771
2017-11-06 00:00:00,6313.6074
2017-11-03 00:00:00,6295.5814
2017-11-02 00:00:00,6236.391
2017-11-01 00:00:00,6248.6456
2017-10-31 00:00:00,6248.5571
2017-10-30 00:00:00,6227.5906
2017-10-27 00:00:00,6213.4677
2017-10-26 00:00:00,6037.872
2017-10-25 00:00:00,6055.0415
2017-10-24 00:00:00,6080.2184
2017-10-23 00:00:00,6067.832
2017-10-20 00:00:00,6108.8162
2017-10-19 00:00:00,6092.6158
2017-10-18 00:00:00,6114.3517
2017-10-17 00:00:00,6122.6106
2017-10-16 00:00:00,6114.5258
2017-10-13 00:00:00,6092.4529
2017-10-12 00:00:00,6069.9882
2017-10-11 00:00:00,6081.25
2017-10-10 00:00:00,6063.5217
2017-10-09 00:00:00,6058.5309
2017-10-06 00:00:00,6064.5715
2017-10-05 00:00:00,6057.143
2017-10-04 00:00:00,5998.836
2017-10-03 00:00:00,5995.0602
2017-10-02 00:00:00,5981.9178
2017-09-29 00:00:00,5979.2985
2017-09-28 00:00:00,5933.0687
2017-09-27 00:00:00,5937.7906
2017-09-26 00:00:00,5881.3363
2017-09-25 00:00:00,5867.3479
2017-09-22 00:00:00,5932.3207
2017-09-21 00:00:00,5934.9134
2017-09-20 00:00:00,5973.6047
2017-09-19 00:00:00,5991.0781
2017-09-18 00:00:00,5981.1179
2017-09-15 00:00:00,5987.999
2017-09-14 00:00:00,5968.8176
2017-09-13 00:00:00,6004.3803
2017-09-12 00:00:00,5995.6351
2017-09-11 00:00:00,5980.5252
2017-09-08 00:00:00,5913.3685
2017-09-07 00:00:00,5964.3116
2017-09-06 00:00:00,5951.1259
2017-09-05 00:00:00,5932.7308
2017-09-01 00:00:00,5987.9003
2017-08-31 00:00:00,5988.604
2017-08-30 00:00:00,5932.9003
2017-08-29 00:00:00,5862.1372
2017-08-28 00:00:00,5838.0815
2017-08-25 00:00:00,5822.5327
2017-08-24 00:00:00,5834.4405
2017-08-23 00:00:00,5851.7833
2017-08-22 00:00:00,5873.3327
2017-08-21 00:00:00,5786.5369
2017-08-18 00:00:00,5790.9088
2017-08-17 00:00:00,5796.3175
2017-08-16 00:00:00,5917.42
2017-08-15 00:00:00,5907.7302
2017-08-14 00:00:00,5908.1669
2017-08-11 00:00:00,5831.5325
2017-08-10 00:00:00,5788.1925
2017-08-09 00:00:00,5919.3915
2017-08-08 00:00:00,5926.3519
2017-08-07 00:00:00,5934.7282
2017-08-04 00:00:00,5899.9052
2017-08-03 00:00:00,5891.1974
2017-08-02 00:00:00,5914.2301
2017-08-01 00:00:00,5895.1708
2017-07-31 00:00:00,5880.3266
2017-07-28 00:00:00,5908.9156
2017-07-27 00:00:00,5917.0277
2017-07-26 00:00:00,5950.7339
2017-07-25 00:00:00,5930.6456
2017-07-24 00:00:00,5941.3691
2017-07-21 00:00:00,5921.5248
2017-07-20 00:00:00,5921.2232
2017-07-19 00:00:00,5916.1622
2017-07-18 00:00:00,5880.0952
2017-07-17 00:00:00,5839.7364
2017-07-14 00:00:00,5838.0831
2017-07-13 00:00:00,5793.3559
2017-07-12 00:00:00,5778.9503
2017-07-11 00:00:00,5709.7993
2017-07-10 00:00:00,5694.152
2017-07-07 00:00:00,5656.4696
2017-07-06 00:00:00,5597.9046
2017-07-05 00:00:00,5648.8164
2017-07-03 00:00:00,5596.9559
2017-06-30 00:00:00,5646.9177
2017-06-29 00:00:00,5653.0212
2017-06-28 00:00:00,5753.0323
2017-06-27 00:00:00,5671.5983
2017-06-26 00:00:00,5777.5882
2017-06-23 00:00:00,5803.1055
2017-06-22 00:00:00,5779.8696
2017-06-21 00:00:00,5782.3937
2017-06-20 00:00:00,5726.3108
2017-06-19 00:00:00,5772.2225
2017-06-16 00:00:00,5681.4792
2017-06-15 00:00:00,5700.8854
2017-06-14 00:00:00,5727.0665
2017-06-13 00:00:00,5751.8174
2017-06-12 00:00:00,5708.1797
2017-06-09 00:00:00,5741.9441
2017-06-08 00:00:00,5885.296
2017-06-07 00:00:00,5877.5895
2017-06-06 00:00:00,5856.7685
2017-06-05 00:00:00,5878.1167
2017-06-02 00:00:00,5881.4584
2017-06-01 00:00:00,5816.5115
2017-05-31 00:00:00,5788.8016
2017-05-30 00:00:00,5794.6318
2017-05-26 00:00:00,5788.359
2017-05-25 00:00:00,5778.3743
2017-05-24 00:00:00,5730.3014
2017-05-23 00:00:00,5703.3461
2017-05-22 00:00:00,5699.4041
2017-05-19 00:00:00,5651.5639
2017-05-18 00:00:00,5626.3101
2017-05-17 00:00:00,5580.5484
2017-05-16 00:00:00,5724.4371
2017-05-15 00:00:00,5704.4792
2017-05-12 00:00:00,5686.8097
2017-05-11 00:00:00,5674.2178
2017-05-10 00:00:00,5681.6803
2017-05-09 00:00:00,5678.3094
2017-05-08 00:00:00,5659.0689
2017-05-05 00:00:00,5646.0943
2017-05-04 00:00:00,5626.3162
2017-05-03 00:00:00,5625.1583
2017-05-02 00:00:00,5644.0683
2017-05-01 00:00:00,5629.6316
2017-04-28 00:00:00,5583.5296
2017-04-27 00:00:00,5571.2826
2017-04-26 00:00:00,5541.0857
2017-04-25 00:00:00,5548.1937
2017-04-24 00:00:00,5508.0333
2017-04-21 00:00:00,5442.0489
2017-04-20 00:00:00,5443.5317
2017-04-19 00:00:00,5399.6359
2017-04-18 00:00:00,5391.6558
2017-04-17 00:00:00,5399.1958
2017-04-13 00:00:00,5353.586
2017-04-12 00:00:00,5377.0303
2017-04-11 00:00:00,5398.399
2017-04-10 00:00:00,5421.6794
2017-04-07 00:00:00,5418.3694
2017-04-06 00:00:00,5420.8799
2017-04-05 00:00:00,5418.5243
2017-04-04 00:00:00,5440.4073
2017-04-03 00:00:00,5432.2001
2017-03-31 00:00:00,5436.2325
2017-03-30 00:00:00,5439.7418
2017-03-29 00:00:00,5430.2677
2017-03-28 00:00:00,5407.2084
2017-03-27 00:00:00,5374.2731
2017-03-24 00:00:00,5363.9954
2017-03-23 00:00:00,5355.1431
2017-03-22 00:00:00,5367.5549
2017-03-21 00:00:00,5332.5326
2017-03-20 00:00:00,5413.3079
2017-03-17 00:00:00,5408.7637
2017-03-16 00:00:00,5412.0796
2017-03-15 00:00:00,5416.2518
2017-03-14 00:00:00,5382.1674
2017-03-13 00:00:00,5394.5729
2017-03-10 00:00:00,5385.899
2017-03-09 00:00:00,5363.982
2017-03-08 00:00:00,5359.8045
2017-03-07 00:00:00,5351.2811
2017-03-06 00:00:00,5360.3127
2017-03-03 00:00:00,5373.4778
2017-03-02 00:00:00,5363.2586
2017-03-01 00:00:00,5390.9892
2017-02-28 00:00:00,5330.3051
2017-02-27 00:00:00,5347.5493
2017-02-24 00:00:00,5343.3144
2017-02-23 00:00:00,5332.3725
2017-02-22 00:00:00,5352.1337
2017-02-21 00:00:00,5350.7251
2017-02-17 00:00:00,5324.7206
2017-02-16 00:00:00,5300.6387
2017-02-15 00:00:00,5302.3926
2017-02-14 00:00:00,5271.0723
2017-02-13 00:00:00,5256.8156
2017-02-10 00:00:00,5226.6858
2017-02-09 00:00:00,5212.1559
2017-02-08 00:00:00,5196.577
2017-02-07 00:00:00,5185.8774
2017-02-06 00:00:00,5167.9626
2017-02-03 00:00:00,5161.5975
2017-02-02 00:00:00,5147.7016
2017-02-01 00:00:00,5152.6871
2017-01-31 00:00:00,5116.7676
2017-01-30 00:00:00,5129.3286
2017-01-27 00:00:00,5168.0604
2017-01-26 00:00:00,5156.9219
2017-01-25 00:00:00,5151.4714
2017-01-24 00:00:00,5101.0641
2017-01-23 00:00:00,5065.7003
2017-01-20 00:00:00,5063.1969
2017-01-19 00:00:00,5051.1677
2017-01-18 00:00:00,5055.8513
2017-01-17 00:00:00,5044.6524
2017-01-13 00:00:00,5059.5095
2017-01-12 00:00:00,5041.4265
2017-01-11 00:00:00,5050.2102
2017-01-10 00:00:00,5035.1677
2017-01-09 00:00:00,5024.8994
2017-01-06 00:00:00,5007.0766
2017-01-05 00:00:00,4964.9525
2017-01-04 00:00:00,4937.205
2017-01-03 00:00:00,4911.3336
2016-12-30 00:00:00,4863.6196
2016-12-29 00:00:00,4918.2825
2016-12-28 00:00:00,4926.2859
2016-12-27 00:00:00,4965.8075
2016-12-23 00:00:00,4940.0235
2016-12-22 00:00:00,4934.3911
2016-12-21 00:00:00,4948.9049
2016-12-20 00:00:00,4953.8028
2016-12-19 00:00:00,4934.8471
2016-12-16 00:00:00,4914.864
2016-12-15 00:00:00,4933.4067
2016-12-14 00:00:00,4921.2184
2016-12-13 00:00:00,4935.8376
2016-12-12 00:00:00,4874.2975
2016-12-09 00:00:00,4895.9036
2016-12-08 00:00:00,4859.1859
2016-12-07 00:00:00,4851.9394
2016-12-06 00:00:00,4788.6714
2016-12-05 00:00:00,4778.1408
2016-12-02 00:00:00,4739.3724
2016-12-01 00:00:00,4734.096
2016-11-30 00:00:00,4810.8138
2016-11-29 00:00:00,4873.2093
2016-11-28 00:00:00,4857.0209
2016-11-25 00:00:00,4870.017
2016-11-23 00:00:00,4853.8621
2016-11-22 00:00:00,4873.8417
2016-11-21 00:00:00,4858.9982
2016-11-18 00:00:00,4808.0415
2016-11-17 00:00:00,4826.5876
2016-11-16 00:00:00,4792.2682
2016-11-15 00:00:00,4764.4741
2016-11-14 00:00:00,4702.0448
2016-11-11 00:00:00,4751.9509
2016-11-10 00:00:00,4747.0278
2016-11-09 00:00:00,4825.1839
2016-11-08 00:00:00,4804.92
2016-11-07 00:00:00,4773.729
2016-11-04 00:00:00,4660.4564
2016-11-03 00:00:00,4679.1032
2016-11-02 00:00:00,4726.9066
2016-11-01 00:00:00,4766.9366
2016-10-31 00:00:00,4801.2707
2016-10-28 00:00:00,4805.5932
2016-10-27 00:00:00,4836.4473
2016-10-26 00:00:00,4860.5929
2016-10-25 00:00:00,4891.4546
2016-10-24 00:00:00,4909.9687
2016-10-21 00:00:00,4851.8608
2016-10-20 00:00:00,4832.7099
2016-10-19 00:00:00,4836.6097
2016-10-18 00:00:00,4839.721
2016-10-17 00:00:00,4796.1696
2016-10-14 00:00:00,4808.4851
2016-10-13 00:00:00,4803.1019
2016-10-12 00:00:00,4819.6349
2016-10-11 00:00:00,4821.9136
2016-10-10 00:00:00,4893.7675
2016-10-07 00:00:00,4864.5226
2016-10-06 00:00:00,4873.924
2016-10-05 00:00:00,4877.749
2016-10-04 00:00:00,4859.4671
2016-10-03 00:00:00,4866.6251
2016-09-30 00:00:00,4875.697
2016-09-29 00:00:00,4838.2998
2016-09-28 00:00:00,4875.2683
2016-09-27 00:00:00,4866.7062
2016-09-26 00:00:00,4817.1674
2016-09-23 00:00:00,4858.9086
2016-09-22 00:00:00,4891.3627
2016-09-21 00:00:00,4853.7481
2016-09-20 00:00:00,4805.2197
2016-09-19 00:00:00,4796.071
2016-09-16 00:00:00,4818.0536
2016-09-15 00:00:00,4819.8967
2016-09-14 00:00:00,4746.0631
2016-09-13 00:00:00,4722.8446
2016-09-12 00:00:00,4764.6522
2016-09-09 00:00:00,4681.5348
2016-09-08 00:00:00,4803.998
2016-09-07 00:00:00,4831.8615
2016-09-06 00:00:00,4829.5121
2016-09-02 00:00:00,4798.7409
2016-09-01 00:00:00,4783.9384
2016-08-31 00:00:00,4771.0546
2016-08-30 00:00:00,4775.9949
2016-08-29 00:00:00,4791.0863
2016-08-26 00:00:00,4783.6938
2016-08-25 00:00:00,4775.425
2016-08-24 00:00:00,4783.4854
2016-08-23 00:00:00,4818.4797
2016-08-22 00:00:00,4808.558
2016-08-19 00:00:00,4806.1382
2016-08-18 00:00:00,4808.6842
2016-08-17 00:00:00,4805.4529
2016-08-16 00:00:00,4797.1874
2016-08-15 00:00:00,4827.1155
2016-08-12 00:00:00,4807.076
2016-08-11 00:00:00,4803.3141
2016-08-10 00:00:00,4783.393
2016-08-09 00:00:00,4795.7487
2016-08-08 00:00:00,4784.7431
2016-08-05 00:00:00,4791.2096
2016-08-04 00:00:00,4743.8122
2016-08-03 00:00:00,4734.3289
2016-08-02 00:00:00,4719.2125
2016-08-01 00:00:00,4756.0392
2016-07-29 00:00:00,4730.2308
2016-07-28 00:00:00,4721.4088
2016-07-27 00:00:00,4702.8846
2016-07-26 00:00:00,4672.112
2016-07-25 00:00:00,4665.9283
2016-07-22 00:00:00,4666.0715
2016-07-21 00:00:00,4647.0158
2016-07-20 00:00:00,4657.1999
2016-07-19 00:00:00,4603.2842
2016-07-18 00:00:00,4619.6802
2016-07-15 00:00:00,4589.8283
2016-07-14 00:00:00,4596.4885
2016-07-13 00:00:00,4565.7706
2016-07-12 00:00:00,4577.6119
2016-07-11 00:00:00,4554.7097
2016-07-08 00:00:00,4528.3643
2016-07-07 00:00:00,4459.5844
2016-07-06 00:00:00,4444.7024
2016-07-05 00:00:00,4410.747
2016-07-01 00:00:00,4437.4445
2016-06-30 00:00:00,4417.6985
2016-06-29 00:00:00,4364.7377
2016-06-28 00:00:00,4290.4675
2016-06-27 00:00:00,4201.0546
2016-06-24 00:00:00,4285.701
2016-06-23 00:00:00,4467.4815
2016-06-22 00:00:00,4404.7263
2016-06-21 00:00:00,4413.4042
2016-06-20 00:00:00,4400.1582
2016-06-17 00:00:00,4374.3805
2016-06-16 00:00:00,4424.2334
2016-06-15 00:00:00,4409.5096
2016-06-14 00:00:00,4424.9114
2016-06-13 00:00:00,4422.7594
2016-06-10 00:00:00,4461.0495
2016-06-09 00:00:00,4512.6894
2016-06-08 00:00:00,4520.6286
2016-06-07 00:00:00,4513.0869
2016-06-06 00:00:00,4523.6333
2016-06-03 00:00:00,4509.7925
2016-06-02 00:00:00,4531.3491
2016-06-01 00:00:00,4520.0683
2016-05-31 00:00:00,4523.8928
2016-05-27 00:00:00,4512.5412
2016-05-26 00:00:00,4487.9605
2016-05-25 00:00:00,4476.434
2016-05-24 00:00:00,4444.2968
2016-05-23 00:00:00,4355.0992
2016-05-20 00:00:00,4362.9029
2016-05-19 00:00:00,4315.5787
2016-05-18 00:00:00,4338.2323
2016-05-17 00:00:00,4322.5568
2016-05-16 00:00:00,4380.4836
2016-05-13 00:00:00,4326.5306
2016-05-12 00:00:00,4342.8088
2016-05-11 00:00:00,4361.0333
2016-05-10 00:00:00,4402.038
2016-05-09 00:00:00,4341.2307
2016-05-06 00:00:00,4330.1682
2016-05-05 00:00:00,4309.4846
2016-05-04 00:00:00,4312.014
2016-05-03 00:00:00,4341.3921
2016-05-02 00:00:00,4381.3039
2016-04-29 00:00:00,4341.2991
2016-04-28 00:00:00,4363.9927
2016-04-27 00:00:00,4416.6346
2016-04-26 00:00:00,4452.9656
2016-04-25 00:00:00,4474.1315
2016-04-22 00:00:00,4474.192
2016-04-21 00:00:00,4540.7985
2016-04-20 00:00:00,4540.4382
2016-04-19 00:00:00,4537.0897
2016-04-18 00:00:00,4569.3151
2016-04-15 00:00:00,4543.1612
2016-04-14 00:00:00,4554.6245
2016-04-13 00:00:00,4554.722
2016-04-12 00:00:00,4496.0447
2016-04-11 00:00:00,4458.7054
2016-04-08 00:00:00,4474.9254
2016-04-07 00:00:00,4475.2854
2016-04-06 00:00:00,4543.7812
2016-04-05 00:00:00,4470.7479
2016-04-04 00:00:00,4511.7036
2016-04-01 00:00:00,4532.0821
2016-03-31 00:00:00,4483.6552
2016-03-30 00:00:00,4490.8757
2016-03-29 00:00:00,4467.7186
2016-03-28 00:00:00,4398.0656
2016-03-24 00:00:00,4405.5324
2016-03-23 00:00:00,4402.5589
2016-03-22 00:00:00,4437.6189
2016-03-21 00:00:00,4426.9771
2016-03-18 00:00:00,4410.8279
2016-03-17 00:00:00,4400.2632
2016-03-16 00:00:00,4404.2018
2016-03-15 00:00:00,4367.0817
2016-03-14 00:00:00,4367.329
2016-03-11 00:00:00,4361.8298
2016-03-10 00:00:00,4286.9663
2016-03-09 00:00:00,4293.2324
2016-03-08 00:00:00,4265.5095
2016-03-07 00:00:00,4303.3336
2016-03-04 00:00:00,4329.0004
2016-03-03 00:00:00,4325.8621
2016-03-02 00:00:00,4334.3864
2016-03-01 00:00:00,4333.6143
2016-02-29 00:00:00,4201.1178
2016-02-26 00:00:00,4235.6163
2016-02-25 00:00:00,4241.0589
2016-02-24 00:00:00,4200.6592
2016-02-23 00:00:00,4162.5403
2016-02-22 00:00:00,4231.2682
2016-02-19 00:00:00,4164.0877
2016-02-18 00:00:00,4151.4922
2016-02-17 00:00:00,4199.103
2016-02-16 00:00:00,4104.3303
2016-02-12 00:00:00,4019.1909
2016-02-11 00:00:00,3962.2243
2016-02-10 00:00:00,3966.2752
2016-02-09 00:00:00,3947.804
2016-02-08 00:00:00,3960.671
2016-02-05 00:00:00,4024.4731
2016-02-04 00:00:00,4167.7716
2016-02-03 00:00:00,4171.9677
2016-02-02 00:00:00,4193.1004
2016-02-01 00:00:00,4286.5563
2016-01-29 00:00:00,4279.1694
2016-01-28 00:00:00,4186.0608
2016-01-27 00:00:00,4128.8611
2016-01-26 00:00:00,4233.85
2016-01-25 00:00:00,4196.5317
2016-01-22 00:00:00,4259.7735
2016-01-21 00:00:00,4142.5991
2016-01-20 00:00:00,4136.281
2016-01-19 00:00:00,4147.0749
2016-01-15 00:00:00,4141.0822
2016-01-14 00:00:00,4272.967
2016-01-13 00:00:00,4183.116
2016-01-12 00:00:00,4333.7175
2016-01-11 00:00:00,4283.5474
2016-01-08 00:00:00,4270.7824
2016-01-07 00:00:00,4305.7244
2016-01-06 00:00:00,4443.9851
2016-01-05 00:00:00,4484.1798
2016-01-04 00:00:00,4497.8568
2015-12-31 00:00:00,4593.2705
2015-12-30 00:00:00,4652.0085
2015-12-29 00:00:00,4691.077
2015-12-28 00:00:00,4621.3502
2015-12-24 00:00:00,4622.772
2015-12-23 00:00:00,4624.5868
2015-12-22 00:00:00,4589.2562
2015-12-21 00:00:00,4560.5524
2015-12-18 00:00:00,4514.8253
2015-12-17 00:00:00,4598.1377
2015-12-16 00:00:00,4664.5646
2015-12-15 00:00:00,4597.3273
2015-12-14 00:00:00,4570.1573
2015-12-11 00:00:00,4537.5629
2015-12-10 00:00:00,4643.0482
2015-12-09 00:00:00,4622.1382
2015-12-08 00:00:00,4694.7668
2015-12-07 00:00:00,4693.6207
2015-12-04 00:00:00,4716.1196
2015-12-03 00:00:00,4606.7547
2015-12-02 00:00:00,4686.2231
2015-12-01 00:00:00,4716.1581
2015-11-30 00:00:00,4664.5097
2015-11-27 00:00:00,4680.4651
2015-11-25 00:00:00,4672.8837
2015-11-24 00:00:00,4669.409
2015-11-23 00:00:00,4674.7928
2015-11-20 00:00:00,4686.3578
2015-11-19 00:00:00,4655.355
2015-11-18 00:00:00,4653.4445
2015-11-17 00:00:00,4565.8173
2015-11-16 00:00:00,4565.4682
2015-11-13 00:00:00,4502.1373
2015-11-12 00:00:00,4588.9307
2015-11-11 00:00:00,4636.9369
2015-11-10 00:00:00,4641.7286
2015-11-09 00:00:00,4655.5153
2015-11-06 00:00:00,4707.2315
2015-11-05 00:00:00,4702.8961
2015-11-04 00:00:00,4717.5526
2015-11-03 00:00:00,4719.0531
2015-11-02 00:00:00,4703.915
2015-10-30 00:00:00,4648.8307
2015-10-29 00:00:00,4670.7649
2015-10-28 00:00:00,4678.5751
2015-10-27 00:00:00,4639.2336
2015-10-26 00:00:00,4630.846
2015-10-23 00:00:00,4624.0897
2015-10-22 00:00:00,4503.216
2015-10-21 00:00:00,4413.5245
2015-10-20 00:00:00,4438.1806
2015-10-19 00:00:00,4462.0661
2015-10-16 00:00:00,4438.6218
2015-10-15 00:00:00,4418.221
2015-10-14 00:00:00,4346.9225
2015-10-13 00:00:00,4352.9386
2015-10-12 00:00:00,4382.5631
2015-10-09 00:00:00,4370.0092
2015-10-08 00:00:00,4350.1494
2015-10-07 00:00:00,4333.464
2015-10-06 00:00:00,4306.6995
2015-10-05 00:00:00,4331.4316
2015-10-02 00:00:00,4267.4502
2015-10-01 00:00:00,4192.9636
2015-09-30 00:00:00,4181.0599
2015-09-29 00:00:00,4083.3717
2015-09-28 00:00:00,4103.4698
2015-09-25 00:00:00,4224.7405
2015-09-24 00:00:00,4261.1047
2015-09-23 00:00:00,4273.5312
2015-09-22 00:00:00,4274.0982
2015-09-21 00:00:00,4336.1297
2015-09-18 00:00:00,4323.858
2015-09-17 00:00:00,4384.9615
2015-09-16 00:00:00,4383.6698
2015-09-15 00:00:00,4360.2796
2015-09-14 00:00:00,4308.7604
2015-09-11 00:00:00,4323.2302
2015-09-10 00:00:00,4296.2986
2015-09-09 00:00:00,4253.4479
2015-09-08 00:00:00,4303.5262
2015-09-04 00:00:00,4184.7214
2015-09-03 00:00:00,4234.6537
2015-09-02 00:00:00,4256.2303
2015-09-01 00:00:00,4142.634
2015-08-31 00:00:00,4274.5842
2015-08-28 00:00:00,4329.1211
2015-08-27 00:00:00,4324.8214
2015-08-26 00:00:00,4219.5994
2015-08-25 00:00:00,4016.3238
2015-08-24 00:00:00,4038.6024
2015-08-21 00:00:00,4197.2705
2015-08-20 00:00:00,4385.126
2015-08-19 00:00:00,4510.8991
2015-08-18 00:00:00,4542.0702
2015-08-17 00:00:00,4566.3695
2015-08-14 00:00:00,4530.7394
2015-08-13 00:00:00,4519.3166
2015-08-12 00:00:00,4528.1893
2015-08-11 00:00:00,4513.9922
2015-08-10 00:00:00,4573.1131
2015-08-07 00:00:00,4520.0797
2015-08-06 00:00:00,4528.5068
2015-08-05 00:00:00,4602.2384
2015-08-04 00:00:00,4567.4652
2015-08-03 00:00:00,4580.4631
2015-07-31 00:00:00,4588.9071
2015-07-30 00:00:00,4598.5928
2015-07-29 00:00:00,4581.6043
2015-07-28 00:00:00,4560.2328
2015-07-27 00:00:00,4519.0928
2015-07-24 00:00:00,4557.3743
2015-07-23 00:00:00,4602.8297
2015-07-22 00:00:00,4623.2415
2015-07-21 00:00:00,4674.4053
2015-07-20 00:00:00,4679.675
2015-07-17 00:00:00,4661.5967
2015-07-16 00:00:00,4594.8955
2015-07-15 00:00:00,4528.3577
2015-07-14 00:00:00,4523.4658
2015-07-13 00:00:00,4494.4693
2015-07-10 00:00:00,4420.1521
2015-07-09 00:00:00,4352.0326
2015-07-08 00:00:00,4351.5781
2015-07-07 00:00:00,4429.0605
2015-07-06 00:00:00,4418.6622
2015-07-02 00:00:00,4433.3935
2015-07-01 00:00:00,4429.2256
2015-06-30 00:00:00,4396.7612
2015-06-29 00:00:00,4379.865
2015-06-26 00:00:00,4484.2813
2015-06-25 00:00:00,4514.0076
2015-06-24 00:00:00,4524.5971
2015-06-23 00:00:00,4548.7403
2015-06-22 00:00:00,4544.04
2015-06-19 00:00:00,4513.4242
2015-06-18 00:00:00,4531.8477
2015-06-17 00:00:00,4468.9822
2015-06-16 00:00:00,4455.897
2015-06-15 00:00:00,4432.9159
2015-06-12 00:00:00,4453.7938
2015-06-11 00:00:00,4488.4701
2015-06-10 00:00:00,4485.4629
2015-06-09 00:00:00,4427.6081
2015-06-08 00:00:00,4431.5146
2015-06-05 00:00:00,4477.185
2015-06-04 00:00:00,4487.0306
2015-06-03 00:00:00,4519.863
2015-06-02 00:00:00,4508.8858
2015-06-01 00:00:00,4521.8466
2015-05-29 00:00:00,4508.2529
2015-05-28 00:00:00,4535.6574
2015-05-27 00:00:00,4546.0601
2015-05-26 00:00:00,4472.9603
2015-05-22 00:00:00,4527.1571
2015-05-21 00:00:00,4529.4671
2015-05-20 00:00:00,4505.3002
2015-05-19 00:00:00,4503.7184
2015-05-18 00:00:00,4512.9481
2015-05-15 00:00:00,4494.2905
2015-05-14 00:00:00,4495.0372
2015-05-13 00:00:00,4426.5601
2015-05-12 00:00:00,4420.6469
2015-05-11 00:00:00,4438.6354
2015-05-08 00:00:00,4458.6502
2015-05-07 00:00:00,4401.5518
2015-05-06 00:00:00,4379.7476
2015-05-05 00:00:00,4409.3936
2015-05-04 00:00:00,4482.6096
2015-05-01 00:00:00,4479.0562
2015-04-30 00:00:00,4414.2522
2015-04-29 00:00:00,4488.152
2015-04-28 00:00:00,4515.2651
2015-04-27 00:00:00,4525.0354
2015-04-24 00:00:00,4536.7783
2015-04-23 00:00:00,4477.0671
2015-04-22 00:00:00,4460.8134
2015-04-21 00:00:00,4435.9764
2015-04-20 00:00:00,4417.3968
2015-04-17 00:00:00,4351.7987
2015-04-16 00:00:00,4418.8312
2015-04-15 00:00:00,4424.5295
2015-04-14 00:00:00,4397.6448
2015-04-13 00:00:00,4409.2083
2015-04-10 00:00:00,4422.0224
2015-04-09 00:00:00,4403.9534
2015-04-08 00:00:00,4375.9604
2015-04-07 00:00:00,4344.0795
2015-04-06 00:00:00,4350.9795
2015-04-02 00:00:00,4316.0065
2015-04-01 00:00:00,4311.2573
2015-03-31 00:00:00,4333.6884
2015-03-30 00:00:00,4382.8188
2015-03-27 00:00:00,4332.8615
2015-03-26 00:00:00,4315.258
2015-03-25 00:00:00,4329.2872
2015-03-24 00:00:00,4430.9855
2015-03-23 00:00:00,4445.5447
2015-03-20 00:00:00,4458.5384
2015-03-19 00:00:00,4426.8247
2015-03-18 00:00:00,4422.502
2015-03-17 00:00:00,4375.625
2015-03-16 00:00:00,4370.4682
2015-03-13 00:00:00,4314.9001
2015-03-12 00:00:00,4336.2273
2015-03-11 00:00:00,4305.3814
2015-03-10 00:00:00,4329.0815
2015-03-09 00:00:00,4412.9887
2015-03-06 00:00:00,4399.231
2015-03-05 00:00:00,4452.0568
2015-03-04 00:00:00,4445.3597
2015-03-03 00:00:00,4458.7778
2015-03-02 00:00:00,4483.049
2015-02-27 00:00:00,4440.6724
2015-02-26 00:00:00,4462.2722
2015-02-25 00:00:00,4440.5911
2015-02-24 00:00:00,4451.0292
2015-02-23 00:00:00,4449.4909
2015-02-20 00:00:00,4443.0534
2015-02-19 00:00:00,4411.8634
2015-02-18 00:00:00,4390.9117
2015-02-17 00:00:00,4385.342
2015-02-13 00:00:00,4384.0278
2015-02-12 00:00:00,4347.9722
2015-02-11 00:00:00,4297.282
2015-02-10 00:00:00,4281.155
2015-02-09 00:00:00,4216.0865
2015-02-06 00:00:00,4228.6818
2015-02-05 00:00:00,4256.1813
2015-02-04 00:00:00,4221.1989
2015-02-03 00:00:00,4229.1492
2015-02-02 00:00:00,4188.5861
2015-01-30 00:00:00,4148.4302
2015-01-29 00:00:00,4181.3514
2015-01-28 00:00:00,4140.3756
2015-01-27 00:00:00,4165.5017
2015-01-26 00:00:00,4275.7154
2015-01-23 00:00:00,4278.1424
2015-01-22 00:00:00,4270.3628
2015-01-21 00:00:00,4192.0934
2015-01-20 00:00:00,4171.2143
2015-01-16 00:00:00,4142.1401
2015-01-15 00:00:00,4089.6482
2015-01-14 00:00:00,4145.8414
2015-01-13 00:00:00,4166.2025
2015-01-12 00:00:00,4169.9704
2015-01-09 00:00:00,4213.2758
2015-01-08 00:00:00,4240.5495
2015-01-07 00:00:00,4159.9995
2015-01-06 00:00:00,4110.8301
2015-01-05 00:00:00,4160.9644
2015-01-02 00:00:00,4230.2368
2014-12-31 00:00:00,4236.2788
2014-12-30 00:00:00,4282.3477
2014-12-29 00:00:00,4312.6442
2014-12-26 00:00:00,4314.0947
2014-12-24 00:00:00,4283.0978
2014-12-23 00:00:00,4279.302
2014-12-22 00:00:00,4293.6731
2014-12-19 00:00:00,4281.7828
2014-12-18 00:00:00,4267.7744
2014-12-17 00:00:00,4165.0986
2014-12-16 00:00:00,4089.6013
2014-12-15 00:00:00,4157.4149
2014-12-12 00:00:00,4199.2847
2014-12-11 00:00:00,4246.4768
2014-12-10 00:00:00,4224.8722
2014-12-09 00:00:00,4294.6676
2014-12-08 00:00:00,4278.3376
2014-12-05 00:00:00,4311.5729
2014-12-04 00:00:00,4311.9308
2014-12-03 00:00:00,4312.9324
2014-12-02 00:00:00,4305.9618
2014-12-01 00:00:00,4287.8126
2014-11-28 00:00:00,4337.7848
2014-11-26 00:00:00,4317.9882
2014-11-25 00:00:00,4288.2289
2014-11-24 00:00:00,4284.3178
2014-11-21 00:00:00,4251.3236
2014-11-20 00:00:00,4242.0904
2014-11-19 00:00:00,4222.6622
2014-11-18 00:00:00,4242.1857
2014-11-17 00:00:00,4213.7888
2014-11-14 00:00:00,4224.9864
2014-11-13 00:00:00,4213.4851
2014-11-12 00:00:00,4195.4007
2014-11-11 00:00:00,4187.1634
2014-11-10 00:00:00,4175.9464
2014-11-07 00:00:00,4160.5047
2014-11-06 00:00:00,4164.0807
2014-11-05 00:00:00,4153.2687
2014-11-04 00:00:00,4156.228
2014-11-03 00:00:00,4169.2845
2014-10-31 00:00:00,4158.2107
2014-10-30 00:00:00,4100.6367
2014-10-29 00:00:00,4090.553
2014-10-28 00:00:00,4106.6253
2014-10-27 00:00:00,4046.0151
2014-10-24 00:00:00,4042.0168
2014-10-23 00:00:00,4012.268
2014-10-22 00:00:00,3949.5868
2014-10-21 00:00:00,3971.3921
2014-10-20 00:00:00,3870.0776
2014-10-17 00:00:00,3815.4705
2014-10-16 00:00:00,3765.2806
2014-10-15 00:00:00,3785.9739
2014-10-14 00:00:00,3810.4521
2014-10-13 00:00:00,3807.9955
2014-10-10 00:00:00,3870.8549
2014-10-09 00:00:00,3969.3214
2014-10-08 00:00:00,4041.1231
2014-10-07 00:00:00,3958.5891
2014-10-06 00:00:00,4016.2661
2014-10-03 00:00:00,4027.3072
2014-10-02 00:00:00,3985.8671
2014-10-01 00:00:00,3984.7431
2014-09-30 00:00:00,4049.4449
2014-09-29 00:00:00,4047.1755
2014-09-26 00:00:00,4053.7192
2014-09-25 00:00:00,4007.8212
2014-09-24 00:00:00,4094.3129
2014-09-23 00:00:00,4051.5729
2014-09-22 00:00:00,4061.2345
2014-09-19 00:00:00,4100.093
2014-09-18 00:00:00,4103.0831
2014-09-17 00:00:00,4073.5671
2014-09-16 00:00:00,4067.2738
2014-09-15 00:00:00,4029.8861
2014-09-12 00:00:00,4069.2333
2014-09-11 00:00:00,4092.6465
2014-09-10 00:00:00,4094.9705
2014-09-09 00:00:00,4061.8805
2014-09-08 00:00:00,4095.4649
2014-09-05 00:00:00,4089.9185
2014-09-04 00:00:00,4066.1313
2014-09-03 00:00:00,4070.9572
2014-09-02 00:00:00,4095.8095
2014-08-29 00:00:00,4082.5588
2014-08-28 00:00:00,4066.2731
2014-08-27 00:00:00,4073.1769
2014-08-26 00:00:00,4071.6699
2014-08-25 00:00:00,4067.476
2014-08-22 00:00:00,4052.7518
2014-08-21 00:00:00,4047.0263
2014-08-20 00:00:00,4040.7045
2014-08-19 00:00:00,4040.1297
2014-08-18 00:00:00,4020.4962
2014-08-15 00:00:00,3987.5112
2014-08-14 00:00:00,3969.1136
2014-08-13 00:00:00,3949.2033
2014-08-12 00:00:00,3905.2247
2014-08-11 00:00:00,3910.4612
2014-08-08 00:00:00,3888.0919
2014-08-07 00:00:00,3857.9381
2014-08-06 00:00:00,3874.2669
2014-08-05 00:00:00,3874.9413
2014-08-04 00:00:00,3908.7697
2014-08-01 00:00:00,3879.6696
2014-07-31 00:00:00,3892.4959
2014-07-30 00:00:00,3976.0664
2014-07-29 00:00:00,3959.0334
2014-07-28 00:00:00,3967.244
2014-07-25 00:00:00,3965.1645
2014-07-24 00:00:00,3983.1879
2014-07-23 00:00:00,3986.1919
2014-07-22 00:00:00,3961.6233
2014-07-21 00:00:00,3934.1364
2014-07-18 00:00:00,3939.8936
2014-07-17 00:00:00,3878.0076
2014-07-16 00:00:00,3932.334
2014-07-15 00:00:00,3914.4546
2014-07-14 00:00:00,3929.4637
2014-07-11 00:00:00,3904.5793
2014-07-10 00:00:00,3880.0378
2014-07-09 00:00:00,3892.9135
2014-07-08 00:00:00,3864.0655
2014-07-07 00:00:00,3910.7074
2014-07-03 00:00:00,3923.0099
2014-07-02 00:00:00,3899.2703
2014-07-01 00:00:00,3894.3295
2014-06-30 00:00:00,3849.4784
2014-06-27 00:00:00,3844.4382
2014-06-26 00:00:00,3826.9116
2014-06-25 00:00:00,3827.3291
2014-06-24 00:00:00,3799.5302
2014-06-23 00:00:00,3805.3132
2014-06-20 00:00:00,3802.6381
2014-06-19 00:00:00,3800.7972
2014-06-18 00:00:00,3804.6058
2014-06-17 00:00:00,3781.3189
2014-06-16 00:00:00,3779.9334
2014-06-13 00:00:00,3775.5637
2014-06-12 00:00:00,3763.8029
2014-06-11 00:00:00,3797.8497
2014-06-10 00:00:00,3800.8597
2014-06-09 00:00:00,3795.7433
2014-06-06 00:00:00,3794.5704
2014-06-05 00:00:00,3776.9505
2014-06-04 00:00:00,3743.594
2014-06-03 00:00:00,3730.0714
2014-06-02 00:00:00,3732.9611
2014-05-30 00:00:00,3736.8212
2014-05-29 00:00:00,3735.7215
2014-05-28 00:00:00,3712.2615
2014-05-27 00:00:00,3723.0647
2014-05-23 00:00:00,3677.3341
2014-05-22 00:00:00,3650.8625
2014-05-21 00:00:00,3635.6144
2014-05-20 00:00:00,3600.3075
2014-05-19 00:00:00,3615.6169
2014-05-16 00:00:00,3587.1992
2014-05-15 00:00:00,3565.1736
2014-05-14 00:00:00,3593.2492
2014-05-13 00:00:00,3611.1305
2014-05-12 00:00:00,3612.7256
2014-05-09 00:00:00,3555.6985
2014-05-08 00:00:00,3540.4193
2014-05-07 00:00:00,3546.4733
2014-05-06 00:00:00,3556.5087
2014-05-05 00:00:00,3605.092
2014-05-02 00:00:00,3587.6438
2014-05-01 00:00:00,3594.3623
2014-04-30 00:00:00,3582.0197
2014-04-29 00:00:00,3573.9899
2014-04-28 00:00:00,3545.0249
2014-04-25 00:00:00,3533.0956
2014-04-24 00:00:00,3591.0285
2014-04-23 00:00:00,3557.0359
2014-04-22 00:00:00,3588.8047
2014-04-21 00:00:00,3559.9473
2014-04-17 00:00:00,3534.5323
2014-04-16 00:00:00,3533.086
2014-04-15 00:00:00,3487.8528
2014-04-14 00:00:00,3474.6325
2014-04-11 00:00:00,3446.8451
2014-04-10 00:00:00,3487.763
2014-04-09 00:00:00,3600.4379
2014-04-08 00:00:00,3538.2257
2014-04-07 00:00:00,3507.7511
2014-04-04 00:00:00,3539.3765
2014-04-03 00:00:00,3637.5768
2014-04-02 00:00:00,3665.9915
2014-04-01 00:00:00,3658.396
2014-03-31 00:00:00,3595.7361
2014-03-28 00:00:00,3571.4847
2014-03-27 00:00:00,3563.1341
2014-03-26 00:00:00,3582.8886
2014-03-25 00:00:00,3629.7299
2014-03-24 00:00:00,3617.3906
2014-03-21 00:00:00,3653.069
2014-03-20 00:00:00,3693.9693
2014-03-19 00:00:00,3682.7346
2014-03-18 00:00:00,3706.6236
2014-03-17 00:00:00,3662.5095
2014-03-14 00:00:00,3627.8699
2014-03-13 00:00:00,3651.4944
2014-03-12 00:00:00,3707.0626
2014-03-11 00:00:00,3691.5007
2014-03-10 00:00:00,3706.3429
2014-03-07 00:00:00,3703.4038
2014-03-06 00:00:00,3720.93
2014-03-05 00:00:00,3727.185
2014-03-04 00:00:00,3719.9271
2014-03-03 00:00:00,3668.3683
2014-02-28 00:00:00,3696.0984
2014-02-27 00:00:00,3699.8002
2014-02-26 00:00:00,3676.6009
2014-02-25 00:00:00,3679.1429
2014-02-24 00:00:00,3685.8143
2014-02-21 00:00:00,3662.6035
2014-02-20 00:00:00,3671.9311
2014-02-19 00:00:00,3652.8449
2014-02-18 00:00:00,3679.4284
2014-02-14 00:00:00,3663.8783
2014-02-13 00:00:00,3659.563
2014-02-12 00:00:00,3627.3583
2014-02-11 00:00:00,3621.7195
2014-02-10 00:00:00,3582.1111
2014-02-07 00:00:00,3561.9069
2014-02-06 00:00:00,3497.5953
2014-02-05 00:00:00,3454.8949
2014-02-04 00:00:00,3470.2037
2014-02-03 00:00:00,3440.5023
2014-01-31 00:00:00,3521.9219
2014-01-30 00:00:00,3532.4088
2014-01-29 00:00:00,3467.8189
2014-01-28 00:00:00,3505.7162
2014-01-27 00:00:00,3509.0202
2014-01-24 00:00:00,3541.4807
2014-01-23 00:00:00,3613.7553
2014-01-22 00:00:00,3627.7201
2014-01-21 00:00:00,3617.7034
2014-01-20 00:00:00,3591.2459
2014-01-17 00:00:00,3591.2459
2014-01-16 00:00:00,3611.2868
2014-01-15 00:00:00,3609.8402
2014-01-14 00:00:00,3580.646
2014-01-13 00:00:00,3512.7965
2014-01-10 00:00:00,3565.0815
2014-01-09 00:00:00,3552.5752
2014-01-08 00:00:00,3567.5358
2014-01-07 00:00:00,3557.8543
2014-01-06 00:00:00,3526.9582
2014-01-03 00:00:00,3538.7308
2014-01-02 00:00:00,3563.5666
2014-01-01 00:00:00,3591.996
2013-12-31 00:00:00,3591.996
2013-12-30 00:00:00,3570.0803
2013-12-27 00:00:00,3574.0197
2013-12-26 00:00:00,3584.5762
2013-12-25 00:00:00,3572.7953
2013-12-24 00:00:00,3572.7952
2013-12-23 00:00:00,3569.3956
2013-12-20 00:00:00,3531.1893
2013-12-19 00:00:00,3498.6262
2013-12-18 00:00:00,3509.6271
2013-12-17 00:00:00,3469.3188
2013-12-16 00:00:00,3475.7946
2013-12-13 00:00:00,3456.401
2013-12-12 00:00:00,3460.2918
2013-12-11 00:00:00,3468.9941
2013-12-10 00:00:00,3514.2043
2013-12-09 00:00:00,3516.172
2013-12-06 00:00:00,3504.2577
2013-12-05 00:00:00,3477.7269
2013-12-04 00:00:00,3483.0059
2013-12-03 00:00:00,3479.3357
2013-12-02 00:00:00,3481.1506
2013-11-29 00:00:00,3487.8203
2013-11-28 00:00:00,3470.4767
2013-11-27 00:00:00,3470.4767
2013-11-26 00:00:00,3445.7637
2013-11-25 00:00:00,3427.4886
2013-11-22 00:00:00,3422.016
2013-11-21 00:00:00,3402.7347
2013-11-20 00:00:00,3367.1669
2013-11-19 00:00:00,3378.1334
2013-11-18 00:00:00,3388.8713
2013-11-15 00:00:00,3422.5787
2013-11-14 00:00:00,3415.1373
2013-11-13 00:00:00,3405.5646
2013-11-12 00:00:00,3365.225
2013-11-11 00:00:00,3362.9751
2013-11-08 00:00:00,3366.8414
2013-11-07 00:00:00,3321.411
2013-11-06 00:00:00,3385.3795
2013-11-05 00:00:00,3388.823
2013-11-04 00:00:00,3384.7465
2013-11-01 00:00:00,3379.7644
2013-10-31 00:00:00,3377.7312
2013-10-30 00:00:00,3385.3783
2013-10-29 00:00:00,3391.7468
2013-10-28 00:00:00,3382.6757
2013-10-25 00:00:00,3383.8276
2013-10-24 00:00:00,3362.3744
2013-10-23 00:00:00,3346.0501
2013-10-22 00:00:00,3366.9294
2013-10-21 00:00:00,3361.1794
2013-10-18 00:00:00,3353.876
2013-10-17 00:00:00,3301.2784
2013-10-16 00:00:00,3281.6683
2013-10-15 00:00:00,3244.663
2013-10-14 00:00:00,3256.0213
2013-10-11 00:00:00,3233.8265
2013-10-10 00:00:00,3210.8431
2013-10-09 00:00:00,3142.5354
2013-10-08 00:00:00,3153.8687
2013-10-07 00:00:00,3215.6938
2013-10-04 00:00:00,3242.5745
2013-10-03 00:00:00,3213.8326
2013-10-02 00:00:00,3253.2548
2013-10-01 00:00:00,3253.0454
2013-09-30 00:00:00,3218.198
2013-09-27 00:00:00,3230.3049
2013-09-26 00:00:00,3234.0364
2013-09-25 00:00:00,3208.5491
2013-09-24 00:00:00,3218.6586
2013-09-23 00:00:00,3219.3416
2013-09-20 00:00:00,3224.7331
2013-09-19 00:00:00,3237.6107
2013-09-18 00:00:00,3231.308
2013-09-17 00:00:00,3190.8311
2013-09-16 00:00:00,3168.688
2013-09-13 00:00:00,3178.2748
2013-09-12 00:00:00,3175.5662
2013-09-11 00:00:00,3179.8629
2013-09-10 00:00:00,3185.0686
2013-09-09 00:00:00,3169.9278
2013-09-06 00:00:00,3133.3761
2013-09-05 00:00:00,3129.9382
2013-09-04 00:00:00,3124.5404
2013-09-03 00:00:00,3091.7584
2013-08-30 00:00:00,3073.8124
2013-08-29 00:00:00,3093.3602
2013-08-28 00:00:00,3072.1743
2013-08-27 00:00:00,3059.5778
2013-08-26 00:00:00,3122.6726
2013-08-23 00:00:00,3124.2666
2013-08-22 00:00:00,3101.8186
2013-08-21 00:00:00,3071.4667
2013-08-20 00:00:00,3082.1691
2013-08-19 00:00:00,3069.7594
2013-08-16 00:00:00,3073.9142
2013-08-15 00:00:00,3076.2309
2013-08-14 00:00:00,3129.4464
2013-08-13 00:00:00,3141.0644
2013-08-12 00:00:00,3125.9247
2013-08-09 00:00:00,3118.5719
2013-08-08 00:00:00,3130.1249
2013-08-07 00:00:00,3118.6944
2013-08-06 00:00:00,3122.1986
2013-08-05 00:00:00,3143.1868
2013-08-02 00:00:00,3143.5203
2013-08-01 00:00:00,3126.3006
2013-07-31 00:00:00,3090.1853
2013-07-30 00:00:00,3085.3317
2013-07-29 00:00:00,3068.9531
2013-07-26 00:00:00,3076.228
2013-07-25 00:00:00,3061.6717
2013-07-24 00:00:00,3041.1553
2013-07-23 00:00:00,3031.3991
2013-07-22 00:00:00,3055.2252
2013-07-19 00:00:00,3044.9252
2013-07-18 00:00:00,3077.8162
2013-07-17 00:00:00,3085.2768
2013-07-16 00:00:00,3077.4675
2013-07-15 00:00:00,3079.851
2013-07-12 00:00:00,3079.0737
2013-07-11 00:00:00,3059.4559
2013-07-10 00:00:00,3000.6571
2013-07-09 00:00:00,2984.3226
2013-07-08 00:00:00,2966.1341
2013-07-05 00:00:00,2963.2194
2013-07-03 00:00:00,2941.4103
2013-07-02 00:00:00,2929.6341
2013-07-01 00:00:00,2927.3464
2013-06-28 00:00:00,2909.5993
2013-06-27 00:00:00,2906.8403
2013-06-26 00:00:00,2893.8538
2013-06-25 00:00:00,2866.4965
2013-06-24 00:00:00,2848.1978
2013-06-21 00:00:00,2877.9445
2013-06-20 00:00:00,2890.3317
2013-06-19 00:00:00,2959.5025
2013-06-18 00:00:00,2996.0889
2013-06-17 00:00:00,2971.2576
2013-06-14 00:00:00,2943.8615
2013-06-13 00:00:00,2962.9008
2013-06-12 00:00:00,2926.1372
2013-06-11 00:00:00,2959.8439
2013-06-10 00:00:00,2990.491
2013-06-07 00:00:00,2990.8693
2013-06-06 00:00:00,2950.3036
2013-06-05 00:00:00,2937.141
2013-06-04 00:00:00,2973.6944
2013-06-03 00:00:00,2990.7879
2013-05-31 00:00:00,2981.7564
2013-05-30 00:00:00,3011.832
2013-05-29 00:00:00,2994.8205
2013-05-28 00:00:00,3011.9391
2013-05-24 00:00:00,2991.0238
2013-05-23 00:00:00,2991.4512
2013-05-22 00:00:00,2999.1274
2013-05-21 00:00:00,3026.4512
2013-05-20 00:00:00,3020.9721
2013-05-17 00:00:00,3028.9568
2013-05-16 00:00:00,2999.3427
2013-05-15 00:00:00,3002.6223
2013-05-14 00:00:00,2996.0468
2013-05-13 00:00:00,2982.0897
2013-05-10 00:00:00,2981.0193
2013-05-09 00:00:00,2961.1192
2013-05-08 00:00:00,2968.24
2013-05-07 00:00:00,2952.8826
2013-05-06 00:00:00,2955.3628
2013-05-03 00:00:00,2944.5909
2013-05-02 00:00:00,2911.1351
2013-05-01 00:00:00,2873.3462
2013-04-30 00:00:00,2887.4423
2013-04-29 00:00:00,2866.9459
2013-04-26 00:00:00,2840.5465
2013-04-25 00:00:00,2848.6551
2013-04-24 00:00:00,2834.1178
2013-04-23 00:00:00,2835.3672
2013-04-22 00:00:00,2810.0701
2013-04-19 00:00:00,2780.4638
2013-04-18 00:00:00,2741.9493
2013-04-17 00:00:00,2781.9774
2013-04-16 00:00:00,2838.4085
2013-04-15 00:00:00,2797.4743
2013-04-12 00:00:00,2856.4813
2013-04-11 00:00:00,2859.0694
2013-04-10 00:00:00,2859.2092
2013-04-09 00:00:00,2804.6656
2013-04-08 00:00:00,2786.1294
2013-04-05 00:00:00,2771.7516
2013-04-04 00:00:00,2794.9249
2013-04-03 00:00:00,2795.0371
2013-04-02 00:00:00,2820.624
2013-04-01 00:00:00,2797.0675
2013-03-28 00:00:00,2818.6896
2013-03-27 00:00:00,2809.9845
2013-03-26 00:00:00,2806.4964
2013-03-25 00:00:00,2789.4483
2013-03-22 00:00:00,2800.8063
2013-03-21 00:00:00,2774.8516
2013-03-20 00:00:00,2805.9104
2013-03-19 00:00:00,2787.2723
2013-03-18 00:00:00,2792.2981
2013-03-15 00:00:00,2799.4085
2013-03-14 00:00:00,2807.2996
2013-03-13 00:00:00,2798.6816
2013-03-12 00:00:00,2800.8086
2013-03-11 00:00:00,2811.8566
2013-03-08 00:00:00,2804.1116
2013-03-07 00:00:00,2799.4878
2013-03-06 00:00:00,2792.5595
2013-03-05 00:00:00,2799.2462
2013-03-04 00:00:00,2759.5336
2013-03-01 00:00:00,2747.7524
2013-02-28 00:00:00,2738.5838
2013-02-27 00:00:00,2741.2562
2013-02-26 00:00:00,2713.0157
2013-02-25 00:00:00,2700.9671
2013-02-22 00:00:00,2737.2831
2013-02-21 00:00:00,2711.5115
2013-02-20 00:00:00,2739.9893
2013-02-19 00:00:00,2782.8554
2013-02-15 00:00:00,2764.6665
2013-02-14 00:00:00,2771.4295
2013-02-13 00:00:00,2773.7679
2013-02-12 00:00:00,2762.6196
2013-02-11 00:00:00,2774.6361
2013-02-08 00:00:00,2775.5575
2013-02-07 00:00:00,2746.5013
2013-02-06 00:00:00,2746.3455
2013-02-05 00:00:00,2754.9893
2013-02-04 00:00:00,2715.6844
2013-02-01 00:00:00,2763.9619
2013-01-31 00:00:00,2731.5334
2013-01-30 00:00:00,2738.7137
2013-01-29 00:00:00,2743.5797
2013-01-28 00:00:00,2742.4337
2013-01-25 00:00:00,2736.7301
2013-01-24 00:00:00,2723.5313
2013-01-23 00:00:00,2762.169
2013-01-22 00:00:00,2746.1854
2013-01-18 00:00:00,2743.239
2013-01-17 00:00:00,2747.1467
2013-01-16 00:00:00,2734.7258
2013-01-15 00:00:00,2722.9829
2013-01-14 00:00:00,2735.7031
2013-01-11 00:00:00,2748.2613
2013-01-10 00:00:00,2744.1811
2013-01-09 00:00:00,2727.6503
2013-01-08 00:00:00,2718.7199
2013-01-07 00:00:00,2724.2188
2013-01-04 00:00:00,2724.4911
2013-01-03 00:00:00,2732.2578
2013-01-02 00:00:00,2746.4743
2012-12-31 00:00:00,2660.9308
2012-12-28 00:00:00,2606.3595
2012-12-27 00:00:00,2632.9377
2012-12-26 00:00:00,2637.1816
2012-12-24 00:00:00,2658.0463
2012-12-21 00:00:00,2664.6737
2012-12-20 00:00:00,2693.5516
2012-12-19 00:00:00,2690.9904
2012-12-18 00:00:00,2705.3861
2012-12-17 00:00:00,2664.2601
2012-12-14 00:00:00,2628.0911
2012-12-13 00:00:00,2654.014
2012-12-12 00:00:00,2674.5667
2012-12-11 00:00:00,2682.0682
2012-12-10 00:00:00,2647.571
2012-12-07 00:00:00,2640.5389
2012-12-06 00:00:00,2656.3004
2012-12-05 00:00:00,2637.8899
2012-12-04 00:00:00,2667.8876
2012-12-03 00:00:00,2671.8364
2012-11-30 00:00:00,2677.8787
2012-11-29 00:00:00,2680.0338
2012-11-28 00:00:00,2629.99
2012-11-27 00:00:00,2641.4226
2012-11-26 00:00:00,2651.6686
2012-11-23 00:00:00,2639.59
2012-11-21 00:00:00,2600.4769
2012-11-20 00:00:00,2594.6637
2012-11-19 00:00:00,2595.828
2012-11-16 00:00:00,2534.1554
2012-11-15 00:00:00,2524.3557
2012-11-14 00:00:00,2531.8695
2012-11-13 00:00:00,2561.8591
2012-11-12 00:00:00,2582.7745
2012-11-09 00:00:00,2584.0979
2012-11-08 00:00:00,2572.5665
2012-11-07 00:00:00,2612.6857
2012-11-06 00:00:00,2681.0487
2012-11-05 00:00:00,2672.908
2012-11-02 00:00:00,2656.2752
2012-11-01 00:00:00,2687.5152
2012-10-31 00:00:00,2647.9188
2012-10-29 00:00:00,2665.83
2012-10-26 00:00:00,2665.8326
2012-10-25 00:00:00,2657.6573
2012-10-24 00:00:00,2655.554
2012-10-23 00:00:00,2666.0198
2012-10-22 00:00:00,2694.5566
2012-10-19 00:00:00,2678.3151
2012-10-18 00:00:00,2744.1692
2012-10-17 00:00:00,2775.6241
2012-10-16 00:00:00,2778.378
2012-10-15 00:00:00,2739.8749
2012-10-12 00:00:00,2720.143
2012-10-11 00:00:00,2719.2064
2012-10-10 00:00:00,2728.5436
2012-10-09 00:00:00,2741.9197
2012-10-08 00:00:00,2786.9241
2012-10-05 00:00:00,2811.944
2012-10-04 00:00:00,2828.5988
2012-10-03 00:00:00,2818.8382
2012-10-02 00:00:00,2799.2884
2012-10-01 00:00:00,2794.2755
2012-09-28 00:00:00,2799.1927
2012-09-27 00:00:00,2821.5957
2012-09-26 00:00:00,2781.6304
2012-09-25 00:00:00,2804.5276
2012-09-24 00:00:00,2843.9842
2012-09-21 00:00:00,2861.6371
2012-09-20 00:00:00,2861.6967
2012-09-19 00:00:00,2864.0328
2012-09-18 00:00:00,2857.383
2012-09-17 00:00:00,2856.4391
2012-09-14 00:00:00,2855.23
2012-09-13 00:00:00,2831.35
2012-09-12 00:00:00,2791.6844
2012-09-11 00:00:00,2784.8928
2012-09-10 00:00:00,2788.35
2012-09-07 00:00:00,2825.11
2012-09-06 00:00:00,2829.71
2012-09-05 00:00:00,2766.95
2012-09-04 00:00:00,2772.03
2012-08-31 00:00:00,2772.24
2012-08-30 00:00:00,2753.74
2012-08-29 00:00:00,2784.0
2012-08-28 00:00:00,2782.69
2012-08-27 00:00:00,2782.55
2012-08-24 00:00:00,2778.05
2012-08-23 00:00:00,2762.02
2012-08-22 00:00:00,2783.42
2012-08-21 00:00:00,2772.2
2012-08-20 00:00:00,2784.33
2012-08-17 00:00:00,2780.3
2012-08-16 00:00:00,2768.09
2012-08-15 00:00:00,2735.47
2012-08-14 00:00:00,2727.79
2012-08-13 00:00:00,2728.68
2012-08-10 00:00:00,2722.96
2012-08-09 00:00:00,2719.61
2012-08-08 00:00:00,2714.02
2012-08-07 00:00:00,2717.16
2012-08-06 00:00:00,2694.09
2012-08-03 00:00:00,2676.0
2012-08-02 00:00:00,2625.52
2012-08-01 00:00:00,2635.13
2012-07-31 00:00:00,2642.53
2012-07-30 00:00:00,2642.12
2012-07-27 00:00:00,2647.03
2012-07-26 00:00:00,2584.85
2012-07-25 00:00:00,2549.2
2012-07-24 00:00:00,2567.46
2012-07-23 00:00:00,2589.93
2012-07-20 00:00:00,2618.04
2012-07-19 00:00:00,2655.81
2012-07-18 00:00:00,2625.87
2012-07-17 00:00:00,2591.65
2012-07-16 00:00:00,2577.05
2012-07-13 00:00:00,2584.97
2012-07-12 00:00:00,2545.3
2012-07-11 00:00:00,2570.99
2012-07-10 00:00:00,2585.52
2012-07-09 00:00:00,2610.31
2012-07-06 00:00:00,2612.29
2012-07-05 00:00:00,2647.47
2012-07-03 00:00:00,2645.84
2012-07-02 00:00:00,2625.03
2012-06-29 00:00:00,2615.72
2012-06-28 00:00:00,2536.65
2012-06-27 00:00:00,2565.53
2012-06-26 00:00:00,2549.84
2012-06-25 00:00:00,2533.54
2012-06-22 00:00:00,2585.53
2012-06-21 00:00:00,2556.96
2012-06-20 00:00:00,2623.33
2012-06-19 00:00:00,2620.83
2012-06-18 00:00:00,2592.52
2012-06-15 00:00:00,2571.23
2012-06-14 00:00:00,2539.97
2012-06-13 00:00:00,2527.44
2012-06-12 00:00:00,2546.2
2012-06-11 00:00:00,2517.18
2012-06-08 00:00:00,2559.21
2012-06-07 00:00:00,2535.41
2012-06-06 00:00:00,2546.32
2012-06-05 00:00:00,2487.5
2012-06-04 00:00:00,2478.13
2012-06-01 00:00:00,2458.83
2012-05-31 00:00:00,2524.87
2012-05-30 00:00:00,2537.4
2012-05-29 00:00:00,2558.97
2012-05-25 00:00:00,2527.05
2012-05-24 00:00:00,2531.35
2012-05-23 00:00:00,2547.08
2012-05-22 00:00:00,2539.2
2012-05-21 00:00:00,2545.43
2012-05-18 00:00:00,2478.53
2012-05-17 00:00:00,2509.05
2012-05-16 00:00:00,2561.56
2012-05-15 00:00:00,2580.75
2012-05-14 00:00:00,2590.28
2012-05-11 00:00:00,2615.98
2012-05-10 00:00:00,2616.24
2012-05-09 00:00:00,2621.35
2012-05-08 00:00:00,2629.87
2012-05-07 00:00:00,2639.28
2012-05-04 00:00:00,2637.92
2012-05-03 00:00:00,2704.59
2012-05-02 00:00:00,2734.77
2012-05-01 00:00:00,2726.92
2012-04-30 00:00:00,2723.68
2012-04-27 00:00:00,2741.34
2012-04-26 00:00:00,2725.23
2012-04-25 00:00:00,2709.62
2012-04-24 00:00:00,2638.73
2012-04-23 00:00:00,2653.5
2012-04-20 00:00:00,2676.04
2012-04-19 00:00:00,2686.82
2012-04-18 00:00:00,2716.14
2012-04-17 00:00:00,2723.58
2012-04-16 00:00:00,2670.1
2012-04-13 00:00:00,2698.99
2012-04-12 00:00:00,2740.26
2012-04-11 00:00:00,2708.13
2012-04-10 00:00:00,2695.12
2012-04-09 00:00:00,2739.98
2012-04-05 00:00:00,2762.5
2012-04-04 00:00:00,2745.0
2012-04-03 00:00:00,2782.78
2012-04-02 00:00:00,2784.42
2012-03-30 00:00:00,2755.27
2012-03-29 00:00:00,2762.05
2012-03-28 00:00:00,2770.97
2012-03-27 00:00:00,2782.12
2012-03-26 00:00:00,2778.02
2012-03-23 00:00:00,2728.55
2012-03-22 00:00:00,2731.5
2012-03-21 00:00:00,2736.88
2012-03-20 00:00:00,2737.63
2012-03-19 00:00:00,2733.26
2012-03-16 00:00:00,2712.78
2012-03-15 00:00:00,2714.79
2012-03-14 00:00:00,2708.41
2012-03-13 00:00:00,2697.43
2012-03-12 00:00:00,2646.85
2012-03-09 00:00:00,2646.85
2012-03-08 00:00:00,2637.18
2012-03-07 00:00:00,2607.85
2012-03-06 00:00:00,2588.95
2012-03-05 00:00:00,2614.92
2012-03-02 00:00:00,2641.58
2012-03-01 00:00:00,2643.54
2012-02-29 00:00:00,2623.1
2012-02-28 00:00:00,2633.46
2012-02-27 00:00:00,2606.76
2012-02-24 00:00:00,2604.21
2012-02-23 00:00:00,2594.93
2012-02-22 00:00:00,2579.78
2012-02-21 00:00:00,2590.24
2012-02-17 00:00:00,2584.24
2012-02-16 00:00:00,2592.29
2012-02-15 00:00:00,2556.01
2012-02-14 00:00:00,2575.24
2012-02-13 00:00:00,2569.49
2012-02-10 00:00:00,2547.32
2012-02-09 00:00:00,2563.93
2012-02-08 00:00:00,2545.72
2012-02-07 00:00:00,2532.06
2012-02-06 00:00:00,2528.3
2012-02-03 00:00:00,2529.17
2012-02-02 00:00:00,2495.83
2012-02-01 00:00:00,2488.18
2012-01-31 00:00:00,2467.95
2012-01-30 00:00:00,2465.32
2012-01-27 00:00:00,2461.77
2012-01-26 00:00:00,2454.63
2012-01-25 00:00:00,2465.66
2012-01-24 00:00:00,2433.96
2012-01-23 00:00:00,2437.22
2012-01-20 00:00:00,2437.02
2012-01-19 00:00:00,2441.7
2012-01-18 00:00:00,2425.96
2012-01-17 00:00:00,2393.24
2012-01-13 00:00:00,2371.98
2012-01-12 00:00:00,2381.99
2012-01-11 00:00:00,2372.25
2012-01-10 00:00:00,2367.38
2012-01-09 00:00:00,2350.65
2012-01-06 00:00:00,2356.17
2012-01-05 00:00:00,2348.98
2012-01-04 00:00:00,2329.71
2012-01-03 00:00:00,2321.96
2011-12-30 00:00:00,2277.83
2011-12-29 00:00:00,2285.07
2011-12-28 00:00:00,2267.08
2011-12-27 00:00:00,2293.12
2011-12-23 00:00:00,2287.57
2011-12-22 00:00:00,2266.77
2011-12-21 00:00:00,2249.03
2011-12-20 00:00:00,2281.94
2011-12-19 00:00:00,2215.27
2011-12-16 00:00:00,2238.18
2011-12-15 00:00:00,2226.71
2011-12-14 00:00:00,2233.03
2011-12-13 00:00:00,2268.37
2011-12-12 00:00:00,2292.24
2011-12-09 00:00:00,2318.68
2011-12-08 00:00:00,2282.59
2011-12-07 00:00:00,2320.54
2011-12-06 00:00:00,2321.49
2011-12-05 00:00:00,2326.95
2011-12-02 00:00:00,2302.04
2011-12-01 00:00:00,2309.2
2011-11-30 00:00:00,2295.2
2011-11-29 00:00:00,2211.39
2011-11-28 00:00:00,2224.22
2011-11-25 00:00:00,2150.88
2011-11-23 00:00:00,2166.54
2011-11-22 00:00:00,2216.33
2011-11-21 00:00:00,2211.14
2011-11-18 00:00:00,2253.95
2011-11-17 00:00:00,2272.09
2011-11-16 00:00:00,2324.37
2011-11-15 00:00:00,2366.24
2011-11-14 00:00:00,2341.32
2011-11-11 00:00:00,2355.78
2011-11-10 00:00:00,2312.07
2011-11-09 00:00:00,2314.1
2011-11-08 00:00:00,2400.01
2011-11-07 00:00:00,2371.04
2011-11-04 00:00:00,2356.32
2011-11-03 00:00:00,2367.71
2011-11-02 00:00:00,2318.32
2011-11-01 00:00:00,2298.37
2011-10-31 00:00:00,2360.08
2011-10-28 00:00:00,2401.29
2011-10-27 00:00:00,2399.83
2011-10-26 00:00:00,2334.79
2011-10-25 00:00:00,2335.87
2011-10-24 00:00:00,2384.42
2011-10-21 00:00:00,2335.93
2011-10-20 00:00:00,2306.29
2011-10-19 00:00:00,2316.81
2011-10-18 00:00:00,2364.87
2011-10-17 00:00:00,2334.38
2011-10-14 00:00:00,2371.94
2011-10-13 00:00:00,2326.88
2011-10-12 00:00:00,2307.18
2011-10-11 00:00:00,2294.92
2011-10-10 00:00:00,2278.65
2011-10-07 00:00:00,2202.76
2011-10-06 00:00:00,2217.99
2011-10-05 00:00:00,2182.77
2011-10-04 00:00:00,2129.21
2011-10-03 00:00:00,2085.04
2011-09-30 00:00:00,2139.18
2011-09-29 00:00:00,2197.68
2011-09-28 00:00:00,2220.84
2011-09-27 00:00:00,2253.55
2011-09-26 00:00:00,2234.28
2011-09-23 00:00:00,2206.86
2011-09-22 00:00:00,2184.59
2011-09-21 00:00:00,2258.3
2011-09-20 00:00:00,2295.89
2011-09-19 00:00:00,2308.76
2011-09-16 00:00:00,2306.09
2011-09-15 00:00:00,2286.56
2011-09-14 00:00:00,2252.75
2011-09-13 00:00:00,2220.58
2011-09-12 00:00:00,2191.84
2011-09-09 00:00:00,2163.66
2011-09-08 00:00:00,2214.29
2011-09-07 00:00:00,2223.75
2011-09-06 00:00:00,2167.6
2011-09-02 00:00:00,2167.83
2011-09-01 00:00:00,2219.05
2011-08-31 00:00:00,2241.01
2011-08-30 00:00:00,2237.69
2011-08-29 00:00:00,2223.96
2011-08-26 00:00:00,2161.97
2011-08-25 00:00:00,2108.21
2011-08-24 00:00:00,2145.04
2011-08-23 00:00:00,2129.27
2011-08-22 00:00:00,2044.73
2011-08-19 00:00:00,2038.22
2011-08-18 00:00:00,2073.03
2011-08-17 00:00:00,2181.62
2011-08-16 00:00:00,2194.27
2011-08-15 00:00:00,2214.12
2011-08-12 00:00:00,2182.05
2011-08-11 00:00:00,2167.07
2011-08-10 00:00:00,2073.09
2011-08-09 00:00:00,2160.79
2011-08-08 00:00:00,2060.29
2011-08-05 00:00:00,2194.38
2011-08-04 00:00:00,2207.2
2011-08-03 00:00:00,2312.78
2011-08-02 00:00:00,2292.85
2011-08-01 00:00:00,2354.05
2011-07-29 00:00:00,2362.81
2011-07-28 00:00:00,2371.77
2011-07-27 00:00:00,2367.16
2011-07-26 00:00:00,2429.45
2011-07-25 00:00:00,2424.15
2011-07-22 00:00:00,2429.5
2011-07-21 00:00:00,2404.24
2011-07-20 00:00:00,2387.8
2011-07-19 00:00:00,2398.17
2011-07-18 00:00:00,2344.01
2011-07-15 00:00:00,2356.67
2011-07-14 00:00:00,2325.06
2011-07-13 00:00:00,2352.43
2011-07-12 00:00:00,2343.79
2011-07-11 00:00:00,2362.0
2011-07-08 00:00:00,2405.89
2011-07-07 00:00:00,2412.89
2011-07-06 00:00:00,2378.58
2011-07-05 00:00:00,2371.21
2011-07-01 00:00:00,2361.39
2011-06-30 00:00:00,2325.07
2011-06-29 00:00:00,2294.43
2011-06-28 00:00:00,2285.75
2011-06-27 00:00:00,2252.24
2011-06-24 00:00:00,2217.06
2011-06-23 00:00:00,2255.05
2011-06-22 00:00:00,2235.75
2011-06-21 00:00:00,2251.82
2011-06-20 00:00:00,2204.36
2011-06-17 00:00:00,2192.96
2011-06-16 00:00:00,2199.93
2011-06-15 00:00:00,2209.01
2011-06-14 00:00:00,2250.34
2011-06-13 00:00:00,2222.28
2011-06-10 00:00:00,2221.09
2011-06-09 00:00:00,2256.65
2011-06-08 00:00:00,2252.89
2011-06-07 00:00:00,2268.96
2011-06-06 00:00:00,2274.48
2011-06-03 00:00:00,2292.31
2011-06-02 00:00:00,2326.7
2011-06-01 00:00:00,2322.48
2011-05-31 00:00:00,2372.54
2011-05-27 00:00:00,2336.09
2011-05-26 00:00:00,2325.93
2011-05-25 00:00:00,2310.95
2011-05-24 00:00:00,2303.55
2011-05-23 00:00:00,2316.78
2011-05-20 00:00:00,2351.43
2011-05-19 00:00:00,2369.67
2011-05-18 00:00:00,2362.95
2011-05-17 00:00:00,2343.51
2011-05-16 00:00:00,2337.85
2011-05-13 00:00:00,2379.24
2011-05-12 00:00:00,2407.89
2011-05-11 00:00:00,2393.08
2011-05-10 00:00:00,2411.35
2011-05-09 00:00:00,2390.97
2011-05-06 00:00:00,2383.18
2011-05-05 00:00:00,2375.21
2011-05-04 00:00:00,2387.51
2011-05-03 00:00:00,2392.8
2011-05-02 00:00:00,2404.24
2011-04-29 00:00:00,2404.08
2011-04-28 00:00:00,2409.9
2011-04-27 00:00:00,2413.59
2011-04-26 00:00:00,2396.03
2011-04-25 00:00:00,2383.72
2011-04-21 00:00:00,2377.3
2011-04-20 00:00:00,2357.76
2011-04-19 00:00:00,2306.77
2011-04-18 00:00:00,2292.34
2011-04-15 00:00:00,2307.58
2011-04-14 00:00:00,2311.25
2011-04-13 00:00:00,2316.63
2011-04-12 00:00:00,2298.3
2011-04-11 00:00:00,2314.5
2011-04-08 00:00:00,2321.18
2011-04-07 00:00:00,2332.88
2011-04-06 00:00:00,2332.34
2011-04-05 00:00:00,2327.87
2011-04-04 00:00:00,2334.54
2011-04-01 00:00:00,2342.92
2011-03-31 00:00:00,2338.99
2011-03-30 00:00:00,2336.52
2011-03-29 00:00:00,2325.54
2011-03-28 00:00:00,2303.1
2011-03-25 00:00:00,2316.36
2011-03-24 00:00:00,2312.09
2011-03-23 00:00:00,2270.5
2011-03-22 00:00:00,2257.96
2011-03-21 00:00:00,2262.7
2011-03-18 00:00:00,2221.07
2011-03-17 00:00:00,2225.24
2011-03-16 00:00:00,2202.97
2011-03-15 00:00:00,2259.62
2011-03-14 00:00:00,2290.72
2011-03-11 00:00:00,2299.26
2011-03-10 00:00:00,2284.29
2011-03-09 00:00:00,2322.69
2011-03-08 00:00:00,2337.55
2011-03-07 00:00:00,2328.07
2011-03-04 00:00:00,2359.96
2011-03-03 00:00:00,2371.76
2011-03-02 00:00:00,2326.77
2011-03-01 00:00:00,2315.26
2011-02-28 00:00:00,2350.99
2011-02-25 00:00:00,2346.29
2011-02-24 00:00:00,2313.31
2011-02-23 00:00:00,2300.94
2011-02-22 00:00:00,2322.86
2011-02-18 00:00:00,2392.47
2011-02-17 00:00:00,2397.57
2011-02-16 00:00:00,2397.94
2011-02-15 00:00:00,2381.92
2011-02-14 00:00:00,2385.6
2011-02-11 00:00:00,2379.15
2011-02-10 00:00:00,2364.35
2011-02-09 00:00:00,2360.95
2011-02-08 00:00:00,2363.61
2011-02-07 00:00:00,2349.2
2011-02-04 00:00:00,2338.2
2011-02-03 00:00:00,2323.07
2011-02-02 00:00:00,2321.09
2011-02-01 00:00:00,2324.95
2011-01-31 00:00:00,2281.91
2011-01-28 00:00:00,2270.51
2011-01-27 00:00:00,2330.07
2011-01-26 00:00:00,2314.19
2011-01-25 00:00:00,2304.03
2011-01-24 00:00:00,2300.39
2011-01-21 00:00:00,2268.32
2011-01-20 00:00:00,2286.08
2011-01-19 00:00:00,2303.32
2011-01-18 00:00:00,2328.79
2011-01-14 00:00:00,2323.43
2011-01-13 00:00:00,2305.53
2011-01-12 00:00:00,2304.88
2011-01-11 00:00:00,2288.73
2011-01-10 00:00:00,2284.38
2011-01-07 00:00:00,2276.7
2011-01-06 00:00:00,2277.51
2011-01-05 00:00:00,2270.4
2011-01-04 00:00:00,2251.46
2011-01-03 00:00:00,2254.23
2010-12-31 00:00:00,2217.86
2010-12-30 00:00:00,2225.72
2010-12-29 00:00:00,2231.64
2010-12-28 00:00:00,2227.42
2010-12-27 00:00:00,2229.86
2010-12-23 00:00:00,2230.27
2010-12-22 00:00:00,2235.91
2010-12-21 00:00:00,2234.57
2010-12-20 00:00:00,2223.04
2010-12-17 00:00:00,2218.29
2010-12-16 00:00:00,2218.02
2010-12-15 00:00:00,2202.45
2010-12-14 00:00:00,2212.59
2010-12-13 00:00:00,2207.45
2010-12-10 00:00:00,2215.34
2010-12-09 00:00:00,2201.57
2010-12-08 00:00:00,2200.6
2010-12-07 00:00:00,2189.35
2010-12-06 00:00:00,2189.81
2010-12-03 00:00:00,2191.17
2010-12-02 00:00:00,2185.3
2010-12-01 00:00:00,2162.83
2010-11-30 00:00:00,2117.33
2010-11-29 00:00:00,2144.56
2010-11-26 00:00:00,2153.91
2010-11-23 00:00:00,2116.61
2010-11-22 00:00:00,2150.86
2010-11-19 00:00:00,2135.27
2010-11-18 00:00:00,2134.77
2010-11-17 00:00:00,2100.0
2010-11-16 00:00:00,2093.63
2010-11-15 00:00:00,2131.48
2010-11-12 00:00:00,2137.95
2010-11-11 00:00:00,2173.11
2010-11-10 00:00:00,2187.74
2010-11-09 00:00:00,2176.88
2010-11-08 00:00:00,2188.94
2010-11-05 00:00:00,2186.71
2010-11-04 00:00:00,2187.8
2010-11-03 00:00:00,2158.36
2010-11-02 00:00:00,2151.72
2010-11-01 00:00:00,2128.42
2010-10-29 00:00:00,2124.45
2010-10-28 00:00:00,2129.73
2010-10-27 00:00:00,2125.88
2010-10-26 00:00:00,2119.05
2010-10-25 00:00:00,2113.55
2010-10-22 00:00:00,2104.21
2010-10-21 00:00:00,2090.1
2010-10-20 00:00:00,2085.75
2010-10-19 00:00:00,2069.73
2010-10-18 00:00:00,2104.15
2010-10-15 00:00:00,2097.73
2010-10-14 00:00:00,2054.51
2010-10-13 00:00:00,2057.25
2010-10-12 00:00:00,2041.55
2010-10-11 00:00:00,2026.98
2010-10-08 00:00:00,2027.03
2010-10-07 00:00:00,2011.63
2010-10-06 00:00:00,2006.52
2010-10-05 00:00:00,2024.63
2010-10-04 00:00:00,1975.33
2010-10-01 00:00:00,1996.6
2010-09-30 00:00:00,1998.04
2010-09-29 00:00:00,2009.08
2010-09-28 00:00:00,2012.43
2010-09-27 00:00:00,2010.99
2010-09-24 00:00:00,2023.84
2010-09-23 00:00:00,1982.15
2010-09-22 00:00:00,1982.76
2010-09-21 00:00:00,1989.11
2010-09-20 00:00:00,1989.43
2010-09-17 00:00:00,1955.83
2010-09-16 00:00:00,1948.11
2010-09-15 00:00:00,1939.6
2010-09-14 00:00:00,1928.59
2010-09-13 00:00:00,1921.67
2010-09-10 00:00:00,1892.34
2010-09-09 00:00:00,1886.14
2010-09-08 00:00:00,1880.0
2010-09-07 00:00:00,1856.5
2010-09-03 00:00:00,1870.31
2010-09-02 00:00:00,1840.58
2010-09-01 00:00:00,1820.05
2010-08-31 00:00:00,1767.43
2010-08-30 00:00:00,1772.07
2010-08-27 00:00:00,1791.64
2010-08-26 00:00:00,1769.02
2010-08-25 00:00:00,1790.88
2010-08-24 00:00:00,1775.27
2010-08-23 00:00:00,1808.31
2010-08-20 00:00:00,1825.75
2010-08-19 00:00:00,1823.0
2010-08-18 00:00:00,1850.8
2010-08-17 00:00:00,1845.37
2010-08-16 00:00:00,1821.51
2010-08-13 00:00:00,1818.8
2010-08-12 00:00:00,1832.17
2010-08-11 00:00:00,1845.38
2010-08-10 00:00:00,1899.24
2010-08-09 00:00:00,1915.17
2010-08-06 00:00:00,1902.88
2010-08-05 00:00:00,1904.95
2010-08-04 00:00:00,1909.2
2010-08-03 00:00:00,1891.81
2010-08-02 00:00:00,1898.99
2010-07-30 00:00:00,1864.0
2010-07-29 00:00:00,1860.3
2010-07-28 00:00:00,1872.62
2010-07-27 00:00:00,1888.81
2010-07-26 00:00:00,1890.4
2010-07-23 00:00:00,1875.38
2010-07-22 00:00:00,1863.1
2010-07-21 00:00:00,1817.3
2010-07-20 00:00:00,1840.67
2010-07-19 00:00:00,1819.28
2010-07-16 00:00:00,1803.48
2010-07-15 00:00:00,1856.24
2010-07-14 00:00:00,1853.41
2010-07-13 00:00:00,1845.03
2010-07-12 00:00:00,1821.03
2010-07-09 00:00:00,1814.79
2010-07-08 00:00:00,1798.31
2010-07-07 00:00:00,1789.72
2010-07-06 00:00:00,1734.68
2010-07-02 00:00:00,1728.34
2010-07-01 00:00:00,1734.41
2010-06-30 00:00:00,1739.14
2010-06-29 00:00:00,1764.06
2010-06-28 00:00:00,1836.0
2010-06-25 00:00:00,1838.52
2010-06-24 00:00:00,1844.59
2010-06-23 00:00:00,1874.42
2010-06-22 00:00:00,1880.54
2010-06-21 00:00:00,1895.84
2010-06-18 00:00:00,1913.48
2010-06-17 00:00:00,1910.65
2010-06-16 00:00:00,1905.31
2010-06-15 00:00:00,1897.48
2010-06-14 00:00:00,1845.48
2010-06-11 00:00:00,1847.15
2010-06-10 00:00:00,1830.09
2010-06-09 00:00:00,1778.92
2010-06-08 00:00:00,1795.7
2010-06-07 00:00:00,1798.16
2010-06-04 00:00:00,1832.04
2010-06-03 00:00:00,1895.66
2010-06-02 00:00:00,1879.59
2010-06-01 00:00:00,1835.04
2010-05-28 00:00:00,1852.39
2010-05-27 00:00:00,1862.71
2010-05-26 00:00:00,1796.47
2010-05-25 00:00:00,1815.68
2010-05-24 00:00:00,1815.28
2010-05-21 00:00:00,1822.77
2010-05-20 00:00:00,1800.12
2010-05-19 00:00:00,1873.42
2010-05-18 00:00:00,1887.06
2010-05-17 00:00:00,1915.45
2010-05-14 00:00:00,1907.1
2010-05-13 00:00:00,1945.52
2010-05-12 00:00:00,1975.58
2010-05-11 00:00:00,1940.48
2010-05-10 00:00:00,1942.61
2010-05-07 00:00:00,1849.44
2010-05-06 00:00:00,1893.75
2010-05-05 00:00:00,1958.26
2010-05-04 00:00:00,1968.97
2010-05-03 00:00:00,2031.6
2010-04-30 00:00:00,2000.63
2010-04-29 00:00:00,2042.89
2010-04-28 00:00:00,2007.59
2010-04-27 00:00:00,2006.25
2010-04-26 00:00:00,2049.09
2010-04-23 00:00:00,2055.33
2010-04-22 00:00:00,2045.16
2010-04-21 00:00:00,2034.53
2010-04-20 00:00:00,2023.6
2010-04-19 00:00:00,2013.53
2010-04-16 00:00:00,2012.84
2010-04-15 00:00:00,2038.64
2010-04-14 00:00:00,2028.82
2010-04-13 00:00:00,2003.81
2010-04-12 00:00:00,1995.65
2010-04-09 00:00:00,1994.43
2010-04-08 00:00:00,1980.73
2010-04-07 00:00:00,1977.3
2010-04-06 00:00:00,1981.95
2010-04-05 00:00:00,1977.83
2010-04-01 00:00:00,1959.56
2010-03-31 00:00:00,1958.34
2010-03-30 00:00:00,1967.96
2010-03-29 00:00:00,1961.22
2010-03-26 00:00:00,1952.63
2010-03-25 00:00:00,1949.15
2010-03-24 00:00:00,1951.84
2010-03-23 00:00:00,1963.2
2010-03-22 00:00:00,1949.59
2010-03-19 00:00:00,1932.43
2010-03-18 00:00:00,1943.94
2010-03-17 00:00:00,1936.22
2010-03-16 00:00:00,1932.24
2010-03-15 00:00:00,1920.09
2010-03-12 00:00:00,1924.43
2010-03-11 00:00:00,1923.81
2010-03-10 00:00:00,1917.35
2010-03-09 00:00:00,1901.38
2010-03-08 00:00:00,1890.89
2010-03-05 00:00:00,1888.56
2010-03-04 00:00:00,1859.72
2010-03-03 00:00:00,1851.57
2010-03-02 00:00:00,1851.21
2010-03-01 00:00:00,1846.4
2010-02-26 00:00:00,1818.68
2010-02-25 00:00:00,1812.91
2010-02-24 00:00:00,1812.51
2010-02-23 00:00:00,1793.82
2010-02-22 00:00:00,1817.63
2010-02-19 00:00:00,1823.32
2010-02-18 00:00:00,1823.39
2010-02-17 00:00:00,1810.86
2010-02-16 00:00:00,1802.06
2010-02-12 00:00:00,2183.53
2010-02-11 00:00:00,1775.74
2010-02-10 00:00:00,1749.76
2010-02-09 00:00:00,1753.84
2010-02-08 00:00:00,1734.88
2010-02-05 00:00:00,1746.12
2010-02-04 00:00:00,1732.99
2010-02-03 00:00:00,1784.7
2010-02-02 00:00:00,1776.92
2010-02-01 00:00:00,1760.72
2010-01-29 00:00:00,1741.04
2010-01-28 00:00:00,1771.1
2010-01-27 00:00:00,1818.9
2010-01-26 00:00:00,1803.86
2010-01-25 00:00:00,1802.39
2010-01-22 00:00:00,1794.82
2010-01-21 00:00:00,1850.57
2010-01-20 00:00:00,1867.95
2010-01-19 00:00:00,1895.48
2010-01-15 00:00:00,1864.52
2010-01-14 00:00:00,1886.52
2010-01-13 00:00:00,1886.13
2010-01-12 00:00:00,1861.79
2010-01-11 00:00:00,1886.24
2010-01-08 00:00:00,1892.59
2010-01-07 00:00:00,1876.72
2010-01-06 00:00:00,1878.42
2010-01-05 00:00:00,1888.43
2010-01-04 00:00:00,1886.7
2009-12-31 00:00:00,1860.31
