Period,Electronic Arts Inc (EA) Price
2019-12-31 00:00:00,107.51
2019-12-30 00:00:00,106.93
2019-12-27 00:00:00,108.43
2019-12-26 00:00:00,108.51
2019-12-24 00:00:00,108.55
2019-12-23 00:00:00,107.79
2019-12-20 00:00:00,107.95
2019-12-19 00:00:00,107.34
2019-12-18 00:00:00,107.08
2019-12-17 00:00:00,105.75
2019-12-16 00:00:00,105.72
2019-12-13 00:00:00,104.55
2019-12-12 00:00:00,105.09
2019-12-11 00:00:00,103.2
2019-12-10 00:00:00,101.835
2019-12-09 00:00:00,102.03
2019-12-06 00:00:00,103.23
2019-12-05 00:00:00,102.12
2019-12-04 00:00:00,100.63
2019-12-03 00:00:00,101.27
2019-12-02 00:00:00,100.4
2019-11-29 00:00:00,101.01
2019-11-27 00:00:00,100.79
2019-11-26 00:00:00,99.28
2019-11-25 00:00:00,99.8
2019-11-22 00:00:00,99.19
2019-11-21 00:00:00,99.01
2019-11-20 00:00:00,98.12
2019-11-19 00:00:00,96.69
2019-11-18 00:00:00,97.39
2019-11-15 00:00:00,97.54
2019-11-14 00:00:00,97.54
2019-11-13 00:00:00,96.0
2019-11-12 00:00:00,96.33
2019-11-11 00:00:00,96.39
2019-11-08 00:00:00,98.27
2019-11-07 00:00:00,97.23
2019-11-06 00:00:00,98.67
2019-11-05 00:00:00,98.26
2019-11-04 00:00:00,98.15
2019-11-01 00:00:00,95.3
2019-10-31 00:00:00,96.4
2019-10-30 00:00:00,96.72
2019-10-29 00:00:00,94.41
2019-10-28 00:00:00,96.72
2019-10-25 00:00:00,96.31
2019-10-24 00:00:00,95.98
2019-10-23 00:00:00,95.71
2019-10-22 00:00:00,94.3
2019-10-21 00:00:00,95.81
2019-10-18 00:00:00,95.13
2019-10-17 00:00:00,96.76
2019-10-16 00:00:00,96.22
2019-10-15 00:00:00,95.15
2019-10-14 00:00:00,93.88
2019-10-11 00:00:00,94.19
2019-10-10 00:00:00,92.53
2019-10-09 00:00:00,92.88
2019-10-08 00:00:00,92.54
2019-10-07 00:00:00,93.57
2019-10-04 00:00:00,95.61
2019-10-03 00:00:00,94.34
2019-10-02 00:00:00,94.25
2019-10-01 00:00:00,96.75
2019-09-30 00:00:00,97.82
2019-09-27 00:00:00,95.67
2019-09-26 00:00:00,96.62
2019-09-25 00:00:00,97.63
2019-09-24 00:00:00,97.36
2019-09-23 00:00:00,98.18
2019-09-20 00:00:00,98.7
2019-09-19 00:00:00,99.69
2019-09-18 00:00:00,98.28
2019-09-17 00:00:00,98.42
2019-09-16 00:00:00,99.12
2019-09-13 00:00:00,98.48
2019-09-12 00:00:00,98.34
2019-09-11 00:00:00,99.11
2019-09-10 00:00:00,99.5
2019-09-09 00:00:00,98.68
2019-09-06 00:00:00,98.53
2019-09-05 00:00:00,97.45
2019-09-04 00:00:00,97.95
2019-09-03 00:00:00,94.83
2019-08-30 00:00:00,93.68
2019-08-29 00:00:00,93.03
2019-08-28 00:00:00,92.4
2019-08-27 00:00:00,94.06
2019-08-26 00:00:00,94.38
2019-08-23 00:00:00,92.91
2019-08-22 00:00:00,94.62
2019-08-21 00:00:00,94.04
2019-08-20 00:00:00,92.7
2019-08-19 00:00:00,90.91
2019-08-16 00:00:00,89.56
2019-08-15 00:00:00,87.88
2019-08-14 00:00:00,88.1
2019-08-13 00:00:00,92.34
2019-08-12 00:00:00,91.77
2019-08-09 00:00:00,91.97
2019-08-08 00:00:00,95.23
2019-08-07 00:00:00,92.27
2019-08-06 00:00:00,90.1
2019-08-05 00:00:00,88.59
2019-08-02 00:00:00,92.89
2019-08-01 00:00:00,94.6
2019-07-31 00:00:00,92.5
2019-07-30 00:00:00,88.57
2019-07-29 00:00:00,88.87
2019-07-26 00:00:00,89.51
2019-07-25 00:00:00,89.16
2019-07-24 00:00:00,89.78
2019-07-23 00:00:00,88.22
2019-07-22 00:00:00,88.14
2019-07-19 00:00:00,87.5
2019-07-18 00:00:00,89.19
2019-07-17 00:00:00,89.7
2019-07-16 00:00:00,89.55
2019-07-15 00:00:00,92.22
2019-07-12 00:00:00,92.82
2019-07-11 00:00:00,93.49
2019-07-10 00:00:00,93.96
2019-07-09 00:00:00,92.05
2019-07-08 00:00:00,93.44
2019-07-05 00:00:00,93.6
2019-07-03 00:00:00,98.11
2019-07-02 00:00:00,102.72
2019-07-01 00:00:00,100.89
2019-06-28 00:00:00,101.26
2019-06-27 00:00:00,99.14
2019-06-26 00:00:00,97.32
2019-06-25 00:00:00,96.9
2019-06-24 00:00:00,99.0
2019-06-21 00:00:00,95.33
2019-06-20 00:00:00,93.19
2019-06-19 00:00:00,92.58
2019-06-18 00:00:00,92.03
2019-06-17 00:00:00,92.44
2019-06-14 00:00:00,92.73
2019-06-13 00:00:00,93.57
2019-06-12 00:00:00,92.67
2019-06-11 00:00:00,94.58
2019-06-10 00:00:00,95.51
2019-06-07 00:00:00,96.99
2019-06-06 00:00:00,96.39
2019-06-05 00:00:00,95.25
2019-06-04 00:00:00,94.13
2019-06-03 00:00:00,91.31
2019-05-31 00:00:00,93.08
2019-05-30 00:00:00,92.13
2019-05-29 00:00:00,92.55
2019-05-28 00:00:00,93.5
2019-05-24 00:00:00,92.31
2019-05-23 00:00:00,92.11
2019-05-22 00:00:00,93.84
2019-05-21 00:00:00,95.65
2019-05-20 00:00:00,92.69
2019-05-17 00:00:00,97.26
2019-05-16 00:00:00,99.0
2019-05-15 00:00:00,96.77
2019-05-14 00:00:00,94.57
2019-05-13 00:00:00,90.42
2019-05-10 00:00:00,93.88
2019-05-09 00:00:00,93.32
2019-05-08 00:00:00,93.88
2019-05-07 00:00:00,92.73
2019-05-06 00:00:00,93.76
2019-05-03 00:00:00,92.5
2019-05-02 00:00:00,94.4
2019-05-01 00:00:00,94.86
2019-04-30 00:00:00,94.65
2019-04-29 00:00:00,94.73
2019-04-26 00:00:00,94.47
2019-04-25 00:00:00,92.98
2019-04-24 00:00:00,94.15
2019-04-23 00:00:00,94.63
2019-04-22 00:00:00,92.52
2019-04-18 00:00:00,93.14
2019-04-17 00:00:00,91.95
2019-04-16 00:00:00,93.83
2019-04-15 00:00:00,97.85
2019-04-12 00:00:00,101.83
2019-04-11 00:00:00,100.58
2019-04-10 00:00:00,99.63
2019-04-09 00:00:00,98.25
2019-04-08 00:00:00,97.95
2019-04-05 00:00:00,99.43
2019-04-04 00:00:00,97.94
2019-04-03 00:00:00,100.15
2019-04-02 00:00:00,100.84
2019-04-01 00:00:00,102.67
2019-03-29 00:00:00,101.63
2019-03-28 00:00:00,102.2
2019-03-27 00:00:00,100.67
2019-03-26 00:00:00,102.32
2019-03-25 00:00:00,101.73
2019-03-22 00:00:00,102.34
2019-03-21 00:00:00,104.88
2019-03-20 00:00:00,97.03
2019-03-19 00:00:00,97.51
2019-03-18 00:00:00,99.66
2019-03-15 00:00:00,98.98
2019-03-14 00:00:00,98.83
2019-03-13 00:00:00,100.13
2019-03-12 00:00:00,98.59
2019-03-11 00:00:00,99.04
2019-03-08 00:00:00,98.36
2019-03-07 00:00:00,99.36
2019-03-06 00:00:00,94.77
2019-03-05 00:00:00,95.72
2019-03-04 00:00:00,97.29
2019-03-01 00:00:00,97.41
2019-02-28 00:00:00,95.78
2019-02-27 00:00:00,97.84
2019-02-26 00:00:00,98.5
2019-02-25 00:00:00,95.86
2019-02-22 00:00:00,95.92
2019-02-21 00:00:00,96.86
2019-02-20 00:00:00,98.63
2019-02-19 00:00:00,102.96
2019-02-15 00:00:00,106.84
2019-02-14 00:00:00,105.25
2019-02-13 00:00:00,102.25
2019-02-12 00:00:00,102.33
2019-02-11 00:00:00,97.24
2019-02-08 00:00:00,97.6
2019-02-07 00:00:00,84.1
2019-02-06 00:00:00,80.21
2019-02-05 00:00:00,92.52
2019-02-04 00:00:00,88.43
2019-02-01 00:00:00,91.22
2019-01-31 00:00:00,92.24
2019-01-30 00:00:00,89.23
2019-01-29 00:00:00,87.24
2019-01-28 00:00:00,90.47
2019-01-25 00:00:00,91.74
2019-01-24 00:00:00,91.48
2019-01-23 00:00:00,89.13
2019-01-22 00:00:00,91.31
2019-01-18 00:00:00,92.52
2019-01-17 00:00:00,89.31
2019-01-16 00:00:00,89.92
2019-01-15 00:00:00,89.49
2019-01-14 00:00:00,88.58
2019-01-11 00:00:00,90.7
2019-01-10 00:00:00,91.01
2019-01-09 00:00:00,88.91
2019-01-08 00:00:00,89.02
2019-01-07 00:00:00,87.59
2019-01-04 00:00:00,84.42
2019-01-03 00:00:00,78.71
2019-01-02 00:00:00,80.37
2018-12-31 00:00:00,78.91
2018-12-28 00:00:00,79.3
2018-12-27 00:00:00,79.43
2018-12-26 00:00:00,77.89
2018-12-24 00:00:00,74.72
2018-12-21 00:00:00,76.57
2018-12-20 00:00:00,77.44
2018-12-19 00:00:00,78.36
2018-12-18 00:00:00,80.0
2018-12-17 00:00:00,79.23
2018-12-14 00:00:00,80.16
2018-12-13 00:00:00,80.86
2018-12-12 00:00:00,82.99
2018-12-11 00:00:00,83.44
2018-12-10 00:00:00,83.73
2018-12-07 00:00:00,82.52
2018-12-06 00:00:00,83.88
2018-12-04 00:00:00,81.18
2018-12-03 00:00:00,84.0
2018-11-30 00:00:00,84.07
2018-11-29 00:00:00,86.39
2018-11-28 00:00:00,85.9
2018-11-27 00:00:00,85.04
2018-11-26 00:00:00,84.93
2018-11-23 00:00:00,82.67
2018-11-21 00:00:00,84.02
2018-11-20 00:00:00,83.02
2018-11-19 00:00:00,83.04
2018-11-16 00:00:00,85.97
2018-11-15 00:00:00,88.25
2018-11-14 00:00:00,85.76
2018-11-13 00:00:00,87.39
2018-11-12 00:00:00,87.66
2018-11-09 00:00:00,88.89
2018-11-08 00:00:00,93.87
2018-11-07 00:00:00,93.8
2018-11-06 00:00:00,92.23
2018-11-05 00:00:00,92.69
2018-11-02 00:00:00,92.46
2018-11-01 00:00:00,94.2
2018-10-31 00:00:00,90.98
2018-10-30 00:00:00,94.83
2018-10-29 00:00:00,91.19
2018-10-26 00:00:00,96.22
2018-10-25 00:00:00,98.64
2018-10-24 00:00:00,96.25
2018-10-23 00:00:00,99.09
2018-10-22 00:00:00,101.36
2018-10-19 00:00:00,102.11
2018-10-18 00:00:00,105.8
2018-10-17 00:00:00,108.79
2018-10-16 00:00:00,107.42
2018-10-15 00:00:00,105.88
2018-10-12 00:00:00,106.1
2018-10-11 00:00:00,103.6
2018-10-10 00:00:00,105.15
2018-10-09 00:00:00,109.49
2018-10-08 00:00:00,110.62
2018-10-05 00:00:00,113.73
2018-10-04 00:00:00,114.01
2018-10-03 00:00:00,116.39
2018-10-02 00:00:00,117.05
2018-10-01 00:00:00,117.55
2018-09-28 00:00:00,120.49
2018-09-27 00:00:00,119.38
2018-09-26 00:00:00,118.09
2018-09-25 00:00:00,116.25
2018-09-24 00:00:00,115.24
2018-09-21 00:00:00,115.02
2018-09-20 00:00:00,113.47
2018-09-19 00:00:00,112.92
2018-09-18 00:00:00,112.65
2018-09-17 00:00:00,112.69
2018-09-14 00:00:00,114.27
2018-09-13 00:00:00,113.84
2018-09-12 00:00:00,113.0
2018-09-11 00:00:00,112.29
2018-09-10 00:00:00,113.21
2018-09-07 00:00:00,114.91
2018-09-06 00:00:00,113.2
2018-09-05 00:00:00,111.55
2018-09-04 00:00:00,113.52
2018-08-31 00:00:00,113.41
2018-08-30 00:00:00,115.94
2018-08-29 00:00:00,128.52
2018-08-28 00:00:00,127.79
2018-08-27 00:00:00,128.97
2018-08-24 00:00:00,128.97
2018-08-23 00:00:00,126.11
2018-08-22 00:00:00,127.62
2018-08-21 00:00:00,126.76
2018-08-20 00:00:00,127.71
2018-08-17 00:00:00,128.01
2018-08-16 00:00:00,129.71
2018-08-15 00:00:00,128.05
2018-08-14 00:00:00,131.91
2018-08-13 00:00:00,131.32
2018-08-10 00:00:00,131.32
2018-08-09 00:00:00,127.82
2018-08-08 00:00:00,128.41
2018-08-07 00:00:00,128.1
2018-08-06 00:00:00,129.03
2018-08-03 00:00:00,130.87
2018-08-02 00:00:00,128.65
2018-08-01 00:00:00,127.48
2018-07-31 00:00:00,128.75
2018-07-30 00:00:00,126.21
2018-07-27 00:00:00,133.81
2018-07-26 00:00:00,141.9
2018-07-25 00:00:00,146.5
2018-07-24 00:00:00,144.32
2018-07-23 00:00:00,146.56
2018-07-20 00:00:00,147.48
2018-07-19 00:00:00,147.96
2018-07-18 00:00:00,148.93
2018-07-17 00:00:00,148.74
2018-07-16 00:00:00,146.68
2018-07-13 00:00:00,148.73
2018-07-12 00:00:00,148.61
2018-07-11 00:00:00,145.72
2018-07-10 00:00:00,144.19
2018-07-09 00:00:00,144.64
2018-07-06 00:00:00,145.1
2018-07-05 00:00:00,143.23
2018-07-03 00:00:00,141.23
2018-07-02 00:00:00,143.48
2018-06-29 00:00:00,141.02
2018-06-28 00:00:00,140.63
2018-06-27 00:00:00,137.75
2018-06-26 00:00:00,140.37
2018-06-25 00:00:00,140.52
2018-06-22 00:00:00,141.26
2018-06-21 00:00:00,143.15
2018-06-20 00:00:00,143.54
2018-06-19 00:00:00,143.09
2018-06-18 00:00:00,144.86
2018-06-15 00:00:00,146.65
2018-06-14 00:00:00,144.39
2018-06-13 00:00:00,143.28
2018-06-12 00:00:00,139.78
2018-06-11 00:00:00,139.16
2018-06-08 00:00:00,137.87
2018-06-07 00:00:00,136.91
2018-06-06 00:00:00,136.94
2018-06-05 00:00:00,136.96
2018-06-04 00:00:00,134.66
2018-06-01 00:00:00,135.69
2018-05-31 00:00:00,130.91
2018-05-30 00:00:00,131.37
2018-05-29 00:00:00,131.25
2018-05-25 00:00:00,131.85
2018-05-24 00:00:00,131.48
2018-05-23 00:00:00,133.5
2018-05-22 00:00:00,132.18
2018-05-21 00:00:00,132.91
2018-05-18 00:00:00,132.0
2018-05-17 00:00:00,130.81
2018-05-16 00:00:00,130.86
2018-05-15 00:00:00,130.11
2018-05-14 00:00:00,132.53
2018-05-11 00:00:00,132.81
2018-05-10 00:00:00,133.76
2018-05-09 00:00:00,131.01
2018-05-08 00:00:00,123.89
2018-05-07 00:00:00,123.92
2018-05-04 00:00:00,123.64
2018-05-03 00:00:00,120.17
2018-05-02 00:00:00,118.94
2018-05-01 00:00:00,119.83
2018-04-30 00:00:00,117.98
2018-04-27 00:00:00,117.47
2018-04-26 00:00:00,119.6
2018-04-25 00:00:00,116.68
2018-04-24 00:00:00,118.59
2018-04-23 00:00:00,119.6
2018-04-20 00:00:00,120.89
2018-04-19 00:00:00,123.11
2018-04-18 00:00:00,124.93
2018-04-17 00:00:00,124.31
2018-04-16 00:00:00,122.19
2018-04-13 00:00:00,120.53
2018-04-12 00:00:00,121.09
2018-04-11 00:00:00,118.78
2018-04-10 00:00:00,120.71
2018-04-09 00:00:00,118.86
2018-04-06 00:00:00,118.36
2018-04-05 00:00:00,121.23
2018-04-04 00:00:00,120.11
2018-04-03 00:00:00,119.51
2018-04-02 00:00:00,118.72
2018-03-29 00:00:00,121.24
2018-03-28 00:00:00,119.33
2018-03-27 00:00:00,119.98
2018-03-26 00:00:00,126.44
2018-03-23 00:00:00,121.44
2018-03-22 00:00:00,122.98
2018-03-21 00:00:00,126.0
2018-03-20 00:00:00,126.85
2018-03-19 00:00:00,125.44
2018-03-16 00:00:00,128.52
2018-03-15 00:00:00,129.12
2018-03-14 00:00:00,127.97
2018-03-13 00:00:00,126.57
2018-03-12 00:00:00,128.12
2018-03-09 00:00:00,128.49
2018-03-08 00:00:00,128.82
2018-03-07 00:00:00,127.17
2018-03-06 00:00:00,124.55
2018-03-05 00:00:00,126.1
2018-03-02 00:00:00,125.09
2018-03-01 00:00:00,122.17
2018-02-28 00:00:00,123.7
2018-02-27 00:00:00,125.8
2018-02-26 00:00:00,128.57
2018-02-23 00:00:00,127.1
2018-02-22 00:00:00,124.61
2018-02-21 00:00:00,124.9
2018-02-20 00:00:00,126.34
2018-02-16 00:00:00,126.02
2018-02-15 00:00:00,126.48
2018-02-14 00:00:00,123.77
2018-02-13 00:00:00,122.28
2018-02-12 00:00:00,122.22
2018-02-09 00:00:00,120.64
2018-02-08 00:00:00,116.54
2018-02-07 00:00:00,123.05
2018-02-06 00:00:00,123.13
2018-02-05 00:00:00,121.64
2018-02-02 00:00:00,124.53
2018-02-01 00:00:00,128.18
2018-01-31 00:00:00,126.96
2018-01-30 00:00:00,118.7
2018-01-29 00:00:00,117.65
2018-01-26 00:00:00,115.2
2018-01-25 00:00:00,114.5
2018-01-24 00:00:00,114.66
2018-01-23 00:00:00,117.67
2018-01-22 00:00:00,117.99
2018-01-19 00:00:00,116.18
2018-01-18 00:00:00,115.28
2018-01-17 00:00:00,113.14
2018-01-16 00:00:00,111.92
2018-01-12 00:00:00,113.13
2018-01-11 00:00:00,112.0
2018-01-10 00:00:00,112.25
2018-01-09 00:00:00,112.18
2018-01-08 00:00:00,113.22
2018-01-05 00:00:00,112.39
2018-01-04 00:00:00,107.19
2018-01-03 00:00:00,109.75
2018-01-02 00:00:00,109.45
2017-12-29 00:00:00,105.06
2017-12-28 00:00:00,105.31
2017-12-27 00:00:00,105.23
2017-12-26 00:00:00,105.06
2017-12-22 00:00:00,106.02
2017-12-21 00:00:00,107.97
2017-12-20 00:00:00,108.45
2017-12-19 00:00:00,107.0
2017-12-18 00:00:00,107.34
2017-12-15 00:00:00,109.28
2017-12-14 00:00:00,106.42
2017-12-13 00:00:00,105.54
2017-12-12 00:00:00,107.66
2017-12-11 00:00:00,107.92
2017-12-08 00:00:00,105.27
2017-12-07 00:00:00,104.37
2017-12-06 00:00:00,103.18
2017-12-05 00:00:00,103.38
2017-12-04 00:00:00,100.83
2017-12-01 00:00:00,106.02
2017-11-30 00:00:00,106.35
2017-11-29 00:00:00,105.49
2017-11-28 00:00:00,109.47
2017-11-27 00:00:00,106.99
2017-11-24 00:00:00,107.94
2017-11-22 00:00:00,107.32
2017-11-21 00:00:00,107.71
2017-11-20 00:00:00,107.64
2017-11-17 00:00:00,108.82
2017-11-16 00:00:00,111.6
2017-11-15 00:00:00,111.48
2017-11-14 00:00:00,112.27
2017-11-13 00:00:00,112.01
2017-11-10 00:00:00,112.75
2017-11-09 00:00:00,111.89
2017-11-08 00:00:00,114.15
2017-11-07 00:00:00,111.7
2017-11-06 00:00:00,112.46
2017-11-03 00:00:00,113.2
2017-11-02 00:00:00,112.69
2017-11-01 00:00:00,114.47
2017-10-31 00:00:00,119.6
2017-10-30 00:00:00,117.58
2017-10-27 00:00:00,116.89
2017-10-26 00:00:00,115.83
2017-10-25 00:00:00,114.56
2017-10-24 00:00:00,113.39
2017-10-23 00:00:00,113.66
2017-10-20 00:00:00,113.62
2017-10-19 00:00:00,113.07
2017-10-18 00:00:00,113.16
2017-10-17 00:00:00,115.98
2017-10-16 00:00:00,117.48
2017-10-13 00:00:00,118.62
2017-10-12 00:00:00,117.14
2017-10-11 00:00:00,116.05
2017-10-10 00:00:00,117.82
2017-10-09 00:00:00,118.62
2017-10-06 00:00:00,120.09
2017-10-05 00:00:00,119.52
2017-10-04 00:00:00,118.56
2017-10-03 00:00:00,117.96
2017-10-02 00:00:00,117.95
2017-09-29 00:00:00,118.06
2017-09-28 00:00:00,116.61
2017-09-27 00:00:00,115.97
2017-09-26 00:00:00,113.92
2017-09-25 00:00:00,114.2
2017-09-22 00:00:00,118.5
2017-09-21 00:00:00,118.02
2017-09-20 00:00:00,120.34
2017-09-19 00:00:00,120.21
2017-09-18 00:00:00,119.96
2017-09-15 00:00:00,119.42
2017-09-14 00:00:00,119.19
2017-09-13 00:00:00,119.6
2017-09-12 00:00:00,120.41
2017-09-11 00:00:00,121.19
2017-09-08 00:00:00,118.28
2017-09-07 00:00:00,118.93
2017-09-06 00:00:00,117.0
2017-09-05 00:00:00,118.21
2017-09-01 00:00:00,119.31
2017-08-31 00:00:00,121.5
2017-08-30 00:00:00,121.97
2017-08-29 00:00:00,119.23
2017-08-28 00:00:00,118.73
2017-08-25 00:00:00,116.93
2017-08-24 00:00:00,117.82
2017-08-23 00:00:00,118.18
2017-08-22 00:00:00,119.03
2017-08-21 00:00:00,116.84
2017-08-18 00:00:00,116.88
2017-08-17 00:00:00,116.47
2017-08-16 00:00:00,119.25
2017-08-15 00:00:00,117.43
2017-08-14 00:00:00,117.11
2017-08-11 00:00:00,115.45
2017-08-10 00:00:00,113.99
2017-08-09 00:00:00,116.11
2017-08-08 00:00:00,116.5
2017-08-07 00:00:00,116.96
2017-08-04 00:00:00,117.22
2017-08-03 00:00:00,118.85
2017-08-02 00:00:00,116.83
2017-08-01 00:00:00,116.92
2017-07-31 00:00:00,116.74
2017-07-28 00:00:00,118.25
2017-07-27 00:00:00,117.6
2017-07-26 00:00:00,118.0
2017-07-25 00:00:00,113.66
2017-07-24 00:00:00,113.75
2017-07-21 00:00:00,112.22
2017-07-20 00:00:00,111.97
2017-07-19 00:00:00,111.58
2017-07-18 00:00:00,110.28
2017-07-17 00:00:00,109.44
2017-07-14 00:00:00,108.99
2017-07-13 00:00:00,108.98
2017-07-12 00:00:00,110.68
2017-07-11 00:00:00,108.42
2017-07-10 00:00:00,107.84
2017-07-07 00:00:00,107.45
2017-07-06 00:00:00,105.75
2017-07-05 00:00:00,106.76
2017-07-03 00:00:00,105.42
2017-06-30 00:00:00,105.72
2017-06-29 00:00:00,106.68
2017-06-28 00:00:00,108.81
2017-06-27 00:00:00,108.32
2017-06-26 00:00:00,111.86
2017-06-23 00:00:00,110.87
2017-06-22 00:00:00,112.62
2017-06-21 00:00:00,113.17
2017-06-20 00:00:00,113.47
2017-06-19 00:00:00,113.65
2017-06-16 00:00:00,110.51
2017-06-15 00:00:00,110.53
2017-06-14 00:00:00,110.02
2017-06-13 00:00:00,109.98
2017-06-12 00:00:00,108.9
2017-06-09 00:00:00,110.46
2017-06-08 00:00:00,114.29
2017-06-07 00:00:00,115.37
2017-06-06 00:00:00,113.69
2017-06-05 00:00:00,114.69
2017-06-02 00:00:00,114.52
2017-06-01 00:00:00,113.87
2017-05-31 00:00:00,113.33
2017-05-30 00:00:00,112.85
2017-05-26 00:00:00,112.13
2017-05-25 00:00:00,113.83
2017-05-24 00:00:00,112.31
2017-05-23 00:00:00,109.01
2017-05-22 00:00:00,108.39
2017-05-19 00:00:00,107.64
2017-05-18 00:00:00,106.93
2017-05-17 00:00:00,105.24
2017-05-16 00:00:00,111.76
2017-05-15 00:00:00,110.9
2017-05-12 00:00:00,109.09
2017-05-11 00:00:00,108.58
2017-05-10 00:00:00,108.16
2017-05-09 00:00:00,96.01
2017-05-08 00:00:00,95.73
2017-05-05 00:00:00,95.74
2017-05-04 00:00:00,94.76
2017-05-03 00:00:00,94.11
2017-05-02 00:00:00,94.25
2017-05-01 00:00:00,94.79
2017-04-28 00:00:00,94.82
2017-04-27 00:00:00,94.24
2017-04-26 00:00:00,93.5
2017-04-25 00:00:00,92.99
2017-04-24 00:00:00,92.81
2017-04-21 00:00:00,91.94
2017-04-20 00:00:00,91.21
2017-04-19 00:00:00,89.65
2017-04-18 00:00:00,89.2
2017-04-17 00:00:00,89.21
2017-04-13 00:00:00,89.02
2017-04-12 00:00:00,89.95
2017-04-11 00:00:00,89.68
2017-04-10 00:00:00,88.74
2017-04-07 00:00:00,88.73
2017-04-06 00:00:00,88.56
2017-04-05 00:00:00,88.4
2017-04-04 00:00:00,89.28
2017-04-03 00:00:00,89.11
2017-03-31 00:00:00,89.52
2017-03-30 00:00:00,90.26
2017-03-29 00:00:00,89.78
2017-03-28 00:00:00,89.74
2017-03-27 00:00:00,89.02
2017-03-24 00:00:00,89.35
2017-03-23 00:00:00,88.61
2017-03-22 00:00:00,88.74
2017-03-21 00:00:00,88.41
2017-03-20 00:00:00,89.16
2017-03-17 00:00:00,89.59
2017-03-16 00:00:00,90.2
2017-03-15 00:00:00,91.51
2017-03-14 00:00:00,90.9
2017-03-13 00:00:00,90.73
2017-03-10 00:00:00,89.81
2017-03-09 00:00:00,89.03
2017-03-08 00:00:00,89.0
2017-03-07 00:00:00,88.3
2017-03-06 00:00:00,87.14
2017-03-03 00:00:00,87.24
2017-03-02 00:00:00,87.01
2017-03-01 00:00:00,87.82
2017-02-28 00:00:00,86.5
2017-02-27 00:00:00,87.0
2017-02-24 00:00:00,86.54
2017-02-23 00:00:00,86.65
2017-02-22 00:00:00,87.38
2017-02-21 00:00:00,87.54
2017-02-17 00:00:00,87.3
2017-02-16 00:00:00,87.85
2017-02-15 00:00:00,87.95
2017-02-14 00:00:00,86.06
2017-02-13 00:00:00,86.32
2017-02-10 00:00:00,86.17
2017-02-09 00:00:00,83.26
2017-02-08 00:00:00,81.48
2017-02-07 00:00:00,82.21
2017-02-06 00:00:00,81.52
2017-02-03 00:00:00,81.28
2017-02-02 00:00:00,82.51
2017-02-01 00:00:00,83.0
2017-01-31 00:00:00,83.43
2017-01-30 00:00:00,83.84
2017-01-27 00:00:00,83.16
2017-01-26 00:00:00,81.7
2017-01-25 00:00:00,81.48
2017-01-24 00:00:00,80.51
2017-01-23 00:00:00,79.88
2017-01-20 00:00:00,80.12
2017-01-19 00:00:00,80.38
2017-01-18 00:00:00,80.53
2017-01-17 00:00:00,80.23
2017-01-13 00:00:00,80.35
2017-01-12 00:00:00,79.6
2017-01-11 00:00:00,79.02
2017-01-10 00:00:00,78.85
2017-01-09 00:00:00,78.64
2017-01-06 00:00:00,79.01
2017-01-05 00:00:00,78.96
2017-01-04 00:00:00,80.63
2017-01-03 00:00:00,79.17
2016-12-30 00:00:00,78.76
2016-12-29 00:00:00,80.16
2016-12-28 00:00:00,80.38
2016-12-27 00:00:00,81.08
2016-12-23 00:00:00,80.67
2016-12-22 00:00:00,79.79
2016-12-21 00:00:00,79.66
2016-12-20 00:00:00,79.5
2016-12-19 00:00:00,79.5
2016-12-16 00:00:00,79.51
2016-12-15 00:00:00,81.51
2016-12-14 00:00:00,80.7
2016-12-13 00:00:00,80.76
2016-12-12 00:00:00,80.62
2016-12-09 00:00:00,78.75
2016-12-08 00:00:00,77.78
2016-12-07 00:00:00,77.95
2016-12-06 00:00:00,76.87
2016-12-05 00:00:00,77.45
2016-12-02 00:00:00,75.86
2016-12-01 00:00:00,75.58
2016-11-30 00:00:00,79.24
2016-11-29 00:00:00,81.37
2016-11-28 00:00:00,78.73
2016-11-25 00:00:00,79.17
2016-11-23 00:00:00,79.35
2016-11-22 00:00:00,77.75
2016-11-21 00:00:00,78.26
2016-11-18 00:00:00,78.99
2016-11-17 00:00:00,79.62
2016-11-16 00:00:00,78.83
2016-11-15 00:00:00,77.62
2016-11-14 00:00:00,76.38
2016-11-11 00:00:00,77.45
2016-11-10 00:00:00,76.79
2016-11-09 00:00:00,79.44
2016-11-08 00:00:00,81.49
2016-11-07 00:00:00,81.08
2016-11-04 00:00:00,80.22
2016-11-03 00:00:00,80.52
2016-11-02 00:00:00,79.12
2016-11-01 00:00:00,77.84
2016-10-31 00:00:00,78.52
2016-10-28 00:00:00,79.45
2016-10-27 00:00:00,82.72
2016-10-26 00:00:00,82.58
2016-10-25 00:00:00,82.94
2016-10-24 00:00:00,84.15
2016-10-21 00:00:00,82.87
2016-10-20 00:00:00,82.52
2016-10-19 00:00:00,82.76
2016-10-18 00:00:00,84.01
2016-10-17 00:00:00,82.32
2016-10-14 00:00:00,82.59
2016-10-13 00:00:00,81.76
2016-10-12 00:00:00,82.53
2016-10-11 00:00:00,83.37
2016-10-10 00:00:00,84.74
2016-10-07 00:00:00,83.81
2016-10-06 00:00:00,84.58
2016-10-05 00:00:00,85.47
2016-10-04 00:00:00,85.56
2016-10-03 00:00:00,85.41
2016-09-30 00:00:00,85.4
2016-09-29 00:00:00,84.26
2016-09-28 00:00:00,85.0
2016-09-27 00:00:00,85.2
2016-09-26 00:00:00,83.5
2016-09-23 00:00:00,84.26
2016-09-22 00:00:00,83.17
2016-09-21 00:00:00,83.47
2016-09-20 00:00:00,82.99
2016-09-19 00:00:00,82.77
2016-09-16 00:00:00,82.89
2016-09-15 00:00:00,83.37
2016-09-14 00:00:00,80.83
2016-09-13 00:00:00,80.87
2016-09-12 00:00:00,80.84
2016-09-09 00:00:00,79.86
2016-09-08 00:00:00,82.16
2016-09-07 00:00:00,82.75
2016-09-06 00:00:00,83.87
2016-09-02 00:00:00,83.46
2016-09-01 00:00:00,81.76
2016-08-31 00:00:00,81.23
2016-08-30 00:00:00,81.73
2016-08-29 00:00:00,81.51
2016-08-26 00:00:00,81.21
2016-08-25 00:00:00,81.55
2016-08-24 00:00:00,82.42
2016-08-23 00:00:00,82.31
2016-08-22 00:00:00,81.49
2016-08-19 00:00:00,81.76
2016-08-18 00:00:00,80.98
2016-08-17 00:00:00,79.77
2016-08-16 00:00:00,78.05
2016-08-15 00:00:00,79.48
2016-08-12 00:00:00,77.43
2016-08-11 00:00:00,77.85
2016-08-10 00:00:00,78.57
2016-08-09 00:00:00,78.69
2016-08-08 00:00:00,79.27
2016-08-05 00:00:00,79.84
2016-08-04 00:00:00,78.23
2016-08-03 00:00:00,78.63
2016-08-02 00:00:00,76.78
2016-08-01 00:00:00,76.63
2016-07-29 00:00:00,76.32
2016-07-28 00:00:00,76.28
2016-07-27 00:00:00,76.67
2016-07-26 00:00:00,76.84
2016-07-25 00:00:00,76.9
2016-07-22 00:00:00,76.33
2016-07-21 00:00:00,75.38
2016-07-20 00:00:00,76.7
2016-07-19 00:00:00,76.5
2016-07-18 00:00:00,78.26
2016-07-15 00:00:00,77.83
2016-07-14 00:00:00,78.05
2016-07-13 00:00:00,77.62
2016-07-12 00:00:00,79.51
2016-07-11 00:00:00,79.17
2016-07-08 00:00:00,78.26
2016-07-07 00:00:00,76.62
2016-07-06 00:00:00,76.74
2016-07-05 00:00:00,75.89
2016-07-01 00:00:00,75.87
2016-06-30 00:00:00,75.76
2016-06-29 00:00:00,73.74
2016-06-28 00:00:00,72.6
2016-06-27 00:00:00,71.5
2016-06-24 00:00:00,73.21
2016-06-23 00:00:00,76.05
2016-06-22 00:00:00,74.8
2016-06-21 00:00:00,75.51
2016-06-20 00:00:00,75.31
2016-06-17 00:00:00,74.52
2016-06-16 00:00:00,75.0
2016-06-15 00:00:00,74.39
2016-06-14 00:00:00,74.52
2016-06-13 00:00:00,74.24
2016-06-10 00:00:00,75.28
2016-06-09 00:00:00,76.25
2016-06-08 00:00:00,76.28
2016-06-07 00:00:00,77.25
2016-06-06 00:00:00,76.49
2016-06-03 00:00:00,76.36
2016-06-02 00:00:00,76.58
2016-06-01 00:00:00,76.62
2016-05-31 00:00:00,76.75
2016-05-27 00:00:00,75.7
2016-05-26 00:00:00,75.11
2016-05-25 00:00:00,74.94
2016-05-24 00:00:00,75.35
2016-05-23 00:00:00,73.24
2016-05-20 00:00:00,73.11
2016-05-19 00:00:00,73.5
2016-05-18 00:00:00,74.49
2016-05-17 00:00:00,75.135
2016-05-16 00:00:00,76.62
2016-05-13 00:00:00,75.2
2016-05-12 00:00:00,75.01
2016-05-11 00:00:00,73.38
2016-05-10 00:00:00,64.54
2016-05-09 00:00:00,64.52
2016-05-06 00:00:00,63.94
2016-05-05 00:00:00,62.24
2016-05-04 00:00:00,61.88
2016-05-03 00:00:00,62.08
2016-05-02 00:00:00,62.89
2016-04-29 00:00:00,61.85
2016-04-28 00:00:00,62.32
2016-04-27 00:00:00,63.35
2016-04-26 00:00:00,65.33
2016-04-25 00:00:00,65.93
2016-04-22 00:00:00,65.87
2016-04-21 00:00:00,66.18
2016-04-20 00:00:00,65.8
2016-04-19 00:00:00,66.19
2016-04-18 00:00:00,66.52
2016-04-15 00:00:00,66.84
2016-04-14 00:00:00,64.94
2016-04-13 00:00:00,64.77
2016-04-12 00:00:00,62.96
2016-04-11 00:00:00,63.16
2016-04-08 00:00:00,64.24
2016-04-07 00:00:00,63.93
2016-04-06 00:00:00,65.83
2016-04-05 00:00:00,65.45
2016-04-04 00:00:00,65.74
2016-04-01 00:00:00,65.92
2016-03-31 00:00:00,66.11
2016-03-30 00:00:00,66.41
2016-03-29 00:00:00,66.03
2016-03-28 00:00:00,64.64
2016-03-24 00:00:00,64.24
2016-03-23 00:00:00,65.05
2016-03-22 00:00:00,63.87
2016-03-21 00:00:00,63.94
2016-03-18 00:00:00,64.32
2016-03-17 00:00:00,64.67
2016-03-16 00:00:00,66.0
2016-03-15 00:00:00,65.72
2016-03-14 00:00:00,64.79
2016-03-11 00:00:00,64.47
2016-03-10 00:00:00,63.5
2016-03-09 00:00:00,63.92
2016-03-08 00:00:00,62.96
2016-03-07 00:00:00,63.59
2016-03-04 00:00:00,64.43
2016-03-03 00:00:00,64.8
2016-03-02 00:00:00,66.09
2016-03-01 00:00:00,65.48
2016-02-29 00:00:00,64.24
2016-02-26 00:00:00,64.45
2016-02-25 00:00:00,64.68
2016-02-24 00:00:00,63.2
2016-02-23 00:00:00,61.52
2016-02-22 00:00:00,63.27
2016-02-19 00:00:00,59.57
2016-02-18 00:00:00,58.35
2016-02-17 00:00:00,59.84
2016-02-16 00:00:00,59.36
2016-02-12 00:00:00,59.25
2016-02-11 00:00:00,58.19
2016-02-10 00:00:00,58.98
2016-02-09 00:00:00,58.25
2016-02-08 00:00:00,56.32
2016-02-05 00:00:00,55.5
2016-02-04 00:00:00,58.73
2016-02-03 00:00:00,59.61
2016-02-02 00:00:00,60.66
2016-02-01 00:00:00,64.2
2016-01-29 00:00:00,64.545
2016-01-28 00:00:00,69.79
2016-01-27 00:00:00,69.49
2016-01-26 00:00:00,70.83
2016-01-25 00:00:00,69.92
2016-01-22 00:00:00,69.36
2016-01-21 00:00:00,67.03
2016-01-20 00:00:00,66.85
2016-01-19 00:00:00,67.37
2016-01-15 00:00:00,66.06
2016-01-14 00:00:00,64.48
2016-01-13 00:00:00,63.38
2016-01-12 00:00:00,65.62
2016-01-11 00:00:00,64.21
2016-01-08 00:00:00,63.13
2016-01-07 00:00:00,62.46
2016-01-06 00:00:00,63.68
2016-01-05 00:00:00,64.94
2016-01-04 00:00:00,66.1
2015-12-31 00:00:00,68.72
2015-12-30 00:00:00,69.65
2015-12-29 00:00:00,69.85
2015-12-28 00:00:00,69.19
2015-12-24 00:00:00,68.95
2015-12-23 00:00:00,68.64
2015-12-22 00:00:00,69.07
2015-12-21 00:00:00,68.71
2015-12-18 00:00:00,68.98
2015-12-17 00:00:00,71.12
2015-12-16 00:00:00,72.04
2015-12-15 00:00:00,72.33
2015-12-14 00:00:00,69.66
2015-12-11 00:00:00,67.17
2015-12-10 00:00:00,66.37
2015-12-09 00:00:00,67.09
2015-12-08 00:00:00,70.99
2015-12-07 00:00:00,70.79
2015-12-04 00:00:00,70.38
2015-12-03 00:00:00,67.22
2015-12-02 00:00:00,69.34
2015-12-01 00:00:00,68.63
2015-11-30 00:00:00,67.79
2015-11-27 00:00:00,68.88
2015-11-25 00:00:00,69.51
2015-11-24 00:00:00,67.06
2015-11-23 00:00:00,68.98
2015-11-20 00:00:00,72.42
2015-11-19 00:00:00,71.08
2015-11-18 00:00:00,68.42
2015-11-17 00:00:00,68.1
2015-11-16 00:00:00,67.99
2015-11-13 00:00:00,69.89
2015-11-12 00:00:00,71.66
2015-11-11 00:00:00,71.3
2015-11-10 00:00:00,70.83
2015-11-09 00:00:00,70.94
2015-11-06 00:00:00,72.38
2015-11-05 00:00:00,74.06
2015-11-04 00:00:00,74.29
2015-11-03 00:00:00,71.9
2015-11-02 00:00:00,72.0
2015-10-30 00:00:00,72.07
2015-10-29 00:00:00,76.06
2015-10-28 00:00:00,76.77
2015-10-27 00:00:00,75.27
2015-10-26 00:00:00,74.08
2015-10-23 00:00:00,74.92
2015-10-22 00:00:00,74.54
2015-10-21 00:00:00,72.79
2015-10-20 00:00:00,72.3
2015-10-19 00:00:00,72.29
2015-10-16 00:00:00,71.71
2015-10-15 00:00:00,70.97
2015-10-14 00:00:00,70.57
2015-10-13 00:00:00,68.42
2015-10-12 00:00:00,68.11
2015-10-09 00:00:00,65.04
2015-10-08 00:00:00,65.8
2015-10-07 00:00:00,66.11
2015-10-06 00:00:00,66.55
2015-10-05 00:00:00,67.59
2015-10-02 00:00:00,66.49
2015-10-01 00:00:00,67.2
2015-09-30 00:00:00,67.75
2015-09-29 00:00:00,66.0
2015-09-28 00:00:00,66.46
2015-09-25 00:00:00,69.49
2015-09-24 00:00:00,68.81
2015-09-23 00:00:00,69.46
2015-09-22 00:00:00,68.69
2015-09-21 00:00:00,70.58
2015-09-18 00:00:00,70.07
2015-09-17 00:00:00,71.06
2015-09-16 00:00:00,70.28
2015-09-15 00:00:00,69.38
2015-09-14 00:00:00,68.35
2015-09-11 00:00:00,68.91
2015-09-10 00:00:00,68.74
2015-09-09 00:00:00,67.78
2015-09-08 00:00:00,68.5
2015-09-04 00:00:00,66.37
2015-09-03 00:00:00,65.79
2015-09-02 00:00:00,64.67
2015-09-01 00:00:00,63.43
2015-08-31 00:00:00,66.15
2015-08-28 00:00:00,67.91
2015-08-27 00:00:00,67.16
2015-08-26 00:00:00,66.34
2015-08-25 00:00:00,63.54
2015-08-24 00:00:00,63.7
2015-08-21 00:00:00,65.53
2015-08-20 00:00:00,67.71
2015-08-19 00:00:00,71.61
2015-08-18 00:00:00,73.85
2015-08-17 00:00:00,73.7
2015-08-14 00:00:00,72.82
2015-08-13 00:00:00,73.38
2015-08-12 00:00:00,73.72
2015-08-11 00:00:00,73.82
2015-08-10 00:00:00,73.97
2015-08-07 00:00:00,73.36
2015-08-06 00:00:00,74.01
2015-08-05 00:00:00,75.16
2015-08-04 00:00:00,71.8
2015-08-03 00:00:00,70.97
2015-07-31 00:00:00,71.55
2015-07-30 00:00:00,72.3
2015-07-29 00:00:00,72.18
2015-07-28 00:00:00,71.8
2015-07-27 00:00:00,71.22
2015-07-24 00:00:00,72.29
2015-07-23 00:00:00,71.81
2015-07-22 00:00:00,72.92
2015-07-21 00:00:00,73.68
2015-07-20 00:00:00,74.79
2015-07-17 00:00:00,73.47
2015-07-16 00:00:00,72.97
2015-07-15 00:00:00,72.5
2015-07-14 00:00:00,72.25
2015-07-13 00:00:00,73.54
2015-07-10 00:00:00,72.07
2015-07-09 00:00:00,70.5
2015-07-08 00:00:00,69.0
2015-07-07 00:00:00,69.89
2015-07-06 00:00:00,68.01
2015-07-02 00:00:00,67.8
2015-07-01 00:00:00,67.995
2015-06-30 00:00:00,66.5
2015-06-29 00:00:00,66.22
2015-06-26 00:00:00,67.63
2015-06-25 00:00:00,67.45
2015-06-24 00:00:00,67.68
2015-06-23 00:00:00,66.58
2015-06-22 00:00:00,66.62
2015-06-19 00:00:00,65.95
2015-06-18 00:00:00,65.27
2015-06-17 00:00:00,64.48
2015-06-16 00:00:00,62.86
2015-06-15 00:00:00,61.57
2015-06-12 00:00:00,62.75
2015-06-11 00:00:00,62.59
2015-06-10 00:00:00,62.53
2015-06-09 00:00:00,61.78
2015-06-08 00:00:00,61.66
2015-06-05 00:00:00,62.9
2015-06-04 00:00:00,62.63
2015-06-03 00:00:00,63.37
2015-06-02 00:00:00,62.975
2015-06-01 00:00:00,62.89
2015-05-29 00:00:00,62.755
2015-05-28 00:00:00,63.27
2015-05-27 00:00:00,63.86
2015-05-26 00:00:00,62.525
2015-05-22 00:00:00,62.56
2015-05-21 00:00:00,62.69
2015-05-20 00:00:00,62.24
2015-05-19 00:00:00,62.61
2015-05-18 00:00:00,63.3
2015-05-15 00:00:00,62.875
2015-05-14 00:00:00,63.09
2015-05-13 00:00:00,61.73
2015-05-12 00:00:00,62.46
2015-05-11 00:00:00,62.59
2015-05-08 00:00:00,61.88
2015-05-07 00:00:00,60.27
2015-05-06 00:00:00,60.93
2015-05-05 00:00:00,59.16
2015-05-04 00:00:00,59.31
2015-05-01 00:00:00,59.33
2015-04-30 00:00:00,58.09
2015-04-29 00:00:00,58.615
2015-04-28 00:00:00,59.11
2015-04-27 00:00:00,59.84
2015-04-24 00:00:00,59.89
2015-04-23 00:00:00,59.88
2015-04-22 00:00:00,59.805
2015-04-21 00:00:00,59.03
2015-04-20 00:00:00,57.29
2015-04-17 00:00:00,56.03
2015-04-16 00:00:00,56.86
2015-04-15 00:00:00,56.86
2015-04-14 00:00:00,57.07
2015-04-13 00:00:00,57.33
2015-04-10 00:00:00,58.355
2015-04-09 00:00:00,57.5
2015-04-08 00:00:00,58.15
2015-04-07 00:00:00,57.8
2015-04-06 00:00:00,57.12
2015-04-02 00:00:00,57.65
2015-04-01 00:00:00,57.275
2015-03-31 00:00:00,58.815
2015-03-30 00:00:00,59.47
2015-03-27 00:00:00,58.235
2015-03-26 00:00:00,56.075
2015-03-25 00:00:00,56.085
2015-03-24 00:00:00,57.96
2015-03-23 00:00:00,57.27
2015-03-20 00:00:00,57.28
2015-03-19 00:00:00,55.955
2015-03-18 00:00:00,55.625
2015-03-17 00:00:00,54.17
2015-03-16 00:00:00,55.815
2015-03-13 00:00:00,55.3
2015-03-12 00:00:00,55.06
2015-03-11 00:00:00,55.09
2015-03-10 00:00:00,55.05
2015-03-09 00:00:00,56.665
2015-03-06 00:00:00,56.36
2015-03-05 00:00:00,57.375
2015-03-04 00:00:00,57.2
2015-03-03 00:00:00,56.67
2015-03-02 00:00:00,57.445
2015-02-27 00:00:00,57.18
2015-02-26 00:00:00,57.725
2015-02-25 00:00:00,57.39
2015-02-24 00:00:00,57.625
2015-02-23 00:00:00,57.55
2015-02-20 00:00:00,57.67
2015-02-19 00:00:00,57.14
2015-02-18 00:00:00,57.605
2015-02-17 00:00:00,56.76
2015-02-13 00:00:00,56.39
2015-02-12 00:00:00,56.195
2015-02-11 00:00:00,54.945
2015-02-10 00:00:00,54.76
2015-02-09 00:00:00,54.275
2015-02-06 00:00:00,55.14
2015-02-05 00:00:00,56.39
2015-02-04 00:00:00,54.555
2015-02-03 00:00:00,54.52
2015-02-02 00:00:00,54.965
2015-01-30 00:00:00,54.86
2015-01-29 00:00:00,55.33
2015-01-28 00:00:00,54.61
2015-01-27 00:00:00,48.41
2015-01-26 00:00:00,49.475
2015-01-23 00:00:00,49.79
2015-01-22 00:00:00,49.36
2015-01-21 00:00:00,48.07
2015-01-20 00:00:00,47.81
2015-01-16 00:00:00,48.085
2015-01-15 00:00:00,46.64
2015-01-14 00:00:00,46.9
2015-01-13 00:00:00,46.42
2015-01-12 00:00:00,47.06
2015-01-09 00:00:00,47.51
2015-01-08 00:00:00,48.125
2015-01-07 00:00:00,46.81
2015-01-06 00:00:00,45.96
2015-01-05 00:00:00,46.57
2015-01-02 00:00:00,46.87
2014-12-31 00:00:00,47.015
2014-12-30 00:00:00,47.38
2014-12-29 00:00:00,47.59
2014-12-26 00:00:00,48.33
2014-12-24 00:00:00,48.06
2014-12-23 00:00:00,47.835
2014-12-22 00:00:00,47.85
2014-12-19 00:00:00,47.455
2014-12-18 00:00:00,47.24
2014-12-17 00:00:00,46.06
2014-12-16 00:00:00,45.45
2014-12-15 00:00:00,45.45
2014-12-12 00:00:00,44.895
2014-12-11 00:00:00,45.12
2014-12-10 00:00:00,44.76
2014-12-09 00:00:00,45.58
2014-12-08 00:00:00,46.01
2014-12-05 00:00:00,46.655
2014-12-04 00:00:00,46.49
2014-12-03 00:00:00,45.99
2014-12-02 00:00:00,43.63
2014-12-01 00:00:00,43.15
2014-11-28 00:00:00,43.93
2014-11-26 00:00:00,43.68
2014-11-25 00:00:00,44.01
2014-11-24 00:00:00,43.6
2014-11-21 00:00:00,43.495
2014-11-20 00:00:00,43.15
2014-11-19 00:00:00,43.445
2014-11-18 00:00:00,42.87
2014-11-17 00:00:00,41.4
2014-11-14 00:00:00,41.47
2014-11-13 00:00:00,41.445
2014-11-12 00:00:00,41.2
2014-11-11 00:00:00,41.14
2014-11-10 00:00:00,41.26
2014-11-07 00:00:00,40.94
2014-11-06 00:00:00,40.8
2014-11-05 00:00:00,40.725
2014-11-04 00:00:00,40.64
2014-11-03 00:00:00,40.96
2014-10-31 00:00:00,40.97
2014-10-30 00:00:00,39.85
2014-10-29 00:00:00,38.91
2014-10-28 00:00:00,37.48
2014-10-27 00:00:00,36.87
2014-10-24 00:00:00,36.35
2014-10-23 00:00:00,36.24
2014-10-22 00:00:00,35.05
2014-10-21 00:00:00,35.69
2014-10-20 00:00:00,34.93
2014-10-17 00:00:00,34.275
2014-10-16 00:00:00,32.62
2014-10-15 00:00:00,33.38
2014-10-14 00:00:00,32.735
2014-10-13 00:00:00,33.23
2014-10-10 00:00:00,34.53
2014-10-09 00:00:00,35.01
2014-10-08 00:00:00,35.28
2014-10-07 00:00:00,34.92
2014-10-06 00:00:00,36.0
2014-10-03 00:00:00,35.95
2014-10-02 00:00:00,35.59
2014-10-01 00:00:00,35.14
2014-09-30 00:00:00,35.61
2014-09-29 00:00:00,35.78
2014-09-26 00:00:00,35.96
2014-09-25 00:00:00,35.82
2014-09-24 00:00:00,36.87
2014-09-23 00:00:00,36.67
2014-09-22 00:00:00,36.61
2014-09-19 00:00:00,36.71
2014-09-18 00:00:00,37.25
2014-09-17 00:00:00,36.41
2014-09-16 00:00:00,37.02
2014-09-15 00:00:00,36.53
2014-09-12 00:00:00,37.16
2014-09-11 00:00:00,38.04
2014-09-10 00:00:00,37.81
2014-09-09 00:00:00,37.45
2014-09-08 00:00:00,38.0
2014-09-05 00:00:00,37.69
2014-09-04 00:00:00,37.36
2014-09-03 00:00:00,37.89
2014-09-02 00:00:00,38.01
2014-08-29 00:00:00,37.84
2014-08-28 00:00:00,37.1
2014-08-27 00:00:00,37.22
2014-08-26 00:00:00,37.56
2014-08-25 00:00:00,37.62
2014-08-22 00:00:00,38.16
2014-08-21 00:00:00,37.76
2014-08-20 00:00:00,37.555
2014-08-19 00:00:00,37.01
2014-08-18 00:00:00,36.67
2014-08-15 00:00:00,36.14
2014-08-14 00:00:00,36.59
2014-08-13 00:00:00,36.4131
2014-08-12 00:00:00,35.55
2014-08-11 00:00:00,35.07
2014-08-08 00:00:00,34.29
2014-08-07 00:00:00,33.31
2014-08-06 00:00:00,34.27
2014-08-05 00:00:00,34.13
2014-08-04 00:00:00,34.18
2014-08-01 00:00:00,33.71
2014-07-31 00:00:00,33.6
2014-07-30 00:00:00,34.5
2014-07-29 00:00:00,34.34
2014-07-28 00:00:00,35.09
2014-07-25 00:00:00,36.04
2014-07-24 00:00:00,36.84
2014-07-23 00:00:00,36.04
2014-07-22 00:00:00,38.42
2014-07-21 00:00:00,38.42
2014-07-18 00:00:00,38.38
2014-07-17 00:00:00,37.06
2014-07-16 00:00:00,37.12
2014-07-15 00:00:00,36.18
2014-07-14 00:00:00,36.55
2014-07-11 00:00:00,35.97
2014-07-10 00:00:00,35.85
2014-07-09 00:00:00,35.52
2014-07-08 00:00:00,35.29
2014-07-07 00:00:00,36.16
2014-07-03 00:00:00,36.92
2014-07-02 00:00:00,36.76
2014-07-01 00:00:00,36.41
2014-06-30 00:00:00,35.87
2014-06-27 00:00:00,35.89
2014-06-26 00:00:00,36.27
2014-06-25 00:00:00,36.51
2014-06-24 00:00:00,36.36
2014-06-23 00:00:00,36.9
2014-06-20 00:00:00,37.14
2014-06-19 00:00:00,37.07
2014-06-18 00:00:00,37.15
2014-06-17 00:00:00,36.79
2014-06-16 00:00:00,35.7
2014-06-13 00:00:00,35.68
2014-06-12 00:00:00,35.23
2014-06-11 00:00:00,35.51
2014-06-10 00:00:00,35.7
2014-06-09 00:00:00,34.91
2014-06-06 00:00:00,34.85
2014-06-05 00:00:00,34.78
2014-06-04 00:00:00,34.95
2014-06-03 00:00:00,34.73
2014-06-02 00:00:00,34.56
2014-05-30 00:00:00,35.13
2014-05-29 00:00:00,34.76
2014-05-28 00:00:00,34.7
2014-05-27 00:00:00,35.08
2014-05-23 00:00:00,34.88
2014-05-22 00:00:00,34.57
2014-05-21 00:00:00,34.6
2014-05-20 00:00:00,34.38
2014-05-19 00:00:00,34.57
2014-05-16 00:00:00,34.44
2014-05-15 00:00:00,33.79
2014-05-14 00:00:00,34.13
2014-05-13 00:00:00,35.04
2014-05-12 00:00:00,35.31
2014-05-09 00:00:00,35.12
2014-05-08 00:00:00,34.28
2014-05-07 00:00:00,33.95
2014-05-06 00:00:00,28.05
2014-05-05 00:00:00,28.76
2014-05-02 00:00:00,28.5
2014-05-01 00:00:00,28.74
2014-04-30 00:00:00,28.3
2014-04-29 00:00:00,28.06
2014-04-28 00:00:00,28.18
2014-04-25 00:00:00,28.21
2014-04-24 00:00:00,28.1
2014-04-23 00:00:00,28.15
2014-04-22 00:00:00,28.12
2014-04-21 00:00:00,27.98
2014-04-17 00:00:00,27.57
2014-04-16 00:00:00,27.59
2014-04-15 00:00:00,27.465
2014-04-14 00:00:00,27.28
2014-04-11 00:00:00,26.67
2014-04-10 00:00:00,27.22
2014-04-09 00:00:00,28.16
2014-04-08 00:00:00,28.73
2014-04-07 00:00:00,28.34
2014-04-04 00:00:00,28.6
2014-04-03 00:00:00,28.87
2014-04-02 00:00:00,29.13
2014-04-01 00:00:00,29.47
2014-03-31 00:00:00,29.01
2014-03-28 00:00:00,28.53
2014-03-27 00:00:00,28.48
2014-03-26 00:00:00,28.57
2014-03-25 00:00:00,29.29
2014-03-24 00:00:00,29.0
2014-03-21 00:00:00,29.75
2014-03-20 00:00:00,30.245
2014-03-19 00:00:00,30.23
2014-03-18 00:00:00,30.24
2014-03-17 00:00:00,30.1
2014-03-14 00:00:00,29.6
2014-03-13 00:00:00,29.71
2014-03-12 00:00:00,29.98
2014-03-11 00:00:00,29.8
2014-03-10 00:00:00,29.21
2014-03-07 00:00:00,29.38
2014-03-06 00:00:00,29.21
2014-03-05 00:00:00,29.09
2014-03-04 00:00:00,28.81
2014-03-03 00:00:00,28.09
2014-02-28 00:00:00,28.59
2014-02-27 00:00:00,28.54
2014-02-26 00:00:00,28.27
2014-02-25 00:00:00,28.1
2014-02-24 00:00:00,27.96
2014-02-21 00:00:00,28.0
2014-02-20 00:00:00,27.79
2014-02-19 00:00:00,27.91
2014-02-18 00:00:00,28.4
2014-02-14 00:00:00,27.58
2014-02-13 00:00:00,27.56
2014-02-12 00:00:00,27.86
2014-02-11 00:00:00,27.41
2014-02-10 00:00:00,26.88
2014-02-07 00:00:00,27.2
2014-02-06 00:00:00,26.46
2014-02-05 00:00:00,26.16
2014-02-04 00:00:00,26.18
2014-02-03 00:00:00,26.08
2014-01-31 00:00:00,26.4
2014-01-30 00:00:00,26.03
2014-01-29 00:00:00,25.22
2014-01-28 00:00:00,24.87
2014-01-27 00:00:00,24.47
2014-01-24 00:00:00,23.84
2014-01-23 00:00:00,23.87
2014-01-22 00:00:00,24.17
2014-01-21 00:00:00,24.32
2014-01-17 00:00:00,24.1
2014-01-16 00:00:00,21.54
2014-01-15 00:00:00,21.93
2014-01-14 00:00:00,22.46
2014-01-13 00:00:00,22.38
2014-01-10 00:00:00,23.01
2014-01-09 00:00:00,22.75
2014-01-08 00:00:00,23.31
2014-01-07 00:00:00,23.1
2014-01-06 00:00:00,22.53
2014-01-03 00:00:00,22.68
2014-01-02 00:00:00,22.83
2013-12-31 00:00:00,22.94
2013-12-30 00:00:00,22.89
2013-12-27 00:00:00,23.17
2013-12-26 00:00:00,23.67
2013-12-24 00:00:00,23.83
2013-12-23 00:00:00,23.86
2013-12-20 00:00:00,23.54
2013-12-19 00:00:00,23.42
2013-12-18 00:00:00,22.86
2013-12-17 00:00:00,22.75
2013-12-16 00:00:00,22.06
2013-12-13 00:00:00,22.22
2013-12-12 00:00:00,20.97
2013-12-11 00:00:00,21.08
2013-12-10 00:00:00,22.06
2013-12-09 00:00:00,22.19
2013-12-06 00:00:00,22.24
2013-12-05 00:00:00,21.01
2013-12-04 00:00:00,22.34
2013-12-03 00:00:00,21.54
2013-12-02 00:00:00,21.9
2013-11-29 00:00:00,22.17
2013-11-27 00:00:00,22.11
2013-11-26 00:00:00,22.52
2013-11-25 00:00:00,22.78
2013-11-22 00:00:00,23.14
2013-11-21 00:00:00,23.39
2013-11-20 00:00:00,23.0
2013-11-19 00:00:00,23.32
2013-11-18 00:00:00,24.12
2013-11-15 00:00:00,24.06
2013-11-14 00:00:00,25.96
2013-11-13 00:00:00,26.42
2013-11-12 00:00:00,26.44
2013-11-11 00:00:00,25.99
2013-11-08 00:00:00,25.7
2013-11-07 00:00:00,25.33
2013-11-06 00:00:00,25.74
2013-11-05 00:00:00,25.56
2013-11-04 00:00:00,25.73
2013-11-01 00:00:00,25.63
2013-10-31 00:00:00,26.25
2013-10-30 00:00:00,26.0
2013-10-29 00:00:00,24.13
2013-10-28 00:00:00,24.83
2013-10-25 00:00:00,24.75
2013-10-24 00:00:00,24.74
2013-10-23 00:00:00,24.61
2013-10-22 00:00:00,25.23
2013-10-21 00:00:00,24.5
2013-10-18 00:00:00,25.03
2013-10-17 00:00:00,24.53
2013-10-16 00:00:00,24.21
2013-10-15 00:00:00,23.97
2013-10-14 00:00:00,24.59
2013-10-11 00:00:00,24.72
2013-10-10 00:00:00,25.22
2013-10-09 00:00:00,24.15
2013-10-08 00:00:00,24.07
2013-10-07 00:00:00,25.25
2013-10-04 00:00:00,25.76
2013-10-03 00:00:00,25.08
2013-10-02 00:00:00,25.62
2013-10-01 00:00:00,26.42
2013-09-30 00:00:00,25.55
2013-09-27 00:00:00,25.95
2013-09-26 00:00:00,26.15
2013-09-25 00:00:00,26.6
2013-09-24 00:00:00,26.55
2013-09-23 00:00:00,26.19
2013-09-20 00:00:00,26.54
2013-09-19 00:00:00,26.975
2013-09-18 00:00:00,26.86
2013-09-17 00:00:00,27.6
2013-09-16 00:00:00,26.96
2013-09-13 00:00:00,26.67
2013-09-12 00:00:00,26.39
2013-09-11 00:00:00,26.71
2013-09-10 00:00:00,26.95
2013-09-09 00:00:00,27.11
2013-09-06 00:00:00,26.76
2013-09-05 00:00:00,27.68
2013-09-04 00:00:00,27.99
2013-09-03 00:00:00,27.36
2013-08-30 00:00:00,26.64
2013-08-29 00:00:00,27.57
2013-08-28 00:00:00,27.13
2013-08-27 00:00:00,26.99
2013-08-26 00:00:00,27.86
2013-08-23 00:00:00,27.97
2013-08-22 00:00:00,27.78
2013-08-21 00:00:00,26.66
2013-08-20 00:00:00,26.75
2013-08-19 00:00:00,26.57
2013-08-16 00:00:00,26.885
2013-08-15 00:00:00,26.48
2013-08-14 00:00:00,26.66
2013-08-13 00:00:00,26.55
2013-08-12 00:00:00,26.68
2013-08-09 00:00:00,26.65
2013-08-08 00:00:00,26.64
2013-08-07 00:00:00,26.34
2013-08-06 00:00:00,26.44
2013-08-05 00:00:00,26.53
2013-08-02 00:00:00,26.57
2013-08-01 00:00:00,26.53
2013-07-31 00:00:00,26.12
2013-07-30 00:00:00,26.07
2013-07-29 00:00:00,25.48
2013-07-26 00:00:00,25.82
2013-07-25 00:00:00,24.64
2013-07-24 00:00:00,25.41
2013-07-23 00:00:00,23.825001
2013-07-22 00:00:00,24.01
2013-07-19 00:00:00,24.265
2013-07-18 00:00:00,24.16
2013-07-17 00:00:00,23.81
2013-07-16 00:00:00,24.19
2013-07-15 00:00:00,24.19
2013-07-12 00:00:00,24.32
2013-07-11 00:00:00,24.27
2013-07-10 00:00:00,23.9
2013-07-09 00:00:00,23.565001
2013-07-08 00:00:00,23.54
2013-07-05 00:00:00,23.83
2013-07-03 00:00:00,23.306
2013-07-02 00:00:00,23.52
2013-07-01 00:00:00,23.18
2013-06-28 00:00:00,22.99
2013-06-27 00:00:00,22.21
2013-06-26 00:00:00,21.79
2013-06-25 00:00:00,21.78
2013-06-24 00:00:00,21.61
2013-06-21 00:00:00,21.975
2013-06-20 00:00:00,22.15
2013-06-19 00:00:00,22.84
2013-06-18 00:00:00,23.03
2013-06-17 00:00:00,22.43
2013-06-14 00:00:00,21.81
2013-06-13 00:00:00,21.49
2013-06-12 00:00:00,21.54
2013-06-11 00:00:00,22.6
2013-06-10 00:00:00,22.87
2013-06-07 00:00:00,23.61
2013-06-06 00:00:00,23.28
2013-06-05 00:00:00,22.88
2013-06-04 00:00:00,22.72
2013-06-03 00:00:00,22.99
2013-05-31 00:00:00,22.99
2013-05-30 00:00:00,23.35
2013-05-29 00:00:00,23.155001
2013-05-28 00:00:00,23.26
2013-05-24 00:00:00,22.77
2013-05-23 00:00:00,22.65
2013-05-22 00:00:00,21.75
2013-05-21 00:00:00,21.97
2013-05-20 00:00:00,21.79
2013-05-17 00:00:00,22.21
2013-05-16 00:00:00,22.02
2013-05-15 00:00:00,22.64
2013-05-14 00:00:00,22.41
2013-05-13 00:00:00,21.74
2013-05-10 00:00:00,22.48
2013-05-09 00:00:00,21.64
2013-05-08 00:00:00,21.56
2013-05-07 00:00:00,18.41
2013-05-06 00:00:00,18.29
2013-05-03 00:00:00,17.955
2013-05-02 00:00:00,17.54
2013-05-01 00:00:00,17.3
2013-04-30 00:00:00,17.61
2013-04-29 00:00:00,17.77
2013-04-26 00:00:00,17.88
2013-04-25 00:00:00,17.94
2013-04-24 00:00:00,17.8
2013-04-23 00:00:00,17.42
2013-04-22 00:00:00,17.28
2013-04-19 00:00:00,17.09
2013-04-18 00:00:00,16.94
2013-04-17 00:00:00,17.01
2013-04-16 00:00:00,17.37
2013-04-15 00:00:00,16.91
2013-04-12 00:00:00,17.58
2013-04-11 00:00:00,17.63
2013-04-10 00:00:00,17.8
2013-04-09 00:00:00,17.45
2013-04-08 00:00:00,17.27
2013-04-05 00:00:00,17.35
2013-04-04 00:00:00,17.245001
2013-04-03 00:00:00,17.24
2013-04-02 00:00:00,17.545
2013-04-01 00:00:00,17.915001
2013-03-28 00:00:00,17.7
2013-03-27 00:00:00,17.79
2013-03-26 00:00:00,17.77
2013-03-25 00:00:00,17.56
2013-03-22 00:00:00,17.97
2013-03-21 00:00:00,17.7
2013-03-20 00:00:00,17.34
2013-03-19 00:00:00,17.15
2013-03-18 00:00:00,18.71
2013-03-15 00:00:00,18.88
2013-03-14 00:00:00,19.34
2013-03-13 00:00:00,18.94
2013-03-12 00:00:00,19.25
2013-03-11 00:00:00,19.13
2013-03-08 00:00:00,18.58
2013-03-07 00:00:00,18.71
2013-03-06 00:00:00,18.62
2013-03-05 00:00:00,18.51
2013-03-04 00:00:00,18.2
2013-03-01 00:00:00,18.04
2013-02-28 00:00:00,17.53
2013-02-27 00:00:00,18.12
2013-02-26 00:00:00,17.69
2013-02-25 00:00:00,17.7
2013-02-22 00:00:00,17.81
2013-02-21 00:00:00,17.64
2013-02-20 00:00:00,17.48
2013-02-19 00:00:00,17.585
2013-02-15 00:00:00,16.97
2013-02-14 00:00:00,17.15
2013-02-13 00:00:00,17.17
2013-02-12 00:00:00,17.54
2013-02-11 00:00:00,17.41
2013-02-08 00:00:00,17.37
2013-02-07 00:00:00,16.87
2013-02-06 00:00:00,16.88
2013-02-05 00:00:00,16.89
2013-02-04 00:00:00,16.0
2013-02-01 00:00:00,16.19
2013-01-31 00:00:00,15.73
2013-01-30 00:00:00,15.08
2013-01-29 00:00:00,14.95
2013-01-28 00:00:00,15.04
2013-01-25 00:00:00,14.77
2013-01-24 00:00:00,14.26
2013-01-23 00:00:00,14.05
2013-01-22 00:00:00,14.43
2013-01-18 00:00:00,14.46
2013-01-17 00:00:00,14.51
2013-01-16 00:00:00,14.6
2013-01-15 00:00:00,14.61
2013-01-14 00:00:00,14.43
2013-01-11 00:00:00,14.24
2013-01-10 00:00:00,14.0
2013-01-09 00:00:00,13.7
2013-01-08 00:00:00,13.77
2013-01-07 00:00:00,14.45
2013-01-04 00:00:00,14.88
2013-01-03 00:00:00,14.74
2013-01-02 00:00:00,14.5475
2012-12-31 00:00:00,14.52
2012-12-28 00:00:00,13.92
2012-12-27 00:00:00,14.02
2012-12-26 00:00:00,14.16
2012-12-24 00:00:00,14.11
2012-12-21 00:00:00,13.89
2012-12-20 00:00:00,13.94
2012-12-19 00:00:00,14.4
2012-12-18 00:00:00,14.91
2012-12-17 00:00:00,15.42
2012-12-14 00:00:00,15.3
2012-12-13 00:00:00,15.25
2012-12-12 00:00:00,15.33
2012-12-11 00:00:00,15.15
2012-12-10 00:00:00,14.82
2012-12-07 00:00:00,14.835
2012-12-06 00:00:00,14.82
2012-12-05 00:00:00,14.63
2012-12-04 00:00:00,14.44
2012-12-03 00:00:00,14.53
2012-11-30 00:00:00,14.81
2012-11-29 00:00:00,15.03
2012-11-28 00:00:00,15.03
2012-11-27 00:00:00,14.735
2012-11-26 00:00:00,14.595
2012-11-23 00:00:00,14.37
2012-11-21 00:00:00,13.97
2012-11-20 00:00:00,13.86
2012-11-19 00:00:00,13.71
2012-11-16 00:00:00,13.05
2012-11-15 00:00:00,13.05
2012-11-14 00:00:00,12.75
2012-11-13 00:00:00,12.98
2012-11-12 00:00:00,13.02
2012-11-09 00:00:00,12.89
2012-11-08 00:00:00,12.91
2012-11-07 00:00:00,13.4409
2012-11-06 00:00:00,13.76
2012-11-05 00:00:00,13.2
2012-11-02 00:00:00,12.9859
2012-11-01 00:00:00,13.0
2012-10-31 00:00:00,12.35
2012-10-26 00:00:00,11.91
2012-10-25 00:00:00,12.21
2012-10-24 00:00:00,12.42
2012-10-23 00:00:00,12.77
2012-10-22 00:00:00,13.05
2012-10-19 00:00:00,13.08
2012-10-18 00:00:00,13.83
2012-10-17 00:00:00,13.87
2012-10-16 00:00:00,13.98
2012-10-15 00:00:00,13.69
2012-10-12 00:00:00,13.41
2012-10-11 00:00:00,13.05
2012-10-10 00:00:00,12.89
2012-10-09 00:00:00,13.005
2012-10-08 00:00:00,12.98
2012-10-05 00:00:00,12.95
2012-10-04 00:00:00,13.03
2012-10-03 00:00:00,12.85
2012-10-02 00:00:00,12.65
2012-10-01 00:00:00,12.35
2012-09-28 00:00:00,12.69
2012-09-27 00:00:00,12.78
2012-09-26 00:00:00,12.6
2012-09-25 00:00:00,12.68
2012-09-24 00:00:00,13.305
2012-09-21 00:00:00,13.24
2012-09-20 00:00:00,13.48
2012-09-19 00:00:00,13.93
2012-09-18 00:00:00,14.0
2012-09-17 00:00:00,14.21
2012-09-14 00:00:00,14.5
2012-09-13 00:00:00,14.24
2012-09-12 00:00:00,13.99
2012-09-11 00:00:00,13.81
2012-09-10 00:00:00,13.84
2012-09-07 00:00:00,14.04
2012-09-06 00:00:00,13.63
2012-09-05 00:00:00,13.14
2012-09-04 00:00:00,13.03
2012-08-31 00:00:00,13.33
2012-08-30 00:00:00,13.0
2012-08-29 00:00:00,12.85
2012-08-28 00:00:00,12.83
2012-08-27 00:00:00,12.93
2012-08-24 00:00:00,13.33
2012-08-23 00:00:00,13.25
2012-08-22 00:00:00,13.44
2012-08-21 00:00:00,13.56
2012-08-20 00:00:00,13.56
2012-08-17 00:00:00,13.77
2012-08-16 00:00:00,13.81
2012-08-15 00:00:00,13.09
2012-08-14 00:00:00,12.71
2012-08-13 00:00:00,12.87
2012-08-10 00:00:00,13.08
2012-08-09 00:00:00,13.12
2012-08-08 00:00:00,12.94
2012-08-07 00:00:00,12.79
2012-08-06 00:00:00,12.2
2012-08-03 00:00:00,11.97
2012-08-02 00:00:00,11.37
2012-08-01 00:00:00,11.68
2012-07-31 00:00:00,11.02
2012-07-30 00:00:00,11.23
2012-07-27 00:00:00,11.41
2012-07-26 00:00:00,10.945
2012-07-25 00:00:00,11.51
2012-07-24 00:00:00,11.54
2012-07-23 00:00:00,11.82
2012-07-20 00:00:00,11.98
2012-07-19 00:00:00,12.27
2012-07-18 00:00:00,11.5
2012-07-17 00:00:00,11.36
2012-07-16 00:00:00,11.53
2012-07-13 00:00:00,11.71
2012-07-12 00:00:00,11.59
2012-07-11 00:00:00,11.68
2012-07-10 00:00:00,11.59
2012-07-09 00:00:00,11.94
2012-07-06 00:00:00,12.02
2012-07-05 00:00:00,12.39
2012-07-03 00:00:00,12.59
2012-07-02 00:00:00,12.28
2012-06-29 00:00:00,12.35
2012-06-28 00:00:00,11.89
2012-06-27 00:00:00,12.11
2012-06-26 00:00:00,11.965
2012-06-25 00:00:00,12.115
2012-06-22 00:00:00,12.26
2012-06-21 00:00:00,12.0
2012-06-20 00:00:00,12.66
2012-06-19 00:00:00,12.67
2012-06-18 00:00:00,12.43
2012-06-15 00:00:00,12.44
2012-06-14 00:00:00,12.32
2012-06-13 00:00:00,12.29
2012-06-12 00:00:00,12.79
2012-06-11 00:00:00,12.82
2012-06-08 00:00:00,13.47
2012-06-07 00:00:00,13.42
2012-06-06 00:00:00,13.71
2012-06-05 00:00:00,13.14
2012-06-04 00:00:00,13.07
2012-06-01 00:00:00,13.12
2012-05-31 00:00:00,13.62
2012-05-30 00:00:00,14.15
2012-05-29 00:00:00,14.38
2012-05-25 00:00:00,14.22
2012-05-24 00:00:00,14.22
2012-05-23 00:00:00,14.69
2012-05-22 00:00:00,14.26
2012-05-21 00:00:00,14.38
2012-05-18 00:00:00,14.1
2012-05-17 00:00:00,14.24
2012-05-16 00:00:00,14.41
2012-05-15 00:00:00,14.31
2012-05-14 00:00:00,14.38
2012-05-11 00:00:00,14.57
2012-05-10 00:00:00,14.71
2012-05-09 00:00:00,14.12
2012-05-08 00:00:00,14.48
2012-05-07 00:00:00,15.13
2012-05-04 00:00:00,15.12
2012-05-03 00:00:00,15.67
2012-05-02 00:00:00,15.87
2012-05-01 00:00:00,15.54
2012-04-30 00:00:00,15.38
2012-04-27 00:00:00,15.32
2012-04-26 00:00:00,15.93
2012-04-25 00:00:00,15.01
2012-04-24 00:00:00,14.88
2012-04-23 00:00:00,14.87
2012-04-20 00:00:00,14.93
2012-04-19 00:00:00,14.755
2012-04-18 00:00:00,15.07
2012-04-17 00:00:00,15.28
2012-04-16 00:00:00,15.21
2012-04-13 00:00:00,16.18
2012-04-12 00:00:00,16.52
2012-04-11 00:00:00,15.89
2012-04-10 00:00:00,15.55
2012-04-09 00:00:00,15.9
2012-04-05 00:00:00,16.27
2012-04-04 00:00:00,16.26
2012-04-03 00:00:00,16.65
2012-04-02 00:00:00,16.71
2012-03-30 00:00:00,16.485001
2012-03-29 00:00:00,16.49
2012-03-28 00:00:00,16.79
2012-03-27 00:00:00,17.02
2012-03-26 00:00:00,17.0
2012-03-23 00:00:00,16.86
2012-03-22 00:00:00,16.96
2012-03-21 00:00:00,16.92
2012-03-20 00:00:00,17.01
2012-03-19 00:00:00,17.17
2012-03-16 00:00:00,17.46
2012-03-15 00:00:00,16.71
2012-03-14 00:00:00,16.495001
2012-03-13 00:00:00,17.28
2012-03-12 00:00:00,16.84
2012-03-09 00:00:00,17.26
2012-03-08 00:00:00,17.4
2012-03-07 00:00:00,16.51
2012-03-06 00:00:00,16.44
2012-03-05 00:00:00,16.49
2012-03-02 00:00:00,16.78
2012-03-01 00:00:00,16.69
2012-02-29 00:00:00,16.335
2012-02-28 00:00:00,16.71
2012-02-27 00:00:00,16.81
2012-02-24 00:00:00,16.93
2012-02-23 00:00:00,17.19
2012-02-22 00:00:00,17.13
2012-02-21 00:00:00,17.22
2012-02-17 00:00:00,17.47
2012-02-16 00:00:00,17.77
2012-02-15 00:00:00,17.75
2012-02-14 00:00:00,17.66
2012-02-13 00:00:00,17.49
2012-02-10 00:00:00,17.42
2012-02-09 00:00:00,17.87
2012-02-08 00:00:00,18.24
2012-02-07 00:00:00,18.49
2012-02-06 00:00:00,19.0
2012-02-03 00:00:00,19.24
2012-02-02 00:00:00,19.565001
2012-02-01 00:00:00,18.44
2012-01-31 00:00:00,18.575001
2012-01-30 00:00:00,18.03
2012-01-27 00:00:00,18.14
2012-01-26 00:00:00,17.66
2012-01-25 00:00:00,18.04
2012-01-24 00:00:00,17.94
2012-01-23 00:00:00,17.98
2012-01-20 00:00:00,17.93
2012-01-19 00:00:00,17.54
2012-01-18 00:00:00,18.26
2012-01-17 00:00:00,17.74
2012-01-13 00:00:00,18.04
2012-01-12 00:00:00,19.51
2012-01-11 00:00:00,19.38
2012-01-10 00:00:00,19.455
2012-01-09 00:00:00,19.42
2012-01-06 00:00:00,19.67
2012-01-05 00:00:00,20.53
2012-01-04 00:00:00,20.29
2012-01-03 00:00:00,21.3
2011-12-30 00:00:00,20.6
2011-12-29 00:00:00,20.86
2011-12-28 00:00:00,20.54
2011-12-27 00:00:00,21.01
2011-12-23 00:00:00,20.71
2011-12-22 00:00:00,20.3
2011-12-21 00:00:00,20.3
2011-12-20 00:00:00,20.57
2011-12-19 00:00:00,19.845
2011-12-16 00:00:00,20.225
2011-12-15 00:00:00,20.92
2011-12-14 00:00:00,20.34
2011-12-13 00:00:00,20.86
2011-12-12 00:00:00,21.68
2011-12-09 00:00:00,21.99
2011-12-08 00:00:00,21.49
2011-12-07 00:00:00,22.59
2011-12-06 00:00:00,23.15
2011-12-05 00:00:00,22.73
2011-12-02 00:00:00,22.995001
2011-12-01 00:00:00,23.325001
2011-11-30 00:00:00,23.19
2011-11-29 00:00:00,21.69
2011-11-28 00:00:00,22.09
2011-11-25 00:00:00,20.83
2011-11-23 00:00:00,20.94
2011-11-22 00:00:00,21.86
2011-11-21 00:00:00,21.625
2011-11-18 00:00:00,21.99
2011-11-17 00:00:00,22.32
2011-11-16 00:00:00,23.06
2011-11-15 00:00:00,23.81
2011-11-14 00:00:00,23.75
2011-11-11 00:00:00,23.9
2011-11-10 00:00:00,23.57
2011-11-09 00:00:00,23.03
2011-11-08 00:00:00,24.24
2011-11-07 00:00:00,24.49
2011-11-04 00:00:00,25.2
2011-11-03 00:00:00,24.38
2011-11-02 00:00:00,23.48
2011-11-01 00:00:00,22.46
2011-10-31 00:00:00,23.35
2011-10-28 00:00:00,24.1
2011-10-27 00:00:00,24.5
2011-10-26 00:00:00,24.39
2011-10-25 00:00:00,24.47
2011-10-24 00:00:00,24.94
2011-10-21 00:00:00,23.58
2011-10-20 00:00:00,23.41
2011-10-19 00:00:00,23.62
2011-10-18 00:00:00,24.51
2011-10-17 00:00:00,23.825001
2011-10-14 00:00:00,24.54
2011-10-13 00:00:00,23.83
2011-10-12 00:00:00,23.73
2011-10-11 00:00:00,23.51
2011-10-10 00:00:00,23.59
2011-10-07 00:00:00,22.375
2011-10-06 00:00:00,22.56
2011-10-05 00:00:00,20.96
2011-10-04 00:00:00,20.27
2011-10-03 00:00:00,19.76
2011-09-30 00:00:00,20.45
2011-09-29 00:00:00,20.62
2011-09-28 00:00:00,21.01
2011-09-27 00:00:00,21.92
2011-09-26 00:00:00,21.76
2011-09-23 00:00:00,21.245001
2011-09-22 00:00:00,20.76
2011-09-21 00:00:00,21.95
2011-09-20 00:00:00,22.905001
2011-09-19 00:00:00,22.87
2011-09-16 00:00:00,23.01
2011-09-15 00:00:00,22.97
2011-09-14 00:00:00,22.68
2011-09-13 00:00:00,22.11
2011-09-12 00:00:00,22.07
2011-09-09 00:00:00,21.36
2011-09-08 00:00:00,22.08
2011-09-07 00:00:00,22.55
2011-09-06 00:00:00,21.89
2011-09-02 00:00:00,21.985001
2011-09-01 00:00:00,21.96
2011-08-31 00:00:00,22.58
2011-08-30 00:00:00,22.56
2011-08-29 00:00:00,22.28
2011-08-26 00:00:00,21.5
2011-08-25 00:00:00,20.4
2011-08-24 00:00:00,20.34
2011-08-23 00:00:00,20.31
2011-08-22 00:00:00,19.6
2011-08-19 00:00:00,19.31
2011-08-18 00:00:00,18.87
2011-08-17 00:00:00,19.905001
2011-08-16 00:00:00,20.02
2011-08-15 00:00:00,20.26
2011-08-12 00:00:00,19.93
2011-08-11 00:00:00,19.15
2011-08-10 00:00:00,17.62
2011-08-09 00:00:00,18.6
2011-08-08 00:00:00,18.15
2011-08-05 00:00:00,20.0
2011-08-04 00:00:00,20.15
2011-08-03 00:00:00,21.34
2011-08-02 00:00:00,21.21
2011-08-01 00:00:00,21.95
2011-07-29 00:00:00,22.25
2011-07-28 00:00:00,22.56
2011-07-27 00:00:00,22.97
2011-07-26 00:00:00,23.81
2011-07-25 00:00:00,24.07
2011-07-22 00:00:00,23.93
2011-07-21 00:00:00,23.89
2011-07-20 00:00:00,24.01
2011-07-19 00:00:00,24.1
2011-07-18 00:00:00,23.61
2011-07-15 00:00:00,23.6
2011-07-14 00:00:00,23.51
2011-07-13 00:00:00,23.91
2011-07-12 00:00:00,24.17
2011-07-11 00:00:00,24.39
2011-07-08 00:00:00,25.05
2011-07-07 00:00:00,24.83
2011-07-06 00:00:00,24.35
2011-07-05 00:00:00,24.32
2011-07-01 00:00:00,24.19
2011-06-30 00:00:00,23.6
2011-06-29 00:00:00,23.61
2011-06-28 00:00:00,22.55
2011-06-27 00:00:00,21.71
2011-06-24 00:00:00,21.77
2011-06-23 00:00:00,21.9
2011-06-22 00:00:00,22.54
2011-06-21 00:00:00,22.68
2011-06-20 00:00:00,22.36
2011-06-17 00:00:00,22.24
2011-06-16 00:00:00,22.42
2011-06-15 00:00:00,22.72
2011-06-14 00:00:00,23.195
2011-06-13 00:00:00,22.79
2011-06-10 00:00:00,22.805
2011-06-09 00:00:00,23.1
2011-06-08 00:00:00,22.72
2011-06-07 00:00:00,23.35
2011-06-06 00:00:00,23.795
2011-06-03 00:00:00,24.03
2011-06-02 00:00:00,24.235001
2011-06-01 00:00:00,24.42
2011-05-31 00:00:00,24.41
2011-05-27 00:00:00,23.9
2011-05-26 00:00:00,23.57
2011-05-25 00:00:00,23.75
2011-05-24 00:00:00,23.19
2011-05-23 00:00:00,23.35
2011-05-20 00:00:00,23.64
2011-05-19 00:00:00,23.78
2011-05-18 00:00:00,23.72
2011-05-17 00:00:00,23.38
2011-05-16 00:00:00,23.11
2011-05-13 00:00:00,23.7
2011-05-12 00:00:00,22.88
2011-05-11 00:00:00,22.61
2011-05-10 00:00:00,22.76
2011-05-09 00:00:00,22.04
2011-05-06 00:00:00,21.75
2011-05-05 00:00:00,21.68
2011-05-04 00:00:00,19.92
2011-05-03 00:00:00,20.16
2011-05-02 00:00:00,20.3
2011-04-29 00:00:00,20.18
2011-04-28 00:00:00,20.49
2011-04-27 00:00:00,20.24
2011-04-26 00:00:00,20.23
2011-04-25 00:00:00,20.54
2011-04-21 00:00:00,20.41
2011-04-20 00:00:00,20.5
2011-04-19 00:00:00,19.99
2011-04-18 00:00:00,19.87
2011-04-15 00:00:00,20.13
2011-04-14 00:00:00,19.95
2011-04-13 00:00:00,19.89
2011-04-12 00:00:00,19.74
2011-04-11 00:00:00,19.85
2011-04-08 00:00:00,19.86
2011-04-07 00:00:00,20.25
2011-04-06 00:00:00,20.25
2011-04-05 00:00:00,20.03
2011-04-04 00:00:00,19.69
2011-04-01 00:00:00,19.73
2011-03-31 00:00:00,19.53
2011-03-30 00:00:00,19.68
2011-03-29 00:00:00,19.66
2011-03-28 00:00:00,19.71
2011-03-25 00:00:00,19.7
2011-03-24 00:00:00,19.84
2011-03-23 00:00:00,19.1
2011-03-22 00:00:00,18.82
2011-03-21 00:00:00,18.94
2011-03-18 00:00:00,18.59
2011-03-17 00:00:00,18.67
2011-03-16 00:00:00,18.21
2011-03-15 00:00:00,18.37
2011-03-14 00:00:00,18.6
2011-03-11 00:00:00,18.54
2011-03-10 00:00:00,18.5275
2011-03-09 00:00:00,18.62
2011-03-08 00:00:00,18.747499
2011-03-07 00:00:00,18.45
2011-03-04 00:00:00,18.79
2011-03-03 00:00:00,18.955
2011-03-02 00:00:00,18.71
2011-03-01 00:00:00,18.4
2011-02-28 00:00:00,18.8
2011-02-25 00:00:00,19.18
2011-02-24 00:00:00,18.8
2011-02-23 00:00:00,18.86
2011-02-22 00:00:00,18.87
2011-02-18 00:00:00,19.28
2011-02-17 00:00:00,19.36
2011-02-16 00:00:00,18.93
2011-02-15 00:00:00,18.53
2011-02-14 00:00:00,18.4
2011-02-11 00:00:00,18.21
2011-02-10 00:00:00,18.2
2011-02-09 00:00:00,18.03
2011-02-08 00:00:00,18.3
2011-02-07 00:00:00,18.28
2011-02-04 00:00:00,18.23
2011-02-03 00:00:00,18.11
2011-02-02 00:00:00,18.09
2011-02-01 00:00:00,15.62
2011-01-31 00:00:00,15.59
2011-01-28 00:00:00,15.0
2011-01-27 00:00:00,15.08
2011-01-26 00:00:00,15.34
2011-01-25 00:00:00,15.375
2011-01-24 00:00:00,15.29
2011-01-21 00:00:00,15.13
2011-01-20 00:00:00,15.76
2011-01-19 00:00:00,15.84
2011-01-18 00:00:00,16.0
2011-01-14 00:00:00,15.95
2011-01-13 00:00:00,16.04
2011-01-12 00:00:00,16.03
2011-01-11 00:00:00,16.0
2011-01-10 00:00:00,16.01
2011-01-07 00:00:00,16.0525
2011-01-06 00:00:00,16.23
2011-01-05 00:00:00,16.28
2011-01-04 00:00:00,16.38
2011-01-03 00:00:00,16.38
2010-12-31 00:00:00,16.38
2010-12-30 00:00:00,16.62
2010-12-29 00:00:00,16.55
2010-12-28 00:00:00,16.15
2010-12-27 00:00:00,16.13
2010-12-23 00:00:00,15.94
2010-12-22 00:00:00,15.98
2010-12-21 00:00:00,15.93
2010-12-20 00:00:00,15.85
2010-12-17 00:00:00,15.91
2010-12-16 00:00:00,15.87
2010-12-15 00:00:00,15.71
2010-12-14 00:00:00,15.7925
2010-12-13 00:00:00,15.76
2010-12-10 00:00:00,15.82
2010-12-09 00:00:00,15.75
2010-12-08 00:00:00,15.75
2010-12-07 00:00:00,15.51
2010-12-06 00:00:00,15.43
2010-12-03 00:00:00,15.18
2010-12-02 00:00:00,15.08
2010-12-01 00:00:00,15.05
2010-11-30 00:00:00,14.91
2010-11-29 00:00:00,15.01
2010-11-26 00:00:00,14.82
2010-11-24 00:00:00,14.98
2010-11-23 00:00:00,14.85
2010-11-22 00:00:00,15.41
2010-11-19 00:00:00,15.35
2010-11-18 00:00:00,15.54
2010-11-17 00:00:00,15.42
2010-11-16 00:00:00,15.39
2010-11-15 00:00:00,15.68
2010-11-12 00:00:00,15.83
2010-11-11 00:00:00,16.0
2010-11-10 00:00:00,16.18
2010-11-09 00:00:00,16.34
2010-11-08 00:00:00,16.53
2010-11-05 00:00:00,16.335
2010-11-04 00:00:00,15.85
2010-11-03 00:00:00,15.5
2010-11-02 00:00:00,16.2
2010-11-01 00:00:00,15.8
2010-10-29 00:00:00,15.83
2010-10-28 00:00:00,15.63
2010-10-27 00:00:00,15.79
2010-10-26 00:00:00,15.81
2010-10-25 00:00:00,15.62
2010-10-22 00:00:00,15.61
2010-10-21 00:00:00,15.57
2010-10-20 00:00:00,15.4
2010-10-19 00:00:00,15.58
2010-10-18 00:00:00,15.77
2010-10-15 00:00:00,15.96
2010-10-14 00:00:00,16.52
2010-10-13 00:00:00,16.76
2010-10-12 00:00:00,16.61
2010-10-11 00:00:00,17.66
2010-10-08 00:00:00,17.65
2010-10-07 00:00:00,17.58
2010-10-06 00:00:00,17.34
2010-10-05 00:00:00,17.82
2010-10-04 00:00:00,16.96
2010-10-01 00:00:00,16.44
2010-09-30 00:00:00,16.4475
2010-09-29 00:00:00,16.23
2010-09-28 00:00:00,16.55
2010-09-27 00:00:00,16.57
2010-09-24 00:00:00,16.46
2010-09-23 00:00:00,16.16
2010-09-22 00:00:00,16.15
2010-09-21 00:00:00,16.29
2010-09-20 00:00:00,16.35
2010-09-17 00:00:00,16.2575
2010-09-16 00:00:00,16.38
2010-09-15 00:00:00,16.64
2010-09-14 00:00:00,16.705
2010-09-13 00:00:00,16.53
2010-09-10 00:00:00,16.24
2010-09-09 00:00:00,16.28
2010-09-08 00:00:00,16.25
2010-09-07 00:00:00,16.06
2010-09-03 00:00:00,16.46
2010-09-02 00:00:00,16.36
2010-09-01 00:00:00,16.11
2010-08-31 00:00:00,15.23
2010-08-30 00:00:00,15.28
2010-08-27 00:00:00,15.55
2010-08-26 00:00:00,15.27
2010-08-25 00:00:00,15.3
2010-08-24 00:00:00,15.03
2010-08-23 00:00:00,15.46
2010-08-20 00:00:00,15.79
2010-08-19 00:00:00,16.07
2010-08-18 00:00:00,16.33
2010-08-17 00:00:00,16.15
2010-08-16 00:00:00,16.05
2010-08-13 00:00:00,15.67
2010-08-12 00:00:00,15.76
2010-08-11 00:00:00,16.08
2010-08-10 00:00:00,16.71
2010-08-09 00:00:00,17.15
2010-08-06 00:00:00,17.07
2010-08-05 00:00:00,17.23
2010-08-04 00:00:00,17.38
2010-08-03 00:00:00,16.18
2010-08-02 00:00:00,16.5
2010-07-30 00:00:00,15.93
2010-07-29 00:00:00,16.01
2010-07-28 00:00:00,16.16
2010-07-27 00:00:00,16.52
2010-07-26 00:00:00,16.39
2010-07-23 00:00:00,15.88
2010-07-22 00:00:00,15.59
2010-07-21 00:00:00,14.87
2010-07-20 00:00:00,15.36
2010-07-19 00:00:00,15.09
2010-07-16 00:00:00,14.79
2010-07-15 00:00:00,15.49
2010-07-14 00:00:00,15.38
2010-07-13 00:00:00,15.14
2010-07-12 00:00:00,14.81
2010-07-09 00:00:00,14.84
2010-07-08 00:00:00,14.76
2010-07-07 00:00:00,14.95
2010-07-06 00:00:00,14.43
2010-07-02 00:00:00,14.6
2010-07-01 00:00:00,14.33
2010-06-30 00:00:00,14.4
2010-06-29 00:00:00,14.65
2010-06-28 00:00:00,15.09
2010-06-25 00:00:00,15.1375
2010-06-24 00:00:00,15.04
2010-06-23 00:00:00,15.29
2010-06-22 00:00:00,15.32
2010-06-21 00:00:00,15.78
2010-06-18 00:00:00,16.03
2010-06-17 00:00:00,16.17
2010-06-16 00:00:00,16.01
2010-06-15 00:00:00,16.31
2010-06-14 00:00:00,16.36
2010-06-11 00:00:00,16.32
2010-06-10 00:00:00,15.92
2010-06-09 00:00:00,15.21
2010-06-08 00:00:00,15.49
2010-06-07 00:00:00,15.36
2010-06-04 00:00:00,15.81
2010-06-03 00:00:00,16.7325
2010-06-02 00:00:00,16.37
2010-06-01 00:00:00,16.09
2010-05-28 00:00:00,16.51
2010-05-27 00:00:00,16.72
2010-05-26 00:00:00,16.255
2010-05-25 00:00:00,16.24
2010-05-24 00:00:00,16.28
2010-05-21 00:00:00,16.7
2010-05-20 00:00:00,16.37
2010-05-19 00:00:00,17.12
2010-05-18 00:00:00,17.54
2010-05-17 00:00:00,17.76
2010-05-14 00:00:00,17.42
2010-05-13 00:00:00,18.09
2010-05-12 00:00:00,17.71
2010-05-11 00:00:00,18.8
2010-05-10 00:00:00,18.24
2010-05-07 00:00:00,17.63
2010-05-06 00:00:00,18.18
2010-05-05 00:00:00,19.3
2010-05-04 00:00:00,19.07
2010-05-03 00:00:00,19.72
2010-04-30 00:00:00,19.37
2010-04-29 00:00:00,19.8
2010-04-28 00:00:00,19.63
2010-04-27 00:00:00,19.77
2010-04-26 00:00:00,19.9
2010-04-23 00:00:00,19.97
2010-04-22 00:00:00,19.84
2010-04-21 00:00:00,19.75
2010-04-20 00:00:00,19.97
2010-04-19 00:00:00,19.71
2010-04-16 00:00:00,19.57
2010-04-15 00:00:00,19.45
2010-04-14 00:00:00,19.74
2010-04-13 00:00:00,19.32
2010-04-12 00:00:00,19.4
2010-04-09 00:00:00,19.36
2010-04-08 00:00:00,19.19
2010-04-07 00:00:00,19.18
2010-04-06 00:00:00,19.11
2010-04-05 00:00:00,19.1
2010-04-01 00:00:00,18.84
2010-03-31 00:00:00,18.66
2010-03-30 00:00:00,18.79
2010-03-29 00:00:00,18.68
2010-03-26 00:00:00,18.85
2010-03-25 00:00:00,18.56
2010-03-24 00:00:00,18.53
2010-03-23 00:00:00,18.52
2010-03-22 00:00:00,18.56
2010-03-19 00:00:00,18.42
2010-03-18 00:00:00,18.53
2010-03-17 00:00:00,18.14
2010-03-16 00:00:00,17.92
2010-03-15 00:00:00,17.87
2010-03-12 00:00:00,17.77
2010-03-11 00:00:00,17.9
2010-03-10 00:00:00,17.89
2010-03-09 00:00:00,17.58
2010-03-08 00:00:00,17.28
2010-03-05 00:00:00,17.12
2010-03-04 00:00:00,16.82
2010-03-03 00:00:00,16.81
2010-03-02 00:00:00,16.74
2010-03-01 00:00:00,16.87
2010-02-26 00:00:00,16.58
2010-02-25 00:00:00,16.56
2010-02-24 00:00:00,16.52
2010-02-23 00:00:00,16.31
2010-02-22 00:00:00,16.59
2010-02-19 00:00:00,16.75
2010-02-18 00:00:00,16.59
2010-02-17 00:00:00,16.63
2010-02-16 00:00:00,16.31
2010-02-12 00:00:00,16.06
2010-02-11 00:00:00,16.12
2010-02-10 00:00:00,15.94
2010-02-09 00:00:00,15.96
2010-02-08 00:00:00,17.49
2010-02-05 00:00:00,17.26
2010-02-04 00:00:00,16.98
2010-02-03 00:00:00,17.27
2010-02-02 00:00:00,17.07
2010-02-01 00:00:00,16.74
2010-01-29 00:00:00,16.28
2010-01-28 00:00:00,16.77
2010-01-27 00:00:00,17.13
2010-01-26 00:00:00,16.74
2010-01-25 00:00:00,16.83
2010-01-22 00:00:00,16.77
2010-01-21 00:00:00,17.38
2010-01-20 00:00:00,17.21
2010-01-19 00:00:00,17.17
2010-01-15 00:00:00,17.03
2010-01-14 00:00:00,17.18
2010-01-13 00:00:00,17.17
2010-01-12 00:00:00,16.85
2010-01-11 00:00:00,18.27
2010-01-08 00:00:00,18.4
2010-01-07 00:00:00,18.04
2010-01-06 00:00:00,18.18
2010-01-05 00:00:00,18.66
2010-01-04 00:00:00,18.15
2009-12-31 00:00:00,17.75
