Period,PE Ratio
2020-12-31,18.7976
2020-12-30,20.0242
2020-12-29,19.9913
2020-12-28,20.2420
2020-12-24,19.6783
2020-12-23,19.4900
2020-12-22,19.4195
2020-12-21,19.9067
2020-12-18,20.3354
2020-12-17,20.6494
2020-12-16,19.1779
2020-12-15,18.6903
2020-12-14,18.8035
2020-12-11,18.2761
2020-12-10,17.9284
2020-12-09,17.6272
2020-12-08,17.7002
2020-12-07,17.3687
2020-12-04,17.2399
2020-12-03,17.0204
2020-12-02,17.1086
2020-12-01,17.3906
2020-11-30,17.8606
2020-11-27,17.7444
2020-11-25,16.7344
2020-11-24,16.4803
2020-11-23,16.7435
2020-11-20,16.6686
2020-11-19,16.8225
2020-11-18,16.0749
2020-11-17,16.0288
2020-11-16,16.0980
2020-11-13,16.5132
2020-11-12,16.1176
2020-11-11,15.8966
2020-11-10,16.2040
2020-11-09,16.7247
2020-11-06,17.7779
2020-11-05,18.2379
2020-11-04,17.3279
2020-11-03,17.3906
2020-11-02,17.2339
2020-10-30,17.0146
2020-10-29,17.3656
2020-10-28,17.0519
2020-10-27,17.1869
2020-10-26,16.5389
2020-10-23,16.5446
2020-10-22,16.7944
2020-10-21,16.8579
2020-10-20,17.1145
2020-10-19,17.2342
2020-10-16,17.3279
2020-10-15,17.3593
2020-10-14,17.6099
2020-10-13,17.7039
2020-10-12,17.6063
2020-10-09,17.3122
2020-10-08,17.1716
2020-10-07,17.2652
2020-10-06,17.0381
2020-10-05,16.9519
2020-10-02,17.4705
2020-10-01,17.8841
2020-09-30,17.8919
2020-09-29,21.1409
2020-09-28,20.8788
2020-09-25,20.7155
2020-09-24,20.9751
2020-09-23,20.9737
2020-09-22,21.0854
2020-09-21,21.2123
2020-09-18,21.3432
2020-09-17,20.9596
2020-09-16,21.2603
2020-09-15,21.1224
2020-09-14,20.8963
2020-09-11,20.6992
2020-09-10,20.4933
2020-09-09,20.5823
2020-09-08,19.7907
2020-09-04,20.9596
2020-09-03,20.5379
2020-09-02,20.7229
2020-09-01,20.8773
2020-08-31,19.7167
2020-08-28,19.8276
2020-08-27,20.0267
2020-08-26,20.2346
2020-08-25,19.6057
2020-08-24,19.9638
2020-08-21,19.0098
2020-08-20,18.6809
2020-08-19,18.6813
2020-08-18,18.6624
2020-08-17,18.0039
2020-08-14,17.7561
2020-08-13,17.9041
2020-08-12,17.7191
2020-08-11,17.3126
2020-08-10,17.5711
2020-08-07,17.5526
2020-08-06,18.2000
2020-08-05,17.3854
2020-08-04,16.9053
2020-08-03,16.5701
2020-07-31,16.3856
2020-07-30,16.6833
2020-07-29,16.7296
2020-07-28,16.5909
2020-07-27,16.6279
2020-07-24,16.4200
2020-07-23,16.2764
2020-07-22,16.4244
2020-07-21,16.4984
2020-07-20,16.2727
2020-07-17,16.5724
2020-07-16,16.6094
2020-07-15,16.9134
2020-07-14,16.6463
2020-07-13,16.8313
2020-07-10,16.9700
2020-07-09,17.0719
2020-07-08,17.2323
2020-07-07,17.7820
2020-07-06,17.3862
2020-07-02,16.8091
2020-07-01,16.5539
2020-06-30,16.5502
2020-06-29,22.5183
2020-06-26,22.4813
2020-06-25,22.2162
2020-06-24,22.7464
2020-06-23,22.7439
2020-06-22,23.3568
2020-06-19,23.4316
2020-06-18,23.3745
2020-06-17,22.9214
2020-06-16,22.2562
2020-06-15,22.1562
2020-06-12,22.0312
2020-06-11,21.5705
2020-06-10,21.0309
2020-06-09,20.8984
2020-06-08,20.7308
2020-06-05,21.0324
2020-06-04,20.6808
2020-06-03,20.5057
2020-06-02,20.2487
2020-06-01,20.7558
2020-05-29,20.2807
2020-05-28,20.6058
2020-05-27,20.1807
2020-05-26,20.7428
2020-05-22,20.8808
2020-05-21,20.7396
2020-05-20,20.5743
2020-05-19,20.4522
2020-05-18,20.9889
2020-05-15,21.0559
2020-05-14,20.8633
2020-05-13,21.0059
2020-05-12,20.8058
2020-05-11,20.6058
2020-05-08,20.7308
2020-05-07,21.7561
2020-05-06,21.3770
2020-05-05,21.1384
2020-05-04,20.8058
2020-05-01,21.5560
2020-04-30,20.5873
2020-04-29,21.8155
2020-04-28,21.5170
2020-04-27,21.8661
2020-04-24,21.9061
2020-04-23,21.5810
2020-04-22,21.9667
2020-04-21,22.0367
2020-04-20,21.2560
2020-04-17,21.2800
2020-04-16,21.9812
2020-04-15,21.5060
2020-04-14,21.1729
2020-04-13,20.7558
2020-04-09,20.1556
2020-04-08,20.1962
2020-04-07,20.0056
2020-04-06,20.0806
2020-04-03,19.1304
2020-04-02,19.3054
2020-04-01,19.4414
2020-03-31,19.3549
2020-03-30,22.6748
2020-03-27,21.9856
2020-03-26,21.7459
2020-03-25,19.8168
2020-03-24,20.6375
2020-03-23,20.7521
2020-03-20,21.2443
2020-03-19,20.7165
2020-03-18,19.2907
2020-03-17,18.9984
2020-03-16,17.5955
2020-03-13,18.3419
2020-03-12,18.5299
2020-03-11,19.4076
2020-03-10,20.1500
2020-03-09,19.9630
2020-03-06,20.2529
2020-03-05,20.3137
2020-03-04,20.3289
2020-03-03,19.8753
2020-03-02,20.3137
2020-02-28,19.4135
2020-02-27,19.9337
2020-02-26,20.4657
2020-02-25,20.2289
2020-02-24,20.0430
2020-02-21,20.7521
2020-02-20,20.9959
2020-02-19,21.2782
2020-02-18,21.0444
2020-02-14,21.0152
2020-02-13,21.3367
2020-02-12,21.6301
2020-02-11,21.7751
2020-02-10,21.6348
2020-02-07,21.5997
2020-02-06,21.8043
2020-02-05,21.8043
2020-02-04,21.6319
2020-02-03,21.6290
2020-01-31,21.4828
2020-01-30,22.3889
2020-01-29,22.7981
2020-01-28,23.0775
2020-01-27,22.5497
2020-01-24,23.1494
2020-01-23,23.0319
2020-01-22,22.6812
2020-01-21,22.9625
2020-01-17,22.7233
2020-01-16,23.0179
2020-01-15,23.0296
2020-01-14,22.8566
2020-01-13,23.2880
2020-01-10,23.2950
2020-01-09,23.0904
2020-01-08,23.2658
2020-01-07,22.8595
2020-01-06,23.2658
2020-01-03,23.3827
2020-01-02,23.9848
2019-12-31,23.6054
2019-12-30,27.6892
2019-12-27,28.1398
2019-12-26,27.5410
2019-12-24,27.3122
2019-12-23,27.7683
2019-12-20,27.2776
2019-12-19,27.7628
2019-12-18,28.1079
2019-12-17,28.8884
2019-12-16,28.9750
2019-12-13,28.3477
2019-12-12,29.1101
2019-12-11,29.2488
2019-12-10,29.3874
2019-12-09,28.5979
2019-12-06,27.2117
2019-12-05,28.4864
2019-12-04,28.5418
2019-12-03,28.0774
2019-12-02,27.4585
2019-11-29,26.9615
2019-11-27,26.9615
2019-11-26,26.9872
2019-11-25,27.1348
2019-11-22,26.3759
2019-11-21,27.0222
2019-11-20,27.3545
2019-11-19,27.0308
2019-11-18,26.6419
2019-11-15,26.2719
2019-11-14,26.5630
2019-11-13,26.8576
2019-11-12,26.9823
2019-11-11,26.5803
2019-11-08,26.7397
2019-11-07,26.7397
2019-11-06,26.6150
2019-11-05,27.4240
2019-11-04,27.4467
2019-11-01,27.7212
2019-10-31,25.7438
2019-10-30,24.3278
2019-10-29,23.7040
2019-10-28,23.6319
2019-10-25,23.6277
2019-10-24,24.4317
2019-10-23,24.3201
2019-10-22,24.5010
2019-10-21,24.7090
2019-10-18,24.6993
2019-10-17,24.9862
2019-10-16,25.6100
2019-10-15,25.7937
2019-10-14,25.6447
2019-10-11,25.8609
2019-10-10,25.8179
2019-10-09,26.3724
2019-10-08,26.0570
2019-10-07,26.1645
2019-10-04,26.5332
2019-10-03,26.3301
2019-10-02,25.9656
2019-10-01,25.4638
2019-09-30,25.7833
2019-09-27,28.2316
2019-09-26,28.2599
2019-09-25,28.2599
2019-09-24,28.4799
2019-09-23,29.2702
2019-09-20,29.5991
2019-09-19,29.5834
2019-09-18,28.9310
2019-09-17,28.9310
2019-09-16,28.3896
2019-09-13,28.8937
2019-09-12,28.6439
2019-09-11,28.6327
2019-09-10,28.8806
2019-09-09,29.1949
2019-09-06,29.0801
2019-09-05,28.9310
2019-09-04,28.9049
2019-09-03,28.6282
2019-08-30,27.8722
2019-08-29,28.0944
2019-08-28,28.2368
2019-08-27,27.7611
2019-08-26,27.9147
2019-08-23,28.2641
2019-08-22,27.8610
2019-08-21,28.2599
2019-08-20,27.8610
2019-08-19,28.0362
2019-08-16,27.9616
2019-08-15,27.6000
2019-08-14,27.2167
2019-08-13,27.6649
2019-08-12,27.2950
2019-08-09,27.7648
2019-08-08,27.9616
2019-08-07,27.7379
2019-08-06,27.3409
2019-08-05,26.8902
2019-08-02,27.5888
2019-08-01,28.3345
2019-07-31,27.6634
2019-07-30,27.2197
2019-07-29,27.7230
2019-07-26,27.7230
2019-07-25,27.4486
2019-07-24,27.3651
2019-07-23,27.4583
2019-07-22,27.9169
2019-07-19,28.7707
2019-07-18,28.4389
2019-07-17,28.5969
2019-07-16,28.3807
2019-07-15,28.5992
2019-07-12,28.4299
2019-07-11,28.8862
2019-07-10,28.5209
2019-07-09,27.6313
2019-07-08,28.0004
2019-07-05,27.7752
2019-07-03,28.1108
2019-07-02,27.5143
2019-07-01,27.6261
2019-06-30,27.0221
2019-06-28,25.0301
2019-06-27,24.9354
2019-06-26,24.3408
2019-06-25,24.4499
2019-06-24,24.5190
2019-06-21,24.7952
2019-06-20,24.8553
2019-06-19,24.0355
2019-06-18,24.5051
2019-06-17,24.0224
2019-06-14,24.0327
2019-06-13,23.8946
2019-06-12,23.8670
2019-06-11,24.6882
2019-06-10,25.0853
2019-06-07,25.0314
2019-06-06,24.5880
2019-06-05,24.4499
2019-06-04,24.2600
2019-06-03,24.6226
2019-05-31,24.3972
2019-05-30,24.1736
2019-05-29,24.1046
2019-05-28,24.3152
2019-05-24,24.6571
2019-05-23,23.9906
2019-05-22,23.7316
2019-05-21,23.7938
2019-05-20,23.4225
2019-05-17,23.4830
2019-05-16,23.3559
2019-05-15,23.8283
2019-05-14,23.5548
2019-05-13,22.7004
2019-05-10,23.5313
2019-05-09,23.0913
2019-05-08,23.6211
2019-05-07,23.2067
2019-05-06,23.8096
2019-05-03,23.9347
2019-05-02,23.8255
2019-05-01,23.9664
2019-04-30,23.7247
2019-04-29,23.8283
2019-04-26,23.6902
2019-04-25,22.1969
2019-04-24,23.2531
2019-04-23,23.0340
2019-04-22,23.6211
2019-04-18,24.3456
2019-04-17,21.4123
2019-04-16,21.2535
2019-04-15,21.0214
2019-04-12,21.0570
2019-04-11,20.3058
2019-04-10,20.3480
2019-04-09,20.5821
2019-04-08,20.1677
2019-04-05,20.7928
2019-04-04,19.9771
2019-04-03,20.1035
2019-04-02,19.6842
2019-04-01,19.8224
2019-03-31,19.8431
2019-03-29,22.2593
2019-03-28,22.2361
2019-03-27,21.6325
2019-03-26,22.2361
2019-03-25,21.9239
2019-03-22,21.8448
2019-03-21,21.0747
2019-03-20,21.4032
2019-03-19,21.9649
2019-03-18,22.0811
2019-03-15,21.6318
2019-03-14,21.2289
2019-03-13,21.6163
2019-03-12,21.1514
2019-03-11,20.9190
2019-03-08,20.8314
2019-03-07,21.0352
2019-03-06,21.3838
2019-03-05,20.9965
2019-03-04,21.0770
2019-03-01,21.5915
2019-02-28,21.1933
2019-02-27,22.1586
2019-02-26,21.6248
2019-02-25,21.5001
2019-02-22,22.2361
2019-02-21,21.7325
2019-02-20,20.9190
2019-02-19,20.3379
2019-02-15,20.9639
2019-02-14,20.7013
2019-02-13,21.0871
2019-02-12,20.4851
2019-02-11,20.4859
2019-02-08,20.6478
2019-02-07,20.4541
2019-02-06,20.8415
2019-02-05,22.2485
2019-02-04,22.5538
2019-02-01,22.1974
2019-01-31,23.4370
2019-01-30,23.9019
2019-01-29,23.5648
2019-01-28,22.9636
2019-01-25,23.6694
2019-01-24,24.0956
2019-01-23,23.8321
2019-01-22,23.5765
2019-01-18,24.4644
2019-01-17,23.9003
2019-01-16,22.8559
2019-01-15,22.4685
2019-01-14,22.2090
2019-01-11,21.1902
2019-01-10,21.5775
2019-01-09,21.7325
2019-01-08,21.9649
2019-01-07,21.2816
2019-01-04,20.6718
2019-01-03,20.4541
2019-01-02,20.3766
2018-12-31,20.5161
2018-12-28,22.9920
2018-12-27,22.4102
2018-12-26,22.4102
2018-12-24,22.1949
2018-12-21,22.4102
2018-12-20,24.1240
2018-12-19,23.3849
2018-12-18,23.9042
2018-12-17,24.3753
2018-12-14,24.9984
2018-12-13,25.2269
2018-12-12,25.2374
2018-12-11,25.2374
2018-12-10,25.1865
2018-12-07,24.8710
2018-12-06,25.0459
2018-12-04,25.5868
2018-12-03,27.0531
2018-11-30,26.8606
2018-11-29,27.2377
2018-11-28,26.4858
2018-11-27,25.9537
2018-11-26,25.5046
2018-11-23,24.3876
2018-11-21,24.3876
2018-11-20,23.9921
2018-11-19,25.3121
2018-11-16,25.5740
2018-11-15,26.8167
2018-11-14,27.3212
2018-11-13,27.6964
2018-11-12,27.7272
2018-11-09,27.6832
2018-11-08,29.1772
2018-11-07,28.2105
2018-11-06,27.4196
2018-11-05,27.4196
2018-11-02,28.2940
2018-11-01,27.7272
2018-10-31,27.9425
2018-10-30,26.0750
2018-10-29,26.7376
2018-10-26,27.2438
2018-10-25,27.7087
2018-10-24,28.5621
2018-10-23,29.2651
2018-10-22,29.8803
2018-10-19,30.1879
2018-10-18,30.6713
2018-10-17,31.3743
2018-10-16,31.2425
2018-10-15,30.7372
2018-10-12,30.6642
2018-10-11,29.8372
2018-10-10,30.5561
2018-10-09,31.3304
2018-10-08,32.0774
2018-10-05,31.4622
2018-10-04,31.0667
2018-10-03,32.0774
2018-10-02,32.3850
2018-10-01,31.8137
2018-09-30,31.8709
2018-09-28,32.6389
2018-09-27,33.0655
2018-09-26,32.8054
2018-09-25,33.5254
2018-09-24,32.7604
2018-09-21,33.2554
2018-09-20,33.4804
2018-09-19,31.8604
2018-09-18,31.9918
2018-09-17,30.9604
2018-09-14,30.4933
2018-09-13,31.8154
2018-09-12,32.0089
2018-09-11,31.4554
2018-09-10,31.2574
2018-09-07,31.1647
2018-09-06,30.8074
2018-09-05,31.1467
2018-09-04,31.7263
2018-08-31,32.2384
2018-08-30,32.2474
2018-08-29,31.8748
2018-08-28,31.4104
2018-08-27,31.5913
2018-08-24,30.8488
2018-08-23,30.4951
2018-08-22,30.6004
2018-08-21,30.5554
2018-08-20,30.0829
2018-08-17,28.9606
2018-08-16,28.3504
2018-08-15,28.0399
2018-08-14,29.2054
2018-08-13,29.0875
2018-08-10,29.0704
2018-08-09,30.3304
2018-08-08,30.1054
2018-08-07,30.1504
2018-08-06,29.8804
2018-08-03,30.9334
2018-08-02,30.9334
2018-08-01,31.6138
2018-07-31,30.9604
2018-07-30,29.7400
2018-07-27,30.6004
2018-07-26,30.1513
2018-07-25,30.3304
2018-07-24,29.9002
2018-07-23,29.3854
2018-07-20,29.7454
2018-07-19,29.7904
2018-07-18,29.7904
2018-07-17,30.1729
2018-07-16,29.9254
2018-07-13,28.9750
2018-07-12,28.6384
2018-07-11,28.7779
2018-07-10,28.6204
2018-07-09,29.4754
2018-07-06,28.1704
2018-07-05,28.6195
2018-07-03,29.6995
2018-07-02,29.3467
2018-06-30,29.8246
2018-06-29,31.9576
2018-06-28,31.7763
2018-06-27,31.3423
2018-06-26,31.8245
2018-06-25,31.2941
2018-06-22,32.0367
2018-06-21,31.9692
2018-06-20,32.5960
2018-06-19,31.6798
2018-06-18,32.2103
2018-06-15,33.2961
2018-06-14,32.8853
2018-06-13,34.3126
2018-06-12,37.1286
2018-06-11,36.9318
2018-06-08,36.3571
2018-06-07,35.7881
2018-06-06,34.9963
2018-06-05,36.1632
2018-06-04,36.3812
2018-06-01,38.7024
2018-05-31,39.5395
2018-05-30,39.6360
2018-05-29,37.1324
2018-05-25,37.4661
2018-05-24,37.2250
2018-05-23,37.9001
2018-05-22,38.8162
2018-05-21,38.8162
2018-05-18,40.0179
2018-05-17,40.5039
2018-05-16,40.5473
2018-05-15,39.8530
2018-05-14,40.5039
2018-05-11,40.6727
2018-05-10,40.3110
2018-05-09,40.9379
2018-05-08,41.9505
2018-05-07,41.1963
2018-05-04,41.1963
2018-05-03,40.4644
2018-05-02,40.2146
2018-05-01,40.8222
2018-04-30,40.6486
2018-04-27,40.6920
2018-04-26,39.7691
2018-04-25,40.7498
2018-04-24,40.2474
2018-04-23,41.0343
2018-04-20,41.1549
2018-04-19,39.2502
2018-04-18,39.9803
2018-04-17,40.0719
2018-04-16,40.0217
2018-04-13,40.3959
2018-04-12,40.5649
2018-04-11,40.3110
2018-04-10,40.6775
2018-04-09,40.9446
2018-04-06,39.8935
2018-04-05,40.8897
2018-04-04,41.4143
2018-04-03,42.1655
2018-04-02,42.5291
2018-03-31,42.7316
2018-03-29,44.3046
2018-03-28,43.4947
2018-03-27,43.7926
2018-03-26,45.6944
2018-03-23,44.9505
2018-03-22,45.2884
2018-03-21,45.6944
2018-03-20,46.1593
2018-03-19,45.4344
2018-03-16,46.1943
2018-03-15,46.1983
2018-03-14,45.2944
2018-03-13,45.2494
2018-03-12,45.1794
2018-03-09,45.5444
2018-03-08,45.6414
2018-03-07,44.1301
2018-03-06,44.8945
2018-03-05,44.2096
2018-03-02,45.6944
2018-03-01,43.9476
2018-02-28,45.4974
2018-02-27,45.4344
2018-02-26,45.9863
2018-02-23,45.4944
2018-02-22,44.0946
2018-02-21,44.3615
2018-02-20,42.7147
2018-02-16,43.4317
2018-02-15,43.5026
2018-02-14,42.0408
2018-02-13,41.7249
2018-02-12,40.9950
2018-02-09,40.2660
2018-02-08,39.5951
2018-02-07,41.3449
2018-02-06,42.0688
2018-02-05,41.1949
2018-02-02,42.0418
2018-02-01,43.9946
2018-01-31,45.5444
2018-01-30,42.8747
2018-01-29,43.6386
2018-01-26,44.7445
2018-01-25,44.0996
2018-01-24,44.0386
2018-01-23,44.5945
2018-01-22,43.9946
2018-01-19,43.6446
2018-01-18,42.2438
2018-01-17,41.1949
2018-01-16,39.9051
2018-01-12,40.2950
2018-01-11,39.7451
2018-01-10,38.9952
2018-01-09,38.4953
2018-01-08,37.8584
2018-01-05,37.9453
2018-01-04,38.7882
2018-01-03,37.3954
2018-01-02,36.7455
2017-12-31,35.9456
2017-12-29,41.0025
2017-12-28,41.4120
2017-12-27,42.3957
2017-12-26,41.7439
2017-12-22,42.4852
2017-12-21,42.3142
2017-12-20,42.5195
2017-12-19,43.1696
2017-12-18,43.8539
2017-12-15,44.1447
2017-12-14,43.6258
2017-12-13,44.4242
2017-12-12,43.6828
2017-12-11,44.6968
2017-12-08,44.1961
2017-12-07,45.3936
2017-12-06,43.9166
2017-12-05,43.7444
2017-12-04,44.3671
2017-12-01,45.6217
2017-11-30,46.5912
2017-11-29,46.6482
2017-11-28,48.7765
2017-11-27,49.0434
2017-11-24,47.7203
2017-11-22,46.0780
2017-11-21,45.6217
2017-11-20,45.0971
2017-11-17,45.5647
2017-11-16,45.3936
2017-11-15,43.5174
2017-11-14,45.4495
2017-11-13,44.5245
2017-11-10,43.9223
2017-11-09,42.7704
2017-11-08,43.8573
2017-11-07,42.8787
2017-11-06,42.8844
2017-11-03,42.8559
2017-11-02,43.1125
2017-11-01,43.3977
2017-10-31,44.4812
2017-10-30,46.6482
2017-10-27,43.5117
2017-10-26,42.6563
2017-10-25,43.1696
2017-10-24,44.3671
2017-10-23,44.1961
2017-10-20,44.2497
2017-10-19,43.9109
2017-10-18,43.3945
2017-10-17,44.3101
2017-10-16,45.3936
2017-10-13,45.1655
2017-10-12,44.1436
2017-10-11,44.4812
2017-10-10,44.1390
2017-10-09,44.4242
2017-10-06,44.4812
2017-10-05,43.9896
2017-10-04,42.6563
2017-10-03,42.1773
2017-10-02,42.2115
2017-09-30,42.4396
2017-09-29,32.0550
2017-09-28,31.5295
2017-09-27,31.3572
2017-09-26,31.1849
2017-09-25,31.0566
2017-09-22,31.3951
2017-09-21,32.2187
2017-09-20,32.9036
2017-09-19,32.1972
2017-09-18,30.7542
2017-09-15,30.8283
2017-09-14,29.7032
2017-09-13,29.4767
2017-09-12,29.5662
2017-09-11,29.1820
2017-09-08,28.5575
2017-09-07,28.0837
2017-09-06,28.2129
2017-09-05,28.2413
2017-09-01,29.0209
2017-08-31,28.4532
2017-08-30,28.7659
2017-08-29,29.0744
2017-08-28,28.7901
2017-08-25,28.3421
2017-08-24,28.3852
2017-08-23,28.2560
2017-08-22,28.5144
2017-08-21,28.4283
2017-08-18,28.5575
2017-08-17,28.5575
2017-08-16,28.5144
2017-08-15,28.3757
2017-08-14,28.2715
2017-08-11,27.9768
2017-08-10,28.2017
2017-08-09,29.1260
2017-08-08,29.5680
2017-08-07,29.5482
2017-08-04,29.3759
2017-08-03,29.2122
2017-08-02,29.2217
2017-08-01,28.9882
2017-07-31,29.2460
2017-07-28,29.1174
2017-07-27,29.2466
2017-07-26,28.9777
2017-07-25,27.1361
2017-07-24,28.0406
2017-07-21,28.7298
2017-07-20,28.6100
2017-07-19,29.1958
2017-07-18,28.1405
2017-07-17,27.2101
2017-07-14,27.5065
2017-07-13,27.3979
2017-07-12,27.4806
2017-07-11,27.0499
2017-07-10,27.7391
2017-07-07,26.9371
2017-07-06,26.5330
2017-07-05,27.0068
2017-07-03,27.9863
2017-06-30,28.9451
2017-06-29,41.3625
2017-06-28,42.0814
2017-06-27,43.3321
2017-06-26,43.6571
2017-06-23,42.5935
2017-06-22,41.5472
2017-06-21,41.0264
2017-06-20,40.9932
2017-06-19,41.0954
2017-06-16,40.0084
2017-06-15,39.8914
2017-06-14,39.1467
2017-06-13,38.6542
2017-06-12,37.9550
2017-06-09,37.4540
2017-06-08,38.4068
2017-06-07,38.5311
2017-06-06,39.6391
2017-06-05,38.5927
2017-06-02,36.9579
2017-06-01,36.5307
2017-05-31,37.2115
2017-05-30,37.6177
2017-05-26,37.1659
2017-05-25,35.4536
2017-05-24,34.9021
2017-05-23,34.1610
2017-05-22,33.5455
2017-05-19,33.4839
2017-05-18,33.3608
2017-05-17,32.6838
2017-05-16,32.5987
2017-05-15,32.3145
2017-05-12,32.0067
2017-05-11,31.9058
2017-05-10,31.7913
2017-05-09,31.2558
2017-05-08,31.2804
2017-05-05,31.6497
2017-05-04,31.2533
2017-05-03,31.1758
2017-05-02,31.3444
2017-05-01,31.3296
2017-04-28,31.1142
2017-04-27,29.2997
2017-04-26,30.7695
2017-04-25,31.2681
2017-04-24,30.6021
2017-04-21,30.5762
2017-04-20,30.3596
2017-04-19,30.8422
2017-04-18,30.0371
2017-04-17,30.0371
2017-04-13,28.6441
2017-04-12,28.6214
2017-04-11,28.4983
2017-04-10,28.6829
2017-04-07,28.7445
2017-04-06,29.2492
2017-04-05,29.0522
2017-04-04,28.8405
2017-04-03,29.6973
2017-03-31,28.3136
2017-03-30,36.0910
2017-03-29,37.2618
2017-03-28,37.6500
2017-03-27,38.0398
2017-03-24,37.7342
2017-03-23,37.7280
2017-03-22,38.5558
2017-03-21,36.4808
2017-03-20,36.6367
2017-03-17,36.3249
2017-03-16,34.6100
2017-03-15,34.1423
2017-03-14,33.5888
2017-03-13,33.9832
2017-03-10,33.6576
2017-03-09,33.5186
2017-03-08,33.8304
2017-03-07,34.6100
2017-03-06,33.3269
2017-03-03,32.6768
2017-03-02,31.1801
2017-03-01,32.3182
2017-02-28,32.7391
2017-02-27,33.1250
2017-02-24,32.7236
2017-02-23,32.1748
2017-02-22,32.1124
2017-02-21,31.8084
2017-02-17,32.1982
2017-02-16,31.4576
2017-02-15,30.8683
2017-02-14,31.6463
2017-02-13,32.4273
2017-02-10,32.5036
2017-02-09,32.3572
2017-02-08,31.9441
2017-02-07,32.5832
2017-02-06,32.9886
2017-02-03,33.3627
2017-02-02,30.9385
2017-02-01,31.8037
2017-01-31,30.5191
2017-01-30,31.7242
2017-01-27,31.7242
2017-01-26,32.1748
2017-01-25,32.7391
2017-01-24,32.4195
2017-01-23,32.3299
2017-01-20,32.1155
2017-01-19,32.5832
2017-01-18,32.1280
2017-01-17,32.6737
2017-01-13,32.2714
2017-01-12,34.5258
2017-01-11,34.1423
2017-01-10,33.9084
2017-01-09,32.5677
2017-01-06,32.4632
2017-01-05,32.3603
2017-01-04,32.4616
2017-01-03,32.5365
2016-12-31,32.4492
2016-12-30,59.8964
2016-12-29,59.7180
2016-12-28,60.4317
2016-12-27,60.6878
2016-12-23,56.9784
2016-12-22,56.5755
2016-12-21,58.9928
2016-12-20,61.2345
2016-12-19,60.0230
2016-12-16,63.0216
2016-12-15,68.0835
2016-12-14,70.0950
2016-12-13,71.5137
2016-12-12,73.8130
2016-12-09,74.0029
2016-12-08,72.1583
2016-12-07,71.4388
2016-12-06,70.4576
2016-12-05,69.1324
2016-12-02,68.2014
2016-12-01,70.0518
2016-11-30,70.6763
2016-11-29,71.8647
2016-11-28,71.8849
2016-11-25,71.1050
2016-11-23,72.8345
2016-11-22,73.0216
2016-11-21,71.9424
2016-11-18,70.2906
2016-11-17,68.7914
2016-11-16,66.7626
2016-11-15,66.1871
2016-11-14,65.6835
2016-11-11,64.7482
2016-11-10,66.6791
2016-11-09,66.7626
2016-11-08,67.0504
2016-11-07,67.6978
2016-11-04,67.9137
2016-11-03,70.3597
2016-11-02,70.0000
2016-11-01,69.1540
2016-10-31,69.6403
2016-10-28,69.6403
2016-10-27,68.2734
2016-10-26,64.7482
2016-10-25,67.9165
2016-10-24,66.7885
2016-10-21,70.5036
2016-10-20,75.1079
2016-10-19,72.6619
2016-10-18,72.8000
2016-10-17,71.3669
2016-10-14,73.2374
2016-10-13,71.7899
2016-10-12,71.9424
2016-10-11,72.8058
2016-10-10,74.3022
2016-10-07,73.7554
2016-10-06,73.3237
2016-10-05,74.8201
2016-10-04,73.4532
2016-10-03,74.9640
2016-09-30,75.9712
2016-09-29,None
2016-09-28,None
2016-09-27,None
2016-09-26,None
2016-09-23,None
2016-09-22,None
2016-09-21,None
2016-09-20,None
2016-09-19,None
2016-09-16,None
2016-09-15,None
2016-09-14,None
2016-09-13,None
2016-09-12,None
2016-09-09,None
2016-09-08,None
2016-09-07,None
2016-09-06,None
2016-09-02,None
2016-09-01,None
2016-08-31,None
2016-08-30,None
2016-08-29,None
2016-08-26,None
2016-08-25,None
2016-08-24,None
2016-08-23,None
2016-08-22,None
2016-08-19,None
2016-08-18,None
2016-08-17,None
2016-08-16,None
2016-08-15,None
2016-08-12,None
2016-08-11,None
2016-08-10,None
2016-08-09,None
2016-08-08,None
2016-08-05,None
2016-08-04,None
2016-08-03,None
2016-08-02,None
2016-08-01,None
2016-07-29,None
2016-07-28,None
2016-07-27,None
2016-07-26,None
2016-07-25,None
2016-07-22,None
2016-07-21,None
2016-07-20,None
2016-07-19,None
2016-07-18,None
2016-07-15,None
2016-07-14,None
2016-07-13,None
2016-07-12,None
2016-07-11,None
2016-07-08,None
2016-07-07,None
2016-07-06,None
2016-07-05,None
2016-07-01,None
2016-06-30,None
2016-06-29,140.3325
2016-06-28,128.7014
2016-06-27,127.7409
2016-06-24,138.3058
2016-06-23,138.3058
2016-06-22,140.4670
2016-06-21,140.4670
2016-06-20,142.5128
2016-06-17,135.1556
2016-06-16,135.1556
2016-06-15,135.4246
2016-06-14,135.4246
2016-06-13,145.2693
2016-06-10,145.2693
2016-06-09,143.8286
2016-06-08,143.8286
2016-06-07,143.8286
2016-06-06,138.9062
2016-06-03,138.9062
2016-06-02,137.1054
2016-06-01,137.1054
2016-05-31,138.7862
2016-05-27,136.8653
2016-05-26,137.5856
2016-05-25,137.1054
2016-05-24,137.1054
2016-05-23,138.7862
2016-05-20,138.7862
2016-05-19,138.7862
2016-05-18,142.6280
2016-05-17,142.6280
2016-05-16,139.2664
2016-05-13,134.7042
2016-05-12,134.7042
2016-05-11,132.0630
2016-05-10,132.0630
2016-05-09,132.0630
2016-05-06,132.0630
2016-05-05,132.0630
2016-05-04,132.0630
2016-05-03,132.0630
2016-05-02,132.0630
2016-04-29,132.0630
2016-04-28,133.9839
2016-04-27,139.9867
2016-04-26,146.9501
2016-04-25,146.9501
2016-04-22,151.9925
2016-04-21,151.9925
2016-04-20,151.9925
2016-04-19,151.9925
2016-04-18,151.5122
2016-04-15,151.5122
2016-04-14,150.7919
2016-04-13,147.3631
2016-04-12,141.1585
2016-04-11,133.7726
2016-04-08,133.7726
2016-04-07,133.7726
2016-04-06,126.0601
2016-04-05,126.0601
2016-04-04,139.5409
2016-04-01,139.5409
2016-03-31,139.5409
2016-03-30,95.2026
2016-03-29,92.3942
2016-03-28,92.3942
2016-03-24,92.3942
2016-03-23,92.3942
2016-03-22,93.5478
2016-03-21,90.9088
2016-03-18,91.0836
2016-03-17,91.0836
2016-03-16,93.0462
2016-03-15,93.0462
2016-03-14,93.0462
2016-03-11,93.0462
2016-03-10,93.0462
2016-03-09,93.0462
2016-03-08,93.0462
2016-03-07,93.0462
2016-03-04,93.0462
2016-03-03,93.0462
2016-03-02,89.3537
2016-03-01,89.3537
2016-02-29,89.3537
2016-02-26,89.7862
2016-02-25,92.5711
2016-02-24,91.4113
2016-02-23,93.3771
2016-02-22,93.3771
2016-02-19,87.0209
2016-02-18,87.0209
2016-02-17,87.0209
2016-02-16,88.2201
2016-02-12,86.5360
2016-02-11,95.0874
2016-02-10,95.0874
2016-02-09,95.0874
2016-02-08,95.0874
2016-02-05,94.1962
2016-02-04,95.5068
2016-02-03,95.5068
2016-02-02,98.2917
2016-02-01,93.2198
2016-01-29,93.2198
2016-01-28,85.1861
2016-01-27,85.1861
2016-01-26,85.1861
2016-01-25,81.4861
2016-01-22,81.4861
2016-01-21,81.4861
2016-01-20,81.4861
2016-01-19,81.4861
2016-01-15,81.4861
2016-01-14,81.4861
2016-01-13,80.5402
2016-01-12,80.5402
2016-01-11,86.9881
2016-01-08,83.8756
2016-01-07,84.8584
2016-01-06,81.4838
2016-01-05,88.8885
2016-01-04,90.6734
2015-12-31,89.8714
2015-12-30,48.2518
2015-12-29,48.2518
2015-12-28,48.2518
2015-12-24,49.8289
2015-12-23,49.8289
2015-12-22,49.8289
2015-12-21,49.8289
2015-12-18,49.8289
2015-12-17,49.8289
2015-12-16,49.8289
2015-12-15,49.8289
2015-12-14,51.0021
2015-12-11,51.0021
2015-12-10,54.1841
2015-12-09,54.1841
2015-12-08,54.1841
2015-12-07,54.1841
2015-12-04,54.1562
2015-12-03,54.1562
2015-12-02,52.7394
2015-12-01,52.7394
2015-11-30,52.7394
2015-11-27,53.9091
2015-11-25,53.9091
2015-11-24,53.9091
2015-11-23,54.1249
2015-11-20,54.1249
2015-11-19,53.7628
2015-11-18,53.7628
2015-11-17,56.5305
2015-11-16,56.5305
2015-11-13,56.5305
2015-11-12,58.8665
2015-11-11,58.8665
2015-11-10,59.4549
2015-11-09,59.4549
2015-11-06,55.9248
2015-11-05,56.5828
2015-11-04,56.5828
2015-11-03,56.5828
2015-11-02,57.2268
2015-10-30,56.9274
2015-10-29,60.4381
2015-10-28,69.0182
2015-10-27,67.8868
2015-10-26,69.6275
2015-10-23,68.4055
2015-10-22,67.6013
2015-10-21,67.0861
2015-10-20,64.5516
2015-10-19,64.5516
2015-10-16,64.5516
2015-10-15,64.5516
2015-10-14,63.1382
2015-10-13,63.3923
2015-10-12,62.1738
2015-10-09,60.4575
2015-10-08,60.4575
2015-10-07,60.4575
2015-10-06,62.4036
2015-10-05,62.4036
2015-10-02,60.5446
2015-10-01,55.8586
2015-09-30,55.8586
2015-09-29,34.6950
2015-09-28,35.8195
2015-09-25,36.1179
2015-09-24,36.1179
2015-09-23,37.2985
2015-09-22,37.2737
2015-09-21,37.6250
2015-09-18,37.6250
2015-09-17,39.2100
2015-09-16,39.2100
2015-09-15,41.1086
2015-09-14,41.3378
2015-09-11,41.3378
2015-09-10,41.3032
2015-09-09,41.3032
2015-09-08,41.0848
2015-09-04,41.6427
2015-09-03,42.8017
2015-09-02,43.1391
2015-09-01,43.1391
2015-08-31,43.4591
2015-08-28,42.5855
2015-08-27,42.3736
2015-08-26,42.8774
2015-08-25,40.4967
2015-08-24,37.8997
2015-08-21,41.6470
2015-08-20,42.9444
2015-08-19,43.0309
2015-08-18,42.3140
2015-08-17,42.3140
2015-08-14,41.7465
2015-08-13,41.7465
2015-08-12,41.6643
2015-08-11,42.2741
2015-08-10,40.4361
2015-08-07,40.4361
2015-08-06,39.5712
2015-08-05,39.5712
2015-08-04,38.2110
2015-08-03,38.2110
2015-07-31,37.8629
2015-07-30,38.9981
2015-07-29,39.1819
2015-07-28,35.8454
2015-07-27,35.8454
2015-07-24,38.5895
2015-07-23,38.5895
2015-07-22,38.3170
2015-07-21,38.3170
2015-07-20,37.4823
2015-07-17,37.5537
2015-07-16,35.9297
2015-07-15,35.9297
2015-07-14,34.7382
2015-07-13,34.7382
2015-07-10,34.3296
2015-07-09,35.2659
2015-07-08,35.2659
2015-07-07,35.6789
2015-07-06,35.2140
2015-07-02,37.0866
2015-07-01,37.0866
2015-06-30,37.0866
2015-06-29,53.0122
2015-06-26,53.0122
2015-06-25,53.0122
2015-06-24,51.9232
2015-06-23,52.1072
2015-06-22,50.8838
2015-06-19,49.4778
2015-06-18,49.4778
2015-06-17,49.4778
2015-06-16,50.3108
2015-06-15,50.3108
2015-06-12,50.3108
2015-06-11,50.3108
2015-06-10,53.3430
2015-06-09,50.7219
2015-06-08,51.7295
2015-06-05,51.7295
2015-06-04,52.4373
2015-06-03,52.4373
2015-06-02,53.8221
2015-06-01,53.8221
2015-05-29,51.4359
2015-05-28,51.4359
2015-05-27,51.5626
2015-05-26,53.1575
2015-05-22,54.5979
2015-05-21,54.8699
2015-05-20,55.6364
2015-05-19,56.8728
2015-05-18,58.3224
2015-05-15,58.5628
2015-05-14,57.6950
2015-05-13,57.6950
2015-05-12,53.6552
2015-05-11,53.0092
2015-05-08,55.5653
2015-05-07,54.6319
2015-05-06,51.7852
2015-05-05,52.3199
2015-05-04,52.5517
2015-05-01,51.9521
2015-04-30,54.1683
2015-04-29,54.1683
2015-04-28,54.0910
2015-04-27,53.6273
2015-04-24,53.8437
2015-04-23,54.2455
2015-04-22,54.2455
2015-04-21,53.4110
2015-04-20,52.7712
2015-04-17,52.3013
2015-04-16,53.2317
2015-04-15,51.9150
2015-04-14,50.0234
2015-04-13,50.0342
2015-04-10,48.9910
2015-04-09,49.3001
2015-04-08,49.3001
2015-04-07,48.2182
2015-04-06,48.2182
2015-04-02,46.3637
2015-04-01,46.3637
2015-03-31,46.3637
2015-03-30,86.0156
2015-03-27,88.2119
2015-03-26,89.0261
2015-03-25,89.0261
2015-03-24,87.7760
2015-03-23,87.7760
2015-03-20,86.0156
2015-03-19,90.1730
2015-03-18,101.4984
2015-03-17,83.7190
2015-03-16,65.6872
2015-03-13,63.6745
2015-03-12,62.8028
2015-03-11,62.8028
2015-03-10,62.8028
2015-03-09,65.4579
2015-03-06,65.6012
2015-03-05,64.9991
2015-03-04,60.3543
2015-03-03,60.3543
2015-03-02,60.3543
2015-02-27,60.3543
2015-02-26,60.3543
2015-02-25,58.1465
2015-02-24,59.2074
2015-02-23,59.2074
2015-02-20,59.2074
2015-02-19,58.1179
2015-02-18,58.1179
2015-02-17,57.7337
2015-02-13,57.7337
2015-02-12,57.6304
2015-02-11,57.6304
2015-02-10,57.6304
2015-02-09,57.6304
2015-02-06,57.6304
2015-02-05,55.7610
2015-02-04,55.7610
2015-02-03,55.8886
2015-02-02,55.5374
2015-01-30,54.3905
2015-01-29,54.3905
2015-01-28,58.4906
2015-01-27,58.4333
2015-01-26,58.4333
2015-01-23,57.8311
2015-01-22,57.8311
2015-01-21,59.2791
2015-01-20,59.2791
2015-01-16,59.2791
2015-01-15,57.4871
2015-01-14,57.4871
2015-01-13,58.3186
2015-01-12,58.3186
2015-01-09,58.3186
2015-01-08,56.3402
2015-01-07,56.3402
2015-01-06,56.3402
2015-01-05,60.5263
2015-01-02,60.5263
2014-12-31,60.5263
2014-12-30,None
2014-12-29,None
2014-12-26,None
2014-12-24,None
2014-12-23,None
2014-12-22,None
2014-12-19,None
2014-12-18,None
2014-12-17,None
2014-12-16,None
2014-12-15,None
2014-12-12,None
2014-12-11,None
2014-12-10,None
2014-12-09,None
2014-12-08,None
2014-12-05,None
2014-12-04,None
2014-12-03,None
2014-12-02,None
2014-12-01,None
2014-11-28,None
2014-11-26,None
2014-11-25,None
2014-11-24,None
2014-11-21,None
2014-11-20,None
2014-11-19,None
2014-11-18,None
2014-11-17,None
2014-11-14,None
2014-11-13,None
2014-11-12,None
2014-11-11,None
2014-11-10,None
2014-11-07,None
2014-11-06,None
2014-11-05,None
2014-11-04,None
2014-11-03,None
2014-10-31,None
2014-10-30,None
2014-10-29,None
2014-10-28,None
2014-10-27,None
2014-10-24,None
2014-10-23,None
2014-10-22,None
2014-10-21,None
2014-10-20,None
2014-10-17,None
2014-10-16,None
2014-10-15,None
2014-10-14,None
2014-10-13,None
2014-10-10,None
2014-10-09,None
2014-10-08,None
2014-10-07,None
2014-10-06,None
2014-10-03,None
2014-10-02,None
2014-10-01,None
2014-09-30,None
2014-09-29,None
2014-09-26,None
2014-09-25,None
2014-09-24,None
2014-09-23,None
2014-09-22,None
2014-09-19,None
2014-09-18,None
2014-09-17,None
2014-09-16,None
2014-09-15,None
2014-09-12,None
2014-09-11,None
2014-09-10,None
2014-09-09,None
2014-09-08,None
2014-09-05,None
2014-09-04,None
2014-09-03,None
2014-09-02,None
2014-08-29,None
2014-08-28,None
2014-08-27,None
2014-08-26,None
2014-08-25,None
2014-08-22,None
2014-08-21,None
2014-08-20,None
2014-08-19,None
2014-08-18,None
2014-08-15,None
2014-08-14,None
2014-08-13,None
2014-08-12,None
2014-08-11,None
2014-08-08,None
2014-08-07,None
2014-08-06,None
2014-08-05,None
2014-08-04,None
2014-08-01,None
2014-07-31,None
2014-07-30,None
2014-07-29,None
2014-07-28,None
2014-07-25,None
2014-07-24,None
2014-07-23,None
2014-07-22,None
2014-07-21,None
2014-07-18,None
2014-07-17,None
2014-07-16,None
2014-07-15,None
2014-07-14,None
2014-07-11,None
2014-07-10,None
2014-07-09,None
2014-07-08,None
2014-07-07,None
2014-07-03,None
2014-07-02,None
2014-07-01,None
2014-06-30,None
2014-06-27,None
2014-06-26,None
2014-06-25,None
2014-06-24,None
2014-06-23,None
2014-06-20,None
2014-06-19,None
2014-06-18,None
2014-06-17,None
2014-06-16,None
2014-06-13,None
2014-06-12,None
2014-06-11,None
2014-06-10,None
2014-06-09,None
2014-06-06,None
2014-06-05,None
2014-06-04,None
2014-06-03,None
2014-06-02,None
2014-05-30,None
2014-05-29,None
2014-05-28,None
2014-05-27,None
2014-05-23,None
2014-05-22,None
2014-05-21,None
2014-05-20,None
2014-05-19,None
2014-05-16,None
2014-05-15,None
2014-05-14,None
2014-05-13,None
2014-05-12,None
2014-05-09,None
2014-05-08,None
2014-05-07,None
2014-05-06,None
2014-05-05,None
2014-05-02,None
2014-05-01,None
2014-04-30,None
2014-04-29,None
2014-04-28,None
2014-04-25,None
2014-04-24,None
2014-04-23,None
2014-04-22,None
2014-04-21,None
2014-04-17,None
2014-04-16,None
2014-04-15,None
2014-04-14,None
2014-04-11,None
2014-04-10,None
2014-04-09,None
2014-04-08,None
2014-04-07,None
2014-04-04,None
2014-04-03,None
2014-04-02,None
2014-04-01,None
2014-03-31,None
2014-03-28,718.9186
2014-03-27,718.9186
2014-03-26,718.9186
2014-03-25,718.9186
2014-03-24,718.9186
2014-03-21,705.2477
2014-03-20,705.2477
2014-03-19,705.2477
2014-03-18,705.2477
2014-03-17,726.4590
2014-03-14,728.6047
2014-03-13,728.6047
2014-03-12,722.4749
2014-03-11,731.3634
2014-03-10,732.8960
2014-03-07,740.8043
2014-03-06,760.1766
2014-03-05,760.1766
2014-03-04,762.3222
2014-03-03,743.3178
2014-02-28,753.7396
2014-02-27,738.7200
2014-02-26,774.2766
2014-02-25,752.2683
2014-02-24,753.4331
2014-02-21,740.2526
2014-02-20,740.2526
2014-02-19,710.5205
2014-02-18,710.5205
2014-02-14,710.5205
2014-02-13,710.7038
2014-02-12,723.3938
2014-02-11,723.3938
2014-02-10,732.5895
2014-02-07,692.7415
2014-02-06,685.0785
2014-02-05,685.0785
2014-02-04,731.4247
2014-02-03,717.2634
2014-01-31,724.9264
2014-01-30,747.3026
2014-01-29,823.4036
2014-01-28,767.8396
2014-01-27,796.9593
2014-01-24,801.5571
2014-01-23,807.3811
2014-01-22,818.7224
2014-01-21,790.8288
2014-01-17,730.1373
2014-01-16,941.0243
2014-01-15,941.0243
2014-01-14,941.0243
2014-01-13,941.0243
2014-01-10,933.0554
2014-01-09,910.3727
2014-01-08,919.5684
2014-01-07,829.1449
2014-01-06,829.1449
2014-01-03,818.9522
2014-01-02,811.1213
2013-12-31,816.9599
2013-12-30,37.9336
2013-12-27,38.0012
2013-12-26,37.9300
2013-12-24,37.7877
2013-12-23,37.7877
2013-12-20,37.4319
2013-12-19,34.5853
2013-12-18,34.5853
2013-12-17,34.5853
2013-12-16,34.5853
2013-12-13,36.5779
2013-12-12,36.5779
2013-12-11,36.5779
2013-12-10,36.5779
2013-12-09,36.5779
2013-12-06,36.5779
2013-12-05,36.5779
2013-12-04,36.5779
2013-12-03,36.5779
2013-12-02,36.5779
2013-11-29,36.7914
2013-11-27,38.2858
2013-11-26,38.2858
2013-11-25,38.2858
2013-11-22,36.9800
2013-11-21,36.9800
2013-11-20,36.9800
2013-11-19,36.9800
2013-11-18,37.0618
2013-11-15,37.1757
2013-11-14,35.6679
2013-11-13,35.3966
2013-11-12,35.1404
2013-11-11,35.1404
2013-11-08,35.0977
2013-11-07,34.0787
2013-11-06,33.2332
2013-11-05,33.2332
2013-11-04,32.0235
2013-11-01,32.0235
2013-10-31,32.0235
2013-10-30,32.7636
2013-10-29,33.1621
2013-10-28,33.1621
2013-10-25,33.7314
2013-10-24,33.7314
2013-10-23,33.7314
2013-10-22,33.7314
2013-10-21,33.7314
2013-10-18,33.2190
2013-10-17,32.8205
2013-10-16,32.8205
2013-10-15,32.1117
2013-10-14,32.1117
2013-10-11,32.1117
2013-10-10,32.1117
2013-10-09,32.1117
2013-10-08,31.4542
2013-10-07,31.4542
2013-10-04,31.4542
2013-10-03,31.4542
2013-10-02,31.4542
2013-10-01,32.2369
2013-09-30,32.3793
2013-09-27,36.2456
2013-09-26,36.2456
2013-09-25,36.2456
2013-09-24,36.2456
2013-09-23,36.2456
2013-09-20,36.2456
2013-09-19,36.2456
2013-09-18,35.6769
2013-09-17,35.6769
2013-09-16,35.6087
2013-09-13,35.4104
2013-09-12,35.7484
2013-09-11,35.7484
2013-09-10,35.8297
2013-09-09,35.8297
2013-09-06,37.8608
2013-09-05,39.9147
2013-09-04,39.9147
2013-09-03,38.4295
2013-08-30,40.0707
2013-08-29,40.0707
2013-08-28,40.0707
2013-08-27,40.9417
2013-08-26,39.9505
2013-08-23,39.9505
2013-08-22,40.4120
2013-08-21,40.4120
2013-08-20,40.2755
2013-08-19,41.0912
2013-08-16,40.5062
2013-08-15,41.7509
2013-08-14,41.7509
2013-08-13,41.2992
2013-08-12,41.2992
2013-08-09,42.8038
2013-08-08,42.8038
2013-08-07,44.6335
2013-08-06,44.6335
2013-08-05,42.8266
2013-08-02,43.1678
2013-08-01,43.2198
2013-07-31,43.2198
2013-07-30,43.2198
2013-07-29,42.4951
2013-07-26,43.6293
2013-07-25,45.5467
2013-07-24,45.5467
2013-07-23,45.5467
2013-07-22,45.5467
2013-07-19,41.2444
2013-07-18,41.2444
2013-07-17,41.2444
2013-07-16,41.2444
2013-07-15,39.1153
2013-07-12,39.5117
2013-07-11,39.7132
2013-07-10,39.0776
2013-07-09,39.0776
2013-07-08,38.1046
2013-07-05,38.4991
2013-07-03,38.1858
2013-07-02,38.1858
2013-07-01,38.1858
2013-06-30,38.1858
2013-06-28,164.7689
2013-06-27,162.2027
2013-06-26,162.2027
2013-06-25,162.2027
2013-06-24,162.2027
2013-06-21,162.2027
2013-06-20,162.2027
2013-06-19,162.2027
2013-06-18,153.5927
2013-06-17,153.5927
2013-06-14,137.8590
2013-06-13,137.8590
2013-06-12,137.8590
2013-06-11,138.8266
2013-06-10,141.0282
2013-06-07,134.2832
2013-06-06,132.7967
2013-06-05,139.9905
2013-06-04,139.9905
2013-06-03,139.9905
2013-05-31,140.5794
2013-05-30,141.6872
2013-05-29,141.6872
2013-05-28,142.3323
2013-05-24,146.8056
2013-05-23,145.5716
2013-05-22,152.9897
2013-05-21,156.4954
2013-05-20,155.6540
2013-05-17,155.6540
2013-05-16,155.6540
2013-05-15,162.2027
2013-05-14,150.7741
2013-05-13,150.7741
2013-05-10,153.9292
2013-05-09,153.9292
2013-05-08,153.2000
2013-05-07,153.2000
2013-05-06,153.0738
2013-05-03,153.0738
2013-05-02,153.0738
2013-05-01,150.9844
2013-04-30,150.9844
2013-04-29,150.9844
2013-04-26,150.9844
2013-04-25,159.5103
2013-04-24,163.0862
2013-04-23,163.0862
2013-04-22,163.0862
2013-04-19,161.6138
2013-04-18,161.6138
2013-04-17,160.5620
2013-04-16,163.3386
2013-04-15,163.3386
2013-04-12,161.0669
2013-04-11,167.8307
2013-04-10,167.8307
2013-04-09,149.3858
2013-04-08,149.3858
2013-04-05,149.3858
2013-04-04,149.3858
2013-04-03,149.3858
2013-04-02,150.0449
2013-04-01,150.0449
2013-03-31,151.1106
2013-03-28,58.1427
2013-03-27,58.2722
2013-03-26,59.6751
2013-03-25,59.6751
2013-03-22,59.6751
2013-03-21,59.6751
2013-03-20,59.7722
2013-03-19,59.7236
2013-03-18,60.0204
2013-03-15,60.0204
2013-03-14,60.8837
2013-03-13,60.8837
2013-03-12,59.3298
2013-03-11,60.5600
2013-03-08,54.9000
2013-03-07,54.9000
2013-03-06,53.9903
2013-03-05,53.9903
2013-03-04,53.2543
2013-03-01,52.3964
2013-02-28,52.3101
2013-02-27,52.5259
2013-02-26,52.5259
2013-02-25,52.5259
2013-02-22,51.8731
2013-02-21,50.4486
2013-02-20,50.4486
2013-02-19,50.2058
2013-02-15,49.0512
2013-02-14,49.8174
2013-02-13,50.3677
2013-02-12,49.8012
2013-02-11,51.5116
2013-02-08,51.5116
2013-02-07,51.5116
2013-02-06,50.4486
2013-02-05,51.2850
2013-02-04,51.2850
2013-02-01,51.7436
2013-01-31,53.1680
2013-01-30,53.1680
2013-01-29,57.1931
2013-01-28,57.2579
2013-01-25,55.4396
2013-01-24,55.1698
2013-01-23,55.7093
2013-01-22,55.7093
2013-01-18,55.7093
2013-01-17,55.7093
2013-01-16,55.7093
2013-01-15,54.8191
2013-01-14,55.1158
2013-01-11,54.8191
2013-01-10,53.6860
2013-01-09,53.6860
2013-01-08,53.6860
2013-01-07,55.0349
2013-01-04,56.0331
2013-01-03,58.0025
2013-01-02,58.0025
2012-12-31,57.0582
2012-12-28,None
2012-12-27,None
2012-12-26,None
2012-12-24,None
2012-12-21,None
2012-12-20,None
2012-12-19,None
2012-12-18,None
2012-12-17,None
2012-12-14,None
2012-12-13,None
2012-12-12,None
2012-12-11,None
2012-12-10,None
2012-12-07,None
2012-12-06,None
2012-12-05,None
2012-12-04,None
2012-12-03,None
2012-11-30,None
2012-11-29,None
2012-11-28,None
2012-11-27,None
2012-11-26,None
2012-11-23,None
2012-11-21,None
2012-11-20,None
2012-11-19,None
2012-11-16,None
2012-11-15,None
2012-11-14,None
2012-11-13,None
2012-11-12,None
2012-11-09,None
2012-11-08,None
2012-11-07,None
2012-11-06,None
2012-11-05,None
2012-11-02,None
2012-11-01,None
2012-10-31,None
2012-10-26,None
2012-10-25,None
2012-10-24,None
2012-10-23,None
2012-10-22,None
2012-10-19,None
2012-10-18,None
2012-10-17,None
2012-10-16,None
2012-10-15,None
2012-10-12,None
2012-10-11,None
2012-10-10,None
2012-10-09,None
2012-10-08,None
2012-10-05,None
2012-10-04,None
2012-10-03,None
2012-10-02,None
2012-10-01,None
2012-09-30,None
2012-09-28,None
2012-09-27,None
2012-09-26,None
2012-09-25,None
2012-09-24,None
2012-09-21,None
2012-09-20,None
2012-09-19,None
2012-09-18,None
2012-09-17,None
2012-09-14,None
2012-09-13,None
2012-09-12,None
2012-09-11,None
2012-09-10,None
2012-09-07,None
2012-09-06,None
2012-09-05,None
2012-09-04,None
2012-08-31,None
2012-08-30,None
2012-08-29,None
2012-08-28,None
2012-08-27,None
2012-08-24,None
2012-08-23,None
2012-08-21,None
2012-08-20,None
2012-08-17,None
2012-08-16,None
2012-08-15,None
2012-08-14,None
2012-08-13,None
2012-08-10,None
2012-08-09,None
2012-08-08,None
2012-08-07,None
2012-08-06,None
2012-08-03,None
2012-08-02,None
2012-08-01,None
2012-07-31,None
2012-07-30,None
2012-07-27,None
2012-07-26,None
2012-07-25,None
2012-07-24,None
2012-07-23,None
2012-07-20,None
2012-07-19,None
2012-07-18,None
2012-07-17,None
2012-07-16,None
2012-07-13,None
2012-07-12,None
2012-07-11,None
2012-07-10,None
2012-07-09,None
2012-07-06,None
2012-07-05,None
2012-07-03,None
2012-07-02,None
2012-06-30,None
2012-06-29,None
2012-06-28,None
2012-06-27,None
2012-06-26,None
2012-06-25,None
2012-06-22,None
2012-06-21,None
2012-06-20,None
2012-06-19,None
2012-06-18,None
2012-06-15,None
2012-06-14,None
2012-06-13,None
2012-06-12,None
2012-06-11,None
2012-06-08,None
2012-06-07,None
2012-06-06,None
2012-06-05,None
2012-06-04,None
2012-06-01,None
2012-05-31,None
2012-05-30,None
2012-05-29,None
2012-05-25,None
2012-05-24,None
2012-05-23,None
2012-05-22,None
2012-05-21,None
2012-05-18,None
2012-05-17,None
2012-05-16,None
2012-05-15,None
2012-05-14,None
2012-05-11,None
2012-05-10,None
2012-05-09,None
2012-05-08,None
2012-05-07,None
2012-05-04,None
2012-05-03,None
2012-05-02,None
2012-05-01,None
2012-04-30,None
2012-04-27,None
2012-04-26,None
2012-04-25,None
2012-04-24,None
2012-04-23,None
2012-04-20,None
2012-04-19,None
2012-04-18,None
2012-04-17,None
2012-04-16,None
2012-04-13,None
2012-04-12,None
2012-04-11,None
2012-04-10,None
2012-04-09,None
2012-04-05,None
2012-04-04,None
2012-04-03,None
2012-04-02,None
2012-03-31,None
2012-03-30,None
2012-03-29,None
2012-03-28,None
2012-03-27,None
2012-03-26,None
2012-03-23,None
2012-03-22,None
2012-03-21,None
2012-03-20,None
2012-03-19,None
2012-03-16,None
2012-03-15,None
2012-03-14,None
2012-03-13,None
2012-03-12,None
2012-03-09,None
2012-03-08,None
2012-03-07,None
2012-03-06,None
2012-03-05,None
2012-03-02,None
2012-03-01,None
2012-02-29,None
2012-02-28,None
2012-02-27,None
2012-02-24,None
2012-02-23,None
2012-02-22,None
2012-02-21,None
2012-02-17,None
2012-02-16,None
2012-02-15,None
2012-02-14,None
2012-02-13,None
2012-02-10,None
2012-02-09,None
2012-02-08,None
2012-02-07,None
2012-02-06,None
2012-02-03,None
2012-02-02,None
2012-02-01,None
2012-01-31,None
2012-01-30,None
2012-01-27,None
2012-01-26,None
2012-01-25,None
2012-01-24,None
2012-01-23,None
2012-01-20,None
2012-01-19,None
2012-01-18,None
2012-01-17,None
2012-01-13,None
2012-01-12,None
2012-01-11,None
2012-01-10,None
2012-01-09,None
2012-01-06,None
2012-01-05,None
2012-01-04,None
2012-01-03,None
2011-12-31,None
2011-12-30,226.3843
2011-12-29,221.5606
2011-12-28,224.1388
2011-12-27,224.1388
2011-12-23,224.1388
2011-12-22,224.1388
2011-12-21,224.1388
2011-12-20,224.1388
2011-12-19,224.5546
2011-12-16,229.5447
2011-12-15,235.7824
2011-12-14,235.7824
2011-12-13,235.7824
2011-12-12,235.7824
2011-12-09,235.7824
2011-12-08,235.7824
2011-12-07,239.9408
2011-12-06,239.9408
2011-12-05,235.7824
2011-12-02,238.6933
2011-12-01,238.6933
2011-11-30,238.6933
2011-11-29,238.6933
2011-11-28,238.6933
2011-11-25,238.6933
2011-11-23,238.6933
2011-11-22,245.7626
2011-11-21,248.8731
2011-11-18,256.5745
2011-11-17,256.5745
2011-11-16,256.5745
2011-11-15,261.9804
2011-11-14,264.4755
2011-11-11,264.4755
2011-11-10,267.3864
2011-11-09,260.3170
2011-11-08,260.3170
2011-11-07,252.2497
2011-11-04,252.2497
2011-11-03,237.3958
2011-11-02,237.3958
2011-11-01,237.3958
2011-10-31,237.3958
2011-10-28,237.3958
2011-10-27,237.3958
2011-10-26,244.2656
2011-10-25,252.8319
2011-10-24,252.8319
2011-10-21,252.8319
2011-10-20,252.8319
2011-10-19,257.4061
2011-10-18,257.4061
2011-10-17,261.5646
2011-10-14,252.7321
2011-10-13,253.6636
2011-10-12,253.6636
2011-10-11,254.4953
2011-10-10,254.4953
2011-10-07,252.8319
2011-10-06,252.8319
2011-10-05,252.8319
2011-10-04,247.4259
2011-10-03,242.4358
2011-09-30,242.4358
2011-09-29,20.2009
2011-09-28,20.2009
2011-09-27,20.6860
2011-09-26,20.6860
2011-09-23,20.6860
2011-09-22,20.6860
2011-09-21,21.2889
2011-09-20,21.2889
2011-09-19,20.8939
2011-09-16,21.1711
2011-09-15,22.9964
2011-09-14,22.9964
2011-09-13,22.9964
2011-09-12,22.9964
2011-09-09,22.9964
2011-09-08,23.5619
2011-09-07,23.5619
2011-09-06,23.3194
2011-09-02,23.3194
2011-09-01,23.3194
2011-08-31,23.3194
2011-08-30,23.3194
2011-08-29,22.4531
2011-08-26,22.4531
2011-08-25,22.4531
2011-08-24,22.9036
2011-08-23,23.5966
2011-08-22,22.5224
2011-08-19,22.0373
2011-08-18,21.1711
2011-08-17,21.1711
2011-08-16,21.1711
2011-08-15,21.6562
2011-08-12,19.6659
2011-08-11,20.8246
2011-08-10,20.7206
2011-08-09,20.7206
2011-08-08,21.5869
2011-08-05,21.0741
2011-08-04,20.6167
2011-08-03,20.9978
2011-08-02,20.9632
2011-08-01,22.1066
2011-07-29,21.8641
2011-07-28,21.3097
2011-07-27,24.8786
2011-07-26,25.6853
2011-07-25,26.4379
2011-07-22,26.4725
2011-07-21,25.8835
2011-07-20,25.8835
2011-07-19,26.0914
2011-07-18,26.1496
2011-07-15,26.5072
2011-07-14,27.3041
2011-07-13,27.8100
2011-07-12,27.3138
2011-07-11,27.3138
2011-07-08,27.8516
2011-07-07,27.3734
2011-07-06,27.2348
2011-07-05,26.1953
2011-07-01,25.6409
2011-06-30,25.7795
2011-06-29,25.2045
2011-06-28,24.8800
2011-06-27,24.0327
2011-06-24,24.0327
2011-06-23,24.1737
2011-06-22,25.0209
2011-06-21,25.9360
2011-06-20,25.3575
2011-06-17,25.9360
2011-06-16,25.9360
2011-06-15,26.6090
2011-06-14,26.8870
2011-06-13,26.4946
2011-06-10,26.9336
2011-06-09,26.8006
2011-06-08,28.2636
2011-06-07,29.9927
2011-06-06,29.5937
2011-06-03,30.7362
2011-06-02,30.7362
2011-06-01,30.7362
2011-05-31,30.7362
2011-05-27,30.7362
2011-05-26,30.3917
2011-05-25,29.4607
2011-05-24,29.4607
2011-05-23,29.4607
2011-05-20,29.7267
2011-05-19,30.1922
2011-05-18,29.9262
2011-05-17,29.9262
2011-05-16,30.0898
2011-05-13,29.7772
2011-05-12,30.2587
2011-05-11,31.1232
2011-05-10,31.8548
2011-05-09,32.4533
2011-05-06,32.7193
2011-05-05,32.7193
2011-05-04,32.5863
2011-05-03,32.7858
2011-05-02,32.1873
2011-04-29,31.3347
2011-04-28,31.7218
2011-04-27,31.8548
2011-04-26,31.6553
2011-04-25,31.6553
2011-04-21,32.8523
2011-04-20,32.8523
2011-04-19,32.9853
2011-04-18,33.1848
2011-04-15,33.1848
2011-04-14,33.2513
2011-04-13,33.2513
2011-04-12,33.2513
2011-04-11,33.2513
2011-04-08,32.3203
2011-04-07,33.1848
2011-04-06,34.1025
2011-04-05,34.9804
2011-04-04,34.9804
2011-04-01,35.5789
2011-03-31,35.9779
2011-03-30,34.0024
2011-03-29,33.4368
2011-03-28,33.7510
2011-03-25,34.5681
2011-03-24,34.6938
2011-03-23,34.8195
2011-03-22,34.8195
2011-03-21,34.7567
2011-03-18,33.9082
2011-03-17,33.5625
2011-03-16,33.4682
2011-03-15,33.6568
2011-03-14,33.0597
2011-03-11,35.2595
2011-03-10,35.2595
2011-03-09,35.2595
2011-03-08,35.2595
2011-03-07,35.2595
2011-03-04,35.3223
2011-03-03,35.3223
2011-03-02,37.4065
2011-03-01,37.4065
2011-02-28,35.9508
2011-02-25,35.9508
2011-02-24,35.9508
2011-02-23,37.0822
2011-02-22,37.6478
2011-02-18,38.4020
2011-02-17,38.2763
2011-02-16,38.2763
2011-02-15,36.6422
2011-02-14,36.7679
2011-02-11,36.7679
2011-02-10,36.4536
2011-02-09,35.5109
2011-02-08,35.1966
2011-02-07,35.1966
2011-02-04,35.4480
2011-02-03,35.4480
2011-02-02,35.4480
2011-02-01,34.3167
2011-01-31,34.3167
2011-01-28,33.3111
2011-01-27,34.1910
2011-01-26,34.2539
2011-01-25,34.3796
2011-01-24,34.3796
2011-01-21,34.7567
2011-01-20,35.1966
2011-01-19,36.6522
2011-01-18,37.1450
2011-01-14,36.2500
2011-01-13,36.3908
2011-01-12,35.6366
2011-01-11,36.2022
2011-01-10,35.5737
2011-01-07,35.5737
2011-01-06,35.5737
2011-01-05,35.5737
2011-01-04,35.5737
2011-01-03,37.0193
2010-12-31,36.4536
2010-12-30,21.0330
2010-12-29,20.7067
2010-12-28,20.7067
2010-12-27,20.7067
2010-12-23,20.7067
2010-12-22,20.7067
2010-12-21,20.7067
2010-12-20,20.7067
2010-12-17,20.7067
2010-12-16,20.4165
2010-12-15,20.4165
2010-12-14,20.5979
2010-12-13,20.5979
2010-12-10,19.6550
2010-12-09,19.6550
2010-12-08,19.6550
2010-12-07,19.6550
2010-12-06,19.6550
2010-12-03,19.6550
2010-12-02,19.6550
2010-12-01,19.6550
2010-11-30,19.6550
2010-11-29,18.8209
2010-11-26,18.8209
2010-11-24,18.8209
2010-11-23,19.0065
2010-11-22,19.0065
2010-11-19,19.0065
2010-11-18,19.1473
2010-11-17,18.6396
2010-11-16,18.6396
2010-11-15,18.6396
2010-11-12,18.4946
2010-11-11,18.4946
2010-11-10,18.4946
2010-11-09,18.4946
2010-11-08,18.7121
2010-11-05,18.7121
2010-11-04,18.7121
2010-11-03,18.5671
2010-11-02,18.5671
2010-11-01,18.5671
2010-10-29,18.5671
2010-10-28,18.4220
2010-10-27,18.4220
2010-10-26,18.4220
2010-10-25,18.4220
2010-10-22,18.4220
2010-10-21,18.4220
2010-10-20,18.4220
2010-10-19,18.4220
2010-10-18,18.4363
2010-10-15,18.4363
2010-10-14,18.0594
2010-10-13,18.0594
2010-10-12,18.0594
2010-10-11,18.5308
2010-10-08,18.5308
2010-10-07,18.8610
2010-10-06,18.8610
2010-10-05,18.6211
2010-10-04,19.6550
2010-10-01,19.6550
2010-09-30,19.6550
2010-09-29,19.4262
2010-09-28,19.4262
2010-09-27,19.4262
2010-09-24,19.4262
2010-09-23,19.4262
2010-09-22,19.4262
2010-09-21,19.4262
2010-09-20,19.4262
2010-09-17,19.4262
2010-09-16,19.8921
2010-09-15,19.8921
2010-09-14,19.7129
2010-09-13,19.7129
2010-09-10,19.7846
2010-09-09,19.7846
2010-09-08,19.7408
2010-09-07,19.7408
2010-09-03,19.8921
2010-09-02,20.0713
2010-09-01,20.0713
2010-08-31,20.0713
2010-08-30,19.3545
2010-08-27,19.3545
2010-08-26,19.3545
2010-08-25,19.3545
2010-08-24,18.6377
2010-08-23,18.6377
2010-08-20,18.6377
2010-08-19,18.6377
2010-08-18,18.6377
2010-08-17,18.6377
2010-08-16,18.6377
2010-08-13,18.6377
2010-08-12,18.6377
2010-08-11,20.1789
2010-08-10,20.1789
2010-08-09,20.1789
2010-08-06,20.1072
2010-08-05,20.1072
2010-08-04,19.6412
2010-08-03,19.6412
2010-08-02,19.6412
2010-07-30,19.6412
2010-07-29,19.6412
2010-07-28,19.9997
2010-07-27,19.9997
2010-07-26,21.0749
2010-07-23,21.0749
2010-07-22,21.0749
2010-07-21,21.0749
2010-07-20,21.0749
2010-07-19,21.0749
2010-07-16,21.0749
2010-07-15,21.0749
2010-07-14,21.0749
2010-07-13,21.6125
2010-07-12,21.6125
2010-07-09,21.6125
2010-07-08,21.6125
2010-07-07,21.6125
2010-07-06,21.6125
2010-07-02,21.3616
2010-07-01,21.3616
2010-06-30,21.3616
2010-06-29,15.2388
2010-06-28,14.9566
2010-06-25,15.2645
2010-06-24,15.4954
2010-06-23,15.4954
2010-06-22,16.0341
2010-06-21,16.5729
2010-06-18,16.0085
2010-06-17,15.6236
2010-06-16,15.3671
2010-06-15,14.0587
2010-06-14,14.2126
2010-06-11,14.2126
2010-06-10,14.2126
2010-06-09,14.2126
2010-06-08,14.2126
2010-06-07,15.1105
2010-06-04,15.1105
2010-06-03,15.1105
2010-06-02,15.1105
2010-06-01,15.1105
2010-05-28,14.9823
2010-05-27,15.0592
2010-05-26,14.3725
2010-05-25,14.3725
2010-05-24,15.0808
2010-05-21,14.4692
2010-05-20,14.4692
2010-05-19,14.3666
2010-05-18,14.3666
2010-05-17,14.3666
2010-05-14,15.1142
2010-05-13,15.1142
2010-05-12,15.1142
2010-05-11,15.4913
2010-05-10,15.4913
2010-05-07,15.4913
2010-05-06,16.0846
2010-05-05,17.0939
2010-05-04,17.0939
2010-05-03,17.2655
2010-04-30,17.2655
2010-04-29,17.0438
2010-04-28,17.0438
2010-04-27,17.2964
2010-04-26,17.2581
2010-04-23,16.8551
2010-04-22,16.8551
2010-04-21,16.8551
2010-04-20,16.8551
2010-04-19,17.0090
2010-04-16,17.0859
2010-04-15,17.4451
2010-04-14,17.2655
2010-04-13,17.2655
2010-04-12,17.2655
2010-04-09,17.3681
2010-04-08,17.3681
2010-04-07,17.3681
2010-04-06,17.7017
2010-04-05,17.7017
2010-04-01,17.3938
2010-03-31,17.3938
2010-03-30,15.4439
2010-03-29,15.8083
2010-03-26,15.8083
2010-03-25,15.9450
2010-03-24,15.1705
2010-03-23,14.4188
2010-03-22,13.8338
2010-03-19,13.8338
2010-03-18,13.6360
2010-03-17,13.5040
2010-03-16,13.5040
2010-03-15,13.5077
2010-03-12,13.5077
2010-03-11,13.5077
2010-03-10,13.5077
2010-03-09,13.5077
2010-03-08,13.5077
2010-03-05,12.8471
2010-03-04,12.8471
2010-03-03,12.8471
2010-03-02,12.8471
2010-03-01,12.8471
2010-02-26,12.2093
2010-02-25,12.2093
2010-02-24,12.2093
2010-02-23,12.2093
2010-02-22,11.8448
2010-02-19,12.5627
2010-02-18,12.5627
2010-02-17,12.5627
2010-02-16,12.5627
2010-02-12,12.5627
2010-02-11,12.3004
2010-02-10,12.3004
2010-02-09,12.3004
2010-02-08,12.3004
2010-02-05,12.3004
2010-02-04,12.6649
2010-02-03,12.6649
2010-02-02,12.6649
2010-02-01,12.8471
2010-01-29,13.2116
2010-01-28,13.2116
2010-01-27,12.9610
2010-01-26,12.3915
2010-01-25,12.3915
2010-01-22,12.3915
2010-01-21,12.3915
2010-01-20,12.3915
2010-01-19,12.3915
2010-01-15,12.3915
2010-01-14,12.8471
2010-01-13,12.8793
2010-01-12,12.8793
2010-01-11,12.4826
2010-01-08,12.4826
2010-01-07,12.4826
2010-01-06,11.9815
2010-01-05,11.2298
2010-01-04,11.2298
