Period,S&P 500 (^SPX) Level
2019-12-31 00:00:00,3230.78195
2019-12-30 00:00:00,3221.291808
2019-12-27 00:00:00,3240.020358
2019-12-26 00:00:00,3239.907138
2019-12-25 00:00:00,3223.38
2019-12-24 00:00:00,3223.3757
2019-12-23 00:00:00,3224.009886
2019-12-20 00:00:00,3221.224583
2019-12-19 00:00:00,3205.368378
2019-12-18 00:00:00,3191.142044
2019-12-17 00:00:00,3192.51858
2019-12-16 00:00:00,3191.449019
2019-12-13 00:00:00,3168.799633
2019-12-12 00:00:00,3168.569171
2019-12-11 00:00:00,3141.626677
2019-12-10 00:00:00,3132.518607
2019-12-09 00:00:00,3135.961384
2019-12-06 00:00:00,3145.911026
2019-12-05 00:00:00,3117.428588
2019-12-04 00:00:00,3112.756345
2019-12-03 00:00:00,3093.200913
2019-12-02 00:00:00,3113.873631
2019-11-29 00:00:00,3140.980628
2019-11-28 00:00:00,3153.63
2019-11-27 00:00:00,3153.628071
2019-11-26 00:00:00,3140.519864
2019-11-25 00:00:00,3133.642823
2019-11-22 00:00:00,3110.288349
2019-11-21 00:00:00,3103.536912
2019-11-20 00:00:00,3108.45815
2019-11-19 00:00:00,3120.181284
2019-11-18 00:00:00,3122.028007
2019-11-15 00:00:00,3120.460403
2019-11-14 00:00:00,3096.633127
2019-11-13 00:00:00,3094.03534
2019-11-12 00:00:00,3091.839016
2019-11-11 00:00:00,3087.005018
2019-11-08 00:00:00,3093.084803
2019-11-07 00:00:00,3085.181861
2019-11-06 00:00:00,3076.775343
2019-11-05 00:00:00,3074.615917
2019-11-04 00:00:00,3078.26973
2019-11-01 00:00:00,3066.914735
2019-10-31 00:00:00,3037.564435
2019-10-30 00:00:00,3046.7662
2019-10-29 00:00:00,3036.892248
2019-10-28 00:00:00,3039.419922
2019-10-25 00:00:00,3022.549644
2019-10-24 00:00:00,3010.285303
2019-10-23 00:00:00,3004.524331
2019-10-22 00:00:00,2995.992964
2019-10-21 00:00:00,3006.724282
2019-10-18 00:00:00,2986.203484
2019-10-17 00:00:00,2997.952886
2019-10-16 00:00:00,2989.693781
2019-10-15 00:00:00,2995.683133
2019-10-14 00:00:00,2966.150456
2019-10-11 00:00:00,2970.269545
2019-10-10 00:00:00,2938.132355
2019-10-09 00:00:00,2919.400097
2019-10-08 00:00:00,2893.055581
2019-10-07 00:00:00,2938.789393
2019-10-04 00:00:00,2952.007564
2019-10-03 00:00:00,2910.634041
2019-10-02 00:00:00,2887.606504
2019-10-01 00:00:00,2940.248588
2019-09-30 00:00:00,2976.737272
2019-09-27 00:00:00,2961.793116
2019-09-26 00:00:00,2977.617436
2019-09-25 00:00:00,2984.868333
2019-09-24 00:00:00,2966.596004
2019-09-23 00:00:00,2991.779033
2019-09-20 00:00:00,2992.072294
2019-09-19 00:00:00,3006.790782
2019-09-18 00:00:00,3006.729986
2019-09-17 00:00:00,3005.696462
2019-09-16 00:00:00,2997.959591
2019-09-13 00:00:00,3007.387374
2019-09-12 00:00:00,3009.571875
2019-09-11 00:00:00,3000.926355
2019-09-10 00:00:00,2979.385546
2019-09-09 00:00:00,2978.433796
2019-09-06 00:00:00,2978.707811
2019-09-05 00:00:00,2975.997446
2019-09-04 00:00:00,2937.779025
2019-09-03 00:00:00,2906.271106
2019-09-02 00:00:00,2926.46
2019-08-30 00:00:00,2926.458129
2019-08-29 00:00:00,2924.577099
2019-08-28 00:00:00,2887.93879
2019-08-27 00:00:00,2869.156111
2019-08-26 00:00:00,2878.383885
2019-08-23 00:00:00,2847.110984
2019-08-22 00:00:00,2922.952358
2019-08-21 00:00:00,2924.430317
2019-08-20 00:00:00,2900.510268
2019-08-19 00:00:00,2923.648226
2019-08-16 00:00:00,2888.677981
2019-08-15 00:00:00,2847.595064
2019-08-14 00:00:00,2840.598283
2019-08-13 00:00:00,2926.324771
2019-08-12 00:00:00,2883.749479
2019-08-09 00:00:00,2918.645602
2019-08-08 00:00:00,2938.094526
2019-08-07 00:00:00,2883.984417
2019-08-06 00:00:00,2881.774074
2019-08-05 00:00:00,2844.742708
2019-08-02 00:00:00,2932.045207
2019-08-01 00:00:00,2953.560124
2019-07-31 00:00:00,2980.378854
2019-07-30 00:00:00,3013.181863
2019-07-29 00:00:00,3020.968123
2019-07-26 00:00:00,3025.859148
2019-07-25 00:00:00,3003.671251
2019-07-24 00:00:00,3019.55656
2019-07-23 00:00:00,3005.473487
2019-07-22 00:00:00,2985.031155
2019-07-19 00:00:00,2976.609057
2019-07-18 00:00:00,2995.112465
2019-07-17 00:00:00,2984.423471
2019-07-16 00:00:00,3004.043104
2019-07-15 00:00:00,3014.297885
2019-07-12 00:00:00,3013.772649
2019-07-11 00:00:00,2999.906947
2019-07-10 00:00:00,2993.069958
2019-07-09 00:00:00,2979.625806
2019-07-08 00:00:00,2975.945501
2019-07-05 00:00:00,2990.409583
2019-07-04 00:00:00,2995.82
2019-07-03 00:00:00,2995.822592
2019-07-02 00:00:00,2973.011928
2019-07-01 00:00:00,2964.332842
2019-06-28 00:00:00,2941.760637
2019-06-27 00:00:00,2924.921202
2019-06-26 00:00:00,2913.778778
2019-06-25 00:00:00,2917.38314
2019-06-24 00:00:00,2945.348796
2019-06-21 00:00:00,2950.455013
2019-06-20 00:00:00,2954.181873
2019-06-19 00:00:00,2926.455815
2019-06-18 00:00:00,2917.750762
2019-06-17 00:00:00,2889.669978
2019-06-14 00:00:00,2886.98321
2019-06-13 00:00:00,2891.640535
2019-06-12 00:00:00,2879.836459
2019-06-11 00:00:00,2885.722146
2019-06-10 00:00:00,2886.734127
2019-06-07 00:00:00,2873.342002
2019-06-06 00:00:00,2843.490377
2019-06-05 00:00:00,2826.1506
2019-06-04 00:00:00,2803.272536
2019-06-03 00:00:00,2744.446443
2019-05-31 00:00:00,2752.062886
2019-05-30 00:00:00,2788.864931
2019-05-29 00:00:00,2783.018322
2019-05-28 00:00:00,2802.385218
2019-05-24 00:00:00,2826.064686
2019-05-23 00:00:00,2822.240956
2019-05-22 00:00:00,2856.274151
2019-05-21 00:00:00,2864.359409
2019-05-20 00:00:00,2840.233132
2019-05-17 00:00:00,2859.532347
2019-05-16 00:00:00,2876.316928
2019-05-15 00:00:00,2850.964534
2019-05-14 00:00:00,2834.4068
2019-05-13 00:00:00,2811.8654
2019-05-10 00:00:00,2881.40051
2019-05-09 00:00:00,2870.717096
2019-05-08 00:00:00,2879.419642
2019-05-07 00:00:00,2884.050308
2019-05-06 00:00:00,2932.473849
2019-05-03 00:00:00,2945.63779
2019-05-02 00:00:00,2917.51638
2019-05-01 00:00:00,2923.731938
2019-04-30 00:00:00,2945.830887
2019-04-29 00:00:00,2943.02692
2019-04-26 00:00:00,2939.881669
2019-04-25 00:00:00,2926.173075
2019-04-24 00:00:00,2927.252365
2019-04-23 00:00:00,2933.675818
2019-04-22 00:00:00,2907.972677
2019-04-18 00:00:00,2905.03252
2019-04-17 00:00:00,2900.453136
2019-04-16 00:00:00,2907.057548
2019-04-15 00:00:00,2905.583274
2019-04-12 00:00:00,2907.414383
2019-04-11 00:00:00,2888.319454
2019-04-10 00:00:00,2888.210417
2019-04-09 00:00:00,2878.200631
2019-04-08 00:00:00,2895.770593
2019-04-05 00:00:00,2892.744397
2019-04-04 00:00:00,2879.390781
2019-04-03 00:00:00,2873.399148
2019-04-02 00:00:00,2867.236444
2019-04-01 00:00:00,2867.193889
2019-03-29 00:00:00,2834.39982
2019-03-28 00:00:00,2815.437295
2019-03-27 00:00:00,2805.373157
2019-03-26 00:00:00,2818.457885
2019-03-25 00:00:00,2798.361645
2019-03-22 00:00:00,2800.712447
2019-03-21 00:00:00,2854.87667
2019-03-20 00:00:00,2824.225814
2019-03-19 00:00:00,2832.567386
2019-03-18 00:00:00,2832.940579
2019-03-15 00:00:00,2822.476649
2019-03-14 00:00:00,2808.482788
2019-03-13 00:00:00,2810.917512
2019-03-12 00:00:00,2791.522281
2019-03-11 00:00:00,2783.295007
2019-03-08 00:00:00,2743.067669
2019-03-07 00:00:00,2748.92578
2019-03-06 00:00:00,2771.447642
2019-03-05 00:00:00,2789.65098
2019-03-04 00:00:00,2792.810902
2019-03-01 00:00:00,2803.694354
2019-02-28 00:00:00,2784.491359
2019-02-27 00:00:00,2792.380076
2019-02-26 00:00:00,2793.89858
2019-02-25 00:00:00,2796.106549
2019-02-22 00:00:00,2792.671022
2019-02-21 00:00:00,2774.876125
2019-02-20 00:00:00,2784.696176
2019-02-19 00:00:00,2779.758099
2019-02-15 00:00:00,2775.597101
2019-02-14 00:00:00,2745.729785
2019-02-13 00:00:00,2753.033549
2019-02-12 00:00:00,2744.733522
2019-02-11 00:00:00,2709.803874
2019-02-08 00:00:00,2707.880385
2019-02-07 00:00:00,2706.054435
2019-02-06 00:00:00,2731.614983
2019-02-05 00:00:00,2737.702131
2019-02-04 00:00:00,2724.866907
2019-02-01 00:00:00,2706.53346
2019-01-31 00:00:00,2704.10058
2019-01-30 00:00:00,2681.051086
2019-01-29 00:00:00,2640.004723
2019-01-28 00:00:00,2643.845686
2019-01-25 00:00:00,2664.76051
2019-01-24 00:00:00,2642.332567
2019-01-23 00:00:00,2638.696846
2019-01-22 00:00:00,2632.903926
2019-01-18 00:00:00,2670.711713
2019-01-17 00:00:00,2635.956679
2019-01-16 00:00:00,2616.097126
2019-01-15 00:00:00,2610.302567
2019-01-14 00:00:00,2582.613862
2019-01-11 00:00:00,2596.257302
2019-01-10 00:00:00,2596.640508
2019-01-09 00:00:00,2584.963662
2019-01-08 00:00:00,2574.410963
2019-01-07 00:00:00,2549.690014
2019-01-04 00:00:00,2531.943412
2019-01-03 00:00:00,2447.893431
2019-01-02 00:00:00,2510.030134
2018-12-31 00:00:00,2506.847183
2018-12-28 00:00:00,2485.735216
2018-12-27 00:00:00,2488.827436
2018-12-26 00:00:00,2467.704065
2018-12-24 00:00:00,2351.099534
2018-12-21 00:00:00,2416.618385
2018-12-20 00:00:00,2467.41847
2018-12-19 00:00:00,2506.955215
2018-12-18 00:00:00,2546.161101
2018-12-17 00:00:00,2545.939769
2018-12-14 00:00:00,2599.954346
2018-12-13 00:00:00,2650.535177
2018-12-12 00:00:00,2651.067697
2018-12-11 00:00:00,2636.783761
2018-12-10 00:00:00,2637.723071
2018-12-07 00:00:00,2633.078821
2018-12-06 00:00:00,2695.945355
2018-12-04 00:00:00,2700.064368
2018-12-03 00:00:00,2790.369478
2018-11-30 00:00:00,2760.174257
2018-11-29 00:00:00,2737.760295
2018-11-28 00:00:00,2743.785211
2018-11-27 00:00:00,2682.169731
2018-11-26 00:00:00,2673.447415
2018-11-23 00:00:00,2632.556635
2018-11-21 00:00:00,2649.929079
2018-11-20 00:00:00,2641.890298
2018-11-19 00:00:00,2690.731216
2018-11-16 00:00:00,2736.268988
2018-11-15 00:00:00,2730.20252
2018-11-14 00:00:00,2701.576142
2018-11-13 00:00:00,2722.18199
2018-11-12 00:00:00,2726.215837
2018-11-09 00:00:00,2781.009157
2018-11-08 00:00:00,2806.830988
2018-11-07 00:00:00,2813.894814
2018-11-06 00:00:00,2755.450836
2018-11-05 00:00:00,2738.313679
2018-11-02 00:00:00,2723.058278
2018-11-01 00:00:00,2740.372458
2018-10-31 00:00:00,2711.744408
2018-10-30 00:00:00,2682.630996
2018-10-29 00:00:00,2641.245119
2018-10-26 00:00:00,2658.685113
2018-10-25 00:00:00,2705.568281
2018-10-24 00:00:00,2656.103225
2018-10-23 00:00:00,2740.692385
2018-10-22 00:00:00,2755.883758
2018-10-19 00:00:00,2767.780487
2018-10-18 00:00:00,2768.784593
2018-10-17 00:00:00,2809.209082
2018-10-16 00:00:00,2809.915671
2018-10-15 00:00:00,2750.786041
2018-10-12 00:00:00,2767.126018
2018-10-11 00:00:00,2728.366291
2018-10-10 00:00:00,2785.679179
2018-10-09 00:00:00,2880.343712
2018-10-08 00:00:00,2884.432674
2018-10-05 00:00:00,2885.566252
2018-10-04 00:00:00,2901.611488
2018-10-03 00:00:00,2925.513038
2018-10-02 00:00:00,2923.433453
2018-10-01 00:00:00,2924.590937
2018-09-28 00:00:00,2913.97814
2018-09-27 00:00:00,2913.998186
2018-09-26 00:00:00,2905.965588
2018-09-25 00:00:00,2915.564284
2018-09-24 00:00:00,2919.373149
2018-09-21 00:00:00,2929.667196
2018-09-20 00:00:00,2930.746152
2018-09-19 00:00:00,2907.945394
2018-09-18 00:00:00,2904.310646
2018-09-17 00:00:00,2888.801145
2018-09-14 00:00:00,2904.975385
2018-09-13 00:00:00,2904.18386
2018-09-12 00:00:00,2888.916655
2018-09-11 00:00:00,2887.893797
2018-09-10 00:00:00,2877.126146
2018-09-07 00:00:00,2871.681528
2018-09-06 00:00:00,2878.052433
2018-09-05 00:00:00,2888.601799
2018-09-04 00:00:00,2896.723286
2018-08-31 00:00:00,2901.517677
2018-08-30 00:00:00,2901.126596
2018-08-29 00:00:00,2914.041365
2018-08-28 00:00:00,2897.522045
2018-08-27 00:00:00,2896.735635
2018-08-24 00:00:00,2874.689144
2018-08-23 00:00:00,2856.980541
2018-08-22 00:00:00,2861.82463
2018-08-21 00:00:00,2862.956988
2018-08-20 00:00:00,2857.054007
2018-08-17 00:00:00,2850.131612
2018-08-16 00:00:00,2840.687972
2018-08-15 00:00:00,2818.37302
2018-08-14 00:00:00,2839.955391
2018-08-13 00:00:00,2821.928234
2018-08-10 00:00:00,2833.283632
2018-08-09 00:00:00,2853.583948
2018-08-08 00:00:00,2857.704495
2018-08-07 00:00:00,2858.451509
2018-08-06 00:00:00,2850.396578
2018-08-03 00:00:00,2840.353554
2018-08-02 00:00:00,2827.218258
2018-08-01 00:00:00,2813.364909
2018-07-31 00:00:00,2816.288631
2018-07-30 00:00:00,2802.601446
2018-07-27 00:00:00,2818.817626
2018-07-26 00:00:00,2837.439986
2018-07-25 00:00:00,2846.067043
2018-07-24 00:00:00,2820.40413
2018-07-23 00:00:00,2806.982899
2018-07-20 00:00:00,2801.828088
2018-07-19 00:00:00,2804.493414
2018-07-18 00:00:00,2815.619784
2018-07-17 00:00:00,2809.551622
2018-07-16 00:00:00,2798.434604
2018-07-13 00:00:00,2801.311373
2018-07-12 00:00:00,2798.286922
2018-07-11 00:00:00,2774.017478
2018-07-10 00:00:00,2793.839151
2018-07-09 00:00:00,2784.17324
2018-07-06 00:00:00,2759.821916
2018-07-05 00:00:00,2736.612571
2018-07-03 00:00:00,2713.220886
2018-07-02 00:00:00,2726.713764
2018-06-29 00:00:00,2718.373465
2018-06-28 00:00:00,2716.309936
2018-06-27 00:00:00,2699.626203
2018-06-26 00:00:00,2723.058886
2018-06-25 00:00:00,2717.074218
2018-06-22 00:00:00,2754.876995
2018-06-21 00:00:00,2749.757969
2018-06-20 00:00:00,2767.317905
2018-06-19 00:00:00,2762.594647
2018-06-18 00:00:00,2773.745041
2018-06-15 00:00:00,2779.663027
2018-06-14 00:00:00,2782.489406
2018-06-13 00:00:00,2775.626751
2018-06-12 00:00:00,2786.852473
2018-06-11 00:00:00,2782.00486
2018-06-08 00:00:00,2779.028591
2018-06-07 00:00:00,2770.372047
2018-06-06 00:00:00,2772.345785
2018-06-05 00:00:00,2748.795186
2018-06-04 00:00:00,2746.871114
2018-06-01 00:00:00,2734.618855
2018-05-31 00:00:00,2705.274752
2018-05-30 00:00:00,2724.009911
2018-05-29 00:00:00,2689.857249
2018-05-25 00:00:00,2721.327956
2018-05-24 00:00:00,2727.763195
2018-05-23 00:00:00,2733.289269
2018-05-22 00:00:00,2724.444041
2018-05-21 00:00:00,2733.01082
2018-05-18 00:00:00,2712.974714
2018-05-17 00:00:00,2720.127207
2018-05-16 00:00:00,2722.462297
2018-05-15 00:00:00,2711.445524
2018-05-14 00:00:00,2730.132457
2018-05-11 00:00:00,2727.715928
2018-05-10 00:00:00,2723.068903
2018-05-09 00:00:00,2697.791549
2018-05-08 00:00:00,2671.918262
2018-05-07 00:00:00,2672.628498
2018-05-04 00:00:00,2663.420337
2018-05-03 00:00:00,2629.725615
2018-05-02 00:00:00,2635.668547
2018-05-01 00:00:00,2654.800652
2018-04-30 00:00:00,2648.049365
2018-04-27 00:00:00,2669.906272
2018-04-26 00:00:00,2666.942784
2018-04-25 00:00:00,2639.395027
2018-04-24 00:00:00,2634.556452
2018-04-23 00:00:00,2670.290482
2018-04-20 00:00:00,2670.141756
2018-04-19 00:00:00,2693.12573
2018-04-18 00:00:00,2708.638953
2018-04-17 00:00:00,2706.385087
2018-04-16 00:00:00,2677.839563
2018-04-13 00:00:00,2656.296906
2018-04-12 00:00:00,2663.9948
2018-04-11 00:00:00,2642.190211
2018-04-10 00:00:00,2656.867981
2018-04-09 00:00:00,2613.158839
2018-04-06 00:00:00,2604.469385
2018-04-05 00:00:00,2662.836242
2018-04-04 00:00:00,2644.687961
2018-04-03 00:00:00,2614.445671
2018-04-02 00:00:00,2581.88161
2018-03-29 00:00:00,2640.86599
2018-03-28 00:00:00,2604.997497
2018-03-27 00:00:00,2612.624597
2018-03-26 00:00:00,2658.554182
2018-03-23 00:00:00,2588.262792
2018-03-22 00:00:00,2643.692182
2018-03-21 00:00:00,2711.928088
2018-03-20 00:00:00,2716.942235
2018-03-19 00:00:00,2712.917368
2018-03-16 00:00:00,2752.011788
2018-03-15 00:00:00,2747.32985
2018-03-14 00:00:00,2749.482269
2018-03-13 00:00:00,2765.309453
2018-03-12 00:00:00,2783.019263
2018-03-09 00:00:00,2786.565103
2018-03-08 00:00:00,2738.96943
2018-03-07 00:00:00,2726.801369
2018-03-06 00:00:00,2728.122
2018-03-05 00:00:00,2720.940897
2018-03-02 00:00:00,2691.252769
2018-03-01 00:00:00,2677.670936
2018-02-28 00:00:00,2713.830539
2018-02-27 00:00:00,2744.280691
2018-02-26 00:00:00,2779.595974
2018-02-23 00:00:00,2747.298549
2018-02-22 00:00:00,2703.961257
2018-02-21 00:00:00,2701.328793
2018-02-20 00:00:00,2716.255542
2018-02-16 00:00:00,2732.219837
2018-02-15 00:00:00,2731.204141
2018-02-14 00:00:00,2698.633663
2018-02-13 00:00:00,2662.942903
2018-02-12 00:00:00,2655.997527
2018-02-09 00:00:00,2619.545595
2018-02-08 00:00:00,2580.999481
2018-02-07 00:00:00,2681.660135
2018-02-06 00:00:00,2695.144239
2018-02-05 00:00:00,2648.939082
2018-02-02 00:00:00,2762.125334
2018-02-01 00:00:00,2821.975893
2018-01-31 00:00:00,2823.809937
2018-01-30 00:00:00,2822.433948
2018-01-29 00:00:00,2853.528411
2018-01-26 00:00:00,2872.867839
2018-01-25 00:00:00,2839.253031
2018-01-24 00:00:00,2837.544008
2018-01-23 00:00:00,2839.130362
2018-01-22 00:00:00,2832.9741
2018-01-19 00:00:00,2810.302683
2018-01-18 00:00:00,2798.030257
2018-01-17 00:00:00,2802.555574
2018-01-16 00:00:00,2776.420024
2018-01-12 00:00:00,2786.244143
2018-01-11 00:00:00,2767.558142
2018-01-10 00:00:00,2748.22549
2018-01-09 00:00:00,2751.285249
2018-01-08 00:00:00,2747.710233
2018-01-05 00:00:00,2743.147773
2018-01-04 00:00:00,2723.992595
2018-01-03 00:00:00,2713.061006
2018-01-02 00:00:00,2695.809772
2017-12-29 00:00:00,2673.610523
2017-12-28 00:00:00,2687.537829
2017-12-27 00:00:00,2682.619923
2017-12-26 00:00:00,2680.504486
2017-12-22 00:00:00,2683.337274
2017-12-21 00:00:00,2684.569176
2017-12-20 00:00:00,2679.248085
2017-12-19 00:00:00,2681.473629
2017-12-18 00:00:00,2690.158251
2017-12-15 00:00:00,2675.807981
2017-12-14 00:00:00,2652.012444
2017-12-13 00:00:00,2662.845188
2017-12-12 00:00:00,2664.105729
2017-12-11 00:00:00,2659.98965
2017-12-08 00:00:00,2651.501
2017-12-07 00:00:00,2636.976494
2017-12-06 00:00:00,2629.266914
2017-12-05 00:00:00,2629.570845
2017-12-04 00:00:00,2639.437048
2017-12-01 00:00:00,2642.215765
2017-11-30 00:00:00,2647.579927
2017-11-29 00:00:00,2626.066195
2017-11-28 00:00:00,2627.044025
2017-11-27 00:00:00,2601.423891
2017-11-24 00:00:00,2602.424708
2017-11-22 00:00:00,2597.077203
2017-11-21 00:00:00,2599.029193
2017-11-20 00:00:00,2582.141589
2017-11-17 00:00:00,2578.854324
2017-11-16 00:00:00,2585.643164
2017-11-15 00:00:00,2564.62051
2017-11-14 00:00:00,2578.871824
2017-11-13 00:00:00,2584.844826
2017-11-10 00:00:00,2582.300039
2017-11-09 00:00:00,2584.621274
2017-11-08 00:00:00,2594.375209
2017-11-07 00:00:00,2590.641757
2017-11-06 00:00:00,2591.128442
2017-11-03 00:00:00,2587.836057
2017-11-02 00:00:00,2579.851652
2017-11-01 00:00:00,2579.35585
2017-10-31 00:00:00,2575.26383
2017-10-30 00:00:00,2572.833603
2017-10-27 00:00:00,2581.065703
2017-10-26 00:00:00,2560.399195
2017-10-25 00:00:00,2557.150985
2017-10-24 00:00:00,2569.13426
2017-10-23 00:00:00,2564.978524
2017-10-20 00:00:00,2575.205878
2017-10-19 00:00:00,2562.103755
2017-10-18 00:00:00,2561.264453
2017-10-17 00:00:00,2559.356311
2017-10-16 00:00:00,2557.639738
2017-10-13 00:00:00,2553.169373
2017-10-12 00:00:00,2550.933009
2017-10-11 00:00:00,2555.240789
2017-10-10 00:00:00,2550.642433
2017-10-09 00:00:00,2544.728577
2017-10-06 00:00:00,2549.331509
2017-10-05 00:00:00,2552.065399
2017-10-04 00:00:00,2537.74124
2017-10-03 00:00:00,2534.579683
2017-10-02 00:00:00,2529.115299
2017-09-29 00:00:00,2519.359672
2017-09-28 00:00:00,2510.061992
2017-09-27 00:00:00,2507.043281
2017-09-26 00:00:00,2496.840894
2017-09-25 00:00:00,2496.66059
2017-09-22 00:00:00,2502.222225
2017-09-21 00:00:00,2500.602617
2017-09-20 00:00:00,2508.236048
2017-09-19 00:00:00,2506.647935
2017-09-18 00:00:00,2503.869556
2017-09-15 00:00:00,2500.225858
2017-09-14 00:00:00,2495.619154
2017-09-13 00:00:00,2498.370815
2017-09-12 00:00:00,2496.48362
2017-09-11 00:00:00,2488.107965
2017-09-08 00:00:00,2461.433644
2017-09-07 00:00:00,2465.102136
2017-09-06 00:00:00,2465.543623
2017-09-05 00:00:00,2457.849871
2017-09-01 00:00:00,2476.552389
2017-08-31 00:00:00,2471.650208
2017-08-30 00:00:00,2457.585812
2017-08-29 00:00:00,2446.295524
2017-08-28 00:00:00,2444.240315
2017-08-25 00:00:00,2443.045798
2017-08-24 00:00:00,2438.96812
2017-08-23 00:00:00,2444.043245
2017-08-22 00:00:00,2452.510273
2017-08-21 00:00:00,2428.367986
2017-08-18 00:00:00,2425.55217
2017-08-17 00:00:00,2430.007878
2017-08-16 00:00:00,2468.10726
2017-08-15 00:00:00,2464.609993
2017-08-14 00:00:00,2465.835812
2017-08-11 00:00:00,2441.320241
2017-08-10 00:00:00,2438.20971
2017-08-09 00:00:00,2474.01708
2017-08-08 00:00:00,2474.918841
2017-08-07 00:00:00,2480.912021
2017-08-04 00:00:00,2476.830997
2017-08-03 00:00:00,2472.157628
2017-08-02 00:00:00,2477.568097
2017-08-01 00:00:00,2476.34721
2017-07-31 00:00:00,2470.300025
2017-07-28 00:00:00,2472.098537
2017-07-27 00:00:00,2475.420891
2017-07-26 00:00:00,2477.830511
2017-07-25 00:00:00,2477.12537
2017-07-24 00:00:00,2469.911917
2017-07-21 00:00:00,2472.535854
2017-07-20 00:00:00,2473.449383
2017-07-19 00:00:00,2473.827785
2017-07-18 00:00:00,2460.610443
2017-07-17 00:00:00,2459.140719
2017-07-14 00:00:00,2459.270991
2017-07-13 00:00:00,2447.834276
2017-07-12 00:00:00,2443.251177
2017-07-11 00:00:00,2425.526214
2017-07-10 00:00:00,2427.434488
2017-07-07 00:00:00,2425.176961
2017-07-06 00:00:00,2409.74978
2017-07-05 00:00:00,2432.54234
2017-07-03 00:00:00,2429.014879
2017-06-30 00:00:00,2423.408891
2017-06-29 00:00:00,2419.697111
2017-06-28 00:00:00,2440.690329
2017-06-27 00:00:00,2419.375862
2017-06-26 00:00:00,2439.065477
2017-06-23 00:00:00,2438.296912
2017-06-22 00:00:00,2434.497409
2017-06-21 00:00:00,2435.611685
2017-06-20 00:00:00,2437.028134
2017-06-19 00:00:00,2453.458604
2017-06-16 00:00:00,2433.150829
2017-06-15 00:00:00,2432.459127
2017-06-14 00:00:00,2437.920481
2017-06-13 00:00:00,2440.347496
2017-06-12 00:00:00,2429.391256
2017-06-09 00:00:00,2431.772365
2017-06-08 00:00:00,2433.790631
2017-06-07 00:00:00,2433.13743
2017-06-06 00:00:00,2429.327257
2017-06-05 00:00:00,2436.096196
2017-06-02 00:00:00,2439.07025
2017-06-01 00:00:00,2430.061071
2017-05-31 00:00:00,2411.797324
2017-05-30 00:00:00,2412.906567
2017-05-26 00:00:00,2415.82248
2017-05-25 00:00:00,2415.065703
2017-05-24 00:00:00,2404.387022
2017-05-23 00:00:00,2398.418602
2017-05-22 00:00:00,2394.024077
2017-05-19 00:00:00,2381.726704
2017-05-18 00:00:00,2365.723963
2017-05-17 00:00:00,2357.032167
2017-05-16 00:00:00,2400.674169
2017-05-15 00:00:00,2402.320282
2017-05-12 00:00:00,2390.897226
2017-05-11 00:00:00,2394.439798
2017-05-10 00:00:00,2399.629959
2017-05-09 00:00:00,2396.919424
2017-05-08 00:00:00,2399.377329
2017-05-05 00:00:00,2399.28571
2017-05-04 00:00:00,2389.521661
2017-05-03 00:00:00,2388.134893
2017-05-02 00:00:00,2391.165942
2017-05-01 00:00:00,2388.327185
2017-04-28 00:00:00,2384.195518
2017-04-27 00:00:00,2388.768836
2017-04-26 00:00:00,2387.447931
2017-04-25 00:00:00,2388.614925
2017-04-24 00:00:00,2374.150691
2017-04-21 00:00:00,2348.694958
2017-04-20 00:00:00,2355.84408
2017-04-19 00:00:00,2338.165988
2017-04-18 00:00:00,2342.187831
2017-04-17 00:00:00,2349.010221
2017-04-13 00:00:00,2328.953347
2017-04-12 00:00:00,2344.926332
2017-04-11 00:00:00,2353.776992
2017-04-10 00:00:00,2357.163381
2017-04-07 00:00:00,2355.544992
2017-04-06 00:00:00,2357.48907
2017-04-05 00:00:00,2352.948191
2017-04-04 00:00:00,2360.155691
2017-04-03 00:00:00,2358.83509
2017-03-31 00:00:00,2362.71822
2017-03-30 00:00:00,2368.060568
2017-03-29 00:00:00,2361.132961
2017-03-28 00:00:00,2358.566462
2017-03-27 00:00:00,2341.590595
2017-03-24 00:00:00,2343.97814
2017-03-23 00:00:00,2345.962163
2017-03-22 00:00:00,2348.448836
2017-03-21 00:00:00,2344.017119
2017-03-20 00:00:00,2373.471609
2017-03-17 00:00:00,2378.253051
2017-03-16 00:00:00,2381.382248
2017-03-15 00:00:00,2385.264465
2017-03-14 00:00:00,2365.454896
2017-03-13 00:00:00,2373.472982
2017-03-10 00:00:00,2372.597752
2017-03-09 00:00:00,2364.869787
2017-03-08 00:00:00,2362.976996
2017-03-07 00:00:00,2368.39421
2017-03-06 00:00:00,2375.311124
2017-03-03 00:00:00,2383.117037
2017-03-02 00:00:00,2381.918207
2017-03-01 00:00:00,2395.957142
2017-02-28 00:00:00,2363.638197
2017-02-27 00:00:00,2369.750293
2017-02-24 00:00:00,2367.344247
2017-02-23 00:00:00,2363.806651
2017-02-22 00:00:00,2362.821526
2017-02-21 00:00:00,2365.382724
2017-02-17 00:00:00,2351.161699
2017-02-16 00:00:00,2347.223539
2017-02-15 00:00:00,2349.247409
2017-02-14 00:00:00,2337.584574
2017-02-13 00:00:00,2328.253265
2017-02-10 00:00:00,2316.09707
2017-02-09 00:00:00,2307.874649
2017-02-08 00:00:00,2294.668614
2017-02-07 00:00:00,2293.081079
2017-02-06 00:00:00,2292.558386
2017-02-03 00:00:00,2297.415857
2017-02-02 00:00:00,2280.850354
2017-02-01 00:00:00,2279.554291
2017-01-31 00:00:00,2278.866891
2017-01-30 00:00:00,2280.896292
2017-01-27 00:00:00,2294.689729
2017-01-26 00:00:00,2296.680836
2017-01-25 00:00:00,2298.367403
2017-01-24 00:00:00,2280.074172
2017-01-23 00:00:00,2265.200206
2017-01-20 00:00:00,2271.314729
2017-01-19 00:00:00,2263.68678
2017-01-18 00:00:00,2271.889369
2017-01-17 00:00:00,2267.888634
2017-01-13 00:00:00,2274.637743
2017-01-12 00:00:00,2270.442867
2017-01-11 00:00:00,2275.315878
2017-01-10 00:00:00,2268.899452
2017-01-09 00:00:00,2268.904213
2017-01-06 00:00:00,2276.981445
2017-01-05 00:00:00,2268.998505
2017-01-04 00:00:00,2270.75253
2017-01-03 00:00:00,2257.828026
2016-12-30 00:00:00,2238.826682
2016-12-29 00:00:00,2249.256769
2016-12-28 00:00:00,2249.922616
2016-12-27 00:00:00,2268.875498
2016-12-23 00:00:00,2263.788659
2016-12-22 00:00:00,2260.957189
2016-12-21 00:00:00,2265.179919
2016-12-20 00:00:00,2270.761667
2016-12-19 00:00:00,2262.532233
2016-12-16 00:00:00,2258.072402
2016-12-15 00:00:00,2262.031173
2016-12-14 00:00:00,2253.278626
2016-12-13 00:00:00,2271.72083
2016-12-12 00:00:00,2256.963205
2016-12-09 00:00:00,2259.528677
2016-12-08 00:00:00,2246.187804
2016-12-07 00:00:00,2241.354644
2016-12-06 00:00:00,2212.230777
2016-12-05 00:00:00,2204.705387
2016-12-02 00:00:00,2191.953667
2016-12-01 00:00:00,2191.082957
2016-11-30 00:00:00,2198.810449
2016-11-29 00:00:00,2204.661663
2016-11-28 00:00:00,2201.720499
2016-11-25 00:00:00,2213.348568
2016-11-23 00:00:00,2204.72294
2016-11-22 00:00:00,2202.93682
2016-11-21 00:00:00,2198.182707
2016-11-18 00:00:00,2181.901787
2016-11-17 00:00:00,2187.12109
2016-11-16 00:00:00,2176.940903
2016-11-15 00:00:00,2180.388827
2016-11-14 00:00:00,2164.203301
2016-11-11 00:00:00,2164.45075
2016-11-10 00:00:00,2167.47813
2016-11-09 00:00:00,2163.257903
2016-11-08 00:00:00,2139.563009
2016-11-07 00:00:00,2131.523568
2016-11-04 00:00:00,2085.176377
2016-11-03 00:00:00,2088.663594
2016-11-02 00:00:00,2097.943771
2016-11-01 00:00:00,2111.722588
2016-10-31 00:00:00,2126.153297
2016-10-28 00:00:00,2126.407565
2016-10-27 00:00:00,2133.035495
2016-10-26 00:00:00,2139.426974
2016-10-25 00:00:00,2143.159711
2016-10-24 00:00:00,2151.332638
2016-10-21 00:00:00,2141.161911
2016-10-20 00:00:00,2141.343911
2016-10-19 00:00:00,2144.290289
2016-10-18 00:00:00,2139.604084
2016-10-17 00:00:00,2126.503339
2016-10-14 00:00:00,2132.978465
2016-10-13 00:00:00,2132.546492
2016-10-12 00:00:00,2139.176401
2016-10-11 00:00:00,2136.72619
2016-10-10 00:00:00,2163.660695
2016-10-07 00:00:00,2153.739363
2016-10-06 00:00:00,2160.771826
2016-10-05 00:00:00,2159.727998
2016-10-04 00:00:00,2150.4896
2016-10-03 00:00:00,2161.196687
2016-09-30 00:00:00,2168.27209
2016-09-29 00:00:00,2151.131485
2016-09-28 00:00:00,2171.369332
2016-09-27 00:00:00,2159.928023
2016-09-26 00:00:00,2146.097367
2016-09-23 00:00:00,2164.694808
2016-09-22 00:00:00,2177.182249
2016-09-21 00:00:00,2163.117591
2016-09-20 00:00:00,2139.756814
2016-09-19 00:00:00,2139.115361
2016-09-16 00:00:00,2139.164603
2016-09-15 00:00:00,2147.262036
2016-09-14 00:00:00,2125.769541
2016-09-13 00:00:00,2127.020375
2016-09-12 00:00:00,2159.039716
2016-09-09 00:00:00,2127.805574
2016-09-08 00:00:00,2181.29955
2016-09-07 00:00:00,2186.158728
2016-09-06 00:00:00,2186.476739
2016-09-02 00:00:00,2179.984203
2016-09-01 00:00:00,2170.863259
2016-08-31 00:00:00,2170.946958
2016-08-30 00:00:00,2176.122646
2016-08-29 00:00:00,2180.377409
2016-08-26 00:00:00,2169.040232
2016-08-25 00:00:00,2172.465632
2016-08-24 00:00:00,2175.437011
2016-08-23 00:00:00,2186.901799
2016-08-22 00:00:00,2182.639548
2016-08-19 00:00:00,2183.868155
2016-08-18 00:00:00,2187.024885
2016-08-17 00:00:00,2182.218889
2016-08-16 00:00:00,2178.149455
2016-08-15 00:00:00,2190.149416
2016-08-12 00:00:00,2184.05094
2016-08-11 00:00:00,2185.7931
2016-08-10 00:00:00,2175.486524
2016-08-09 00:00:00,2181.735676
2016-08-08 00:00:00,2180.885151
2016-08-05 00:00:00,2182.868375
2016-08-04 00:00:00,2164.252115
2016-08-03 00:00:00,2163.793674
2016-08-02 00:00:00,2157.028649
2016-08-01 00:00:00,2170.836391
2016-07-29 00:00:00,2173.60386
2016-07-28 00:00:00,2170.05626
2016-07-27 00:00:00,2166.580421
2016-07-26 00:00:00,2169.175192
2016-07-25 00:00:00,2168.479074
2016-07-22 00:00:00,2175.029062
2016-07-21 00:00:00,2165.168298
2016-07-20 00:00:00,2173.017212
2016-07-19 00:00:00,2163.781099
2016-07-18 00:00:00,2166.890525
2016-07-15 00:00:00,2161.741334
2016-07-14 00:00:00,2163.747536
2016-07-13 00:00:00,2152.425657
2016-07-12 00:00:00,2152.141399
2016-07-11 00:00:00,2137.159722
2016-07-08 00:00:00,2129.897982
2016-07-07 00:00:00,2097.899775
2016-07-06 00:00:00,2099.734291
2016-07-05 00:00:00,2088.546036
2016-07-01 00:00:00,2102.953492
2016-06-30 00:00:00,2098.855227
2016-06-29 00:00:00,2070.771306
2016-06-28 00:00:00,2036.091229
2016-06-27 00:00:00,2000.535254
2016-06-24 00:00:00,2037.405184
2016-06-23 00:00:00,2113.320679
2016-06-22 00:00:00,2085.449723
2016-06-21 00:00:00,2088.899548
2016-06-20 00:00:00,2083.249031
2016-06-17 00:00:00,2071.219695
2016-06-16 00:00:00,2077.993889
2016-06-15 00:00:00,2071.502283
2016-06-14 00:00:00,2075.315958
2016-06-13 00:00:00,2079.05898
2016-06-10 00:00:00,2096.071013
2016-06-09 00:00:00,2115.477756
2016-06-08 00:00:00,2119.118269
2016-06-07 00:00:00,2112.127072
2016-06-06 00:00:00,2109.406845
2016-06-03 00:00:00,2099.128574
2016-06-02 00:00:00,2105.264341
2016-06-01 00:00:00,2099.329995
2016-05-31 00:00:00,2096.964195
2016-05-27 00:00:00,2099.060461
2016-05-26 00:00:00,2090.100975
2016-05-25 00:00:00,2090.543004
2016-05-24 00:00:00,2076.057817
2016-05-23 00:00:00,2048.043279
2016-05-20 00:00:00,2052.318053
2016-05-19 00:00:00,2040.03989
2016-05-18 00:00:00,2047.627231
2016-05-17 00:00:00,2047.205813
2016-05-16 00:00:00,2066.657161
2016-05-13 00:00:00,2046.612923
2016-05-12 00:00:00,2064.107466
2016-05-11 00:00:00,2064.461903
2016-05-10 00:00:00,2084.386123
2016-05-09 00:00:00,2058.691066
2016-05-06 00:00:00,2057.142421
2016-05-05 00:00:00,2050.628742
2016-05-04 00:00:00,2051.121262
2016-05-03 00:00:00,2063.366854
2016-05-02 00:00:00,2081.430217
2016-04-29 00:00:00,2065.296301
2016-04-28 00:00:00,2075.810663
2016-04-27 00:00:00,2095.154394
2016-04-26 00:00:00,2091.698545
2016-04-25 00:00:00,2087.79447
2016-04-22 00:00:00,2091.580102
2016-04-21 00:00:00,2091.483661
2016-04-20 00:00:00,2102.396655
2016-04-19 00:00:00,2100.798733
2016-04-18 00:00:00,2094.340331
2016-04-15 00:00:00,2080.732965
2016-04-14 00:00:00,2082.783091
2016-04-13 00:00:00,2082.420642
2016-04-12 00:00:00,2061.718447
2016-04-11 00:00:00,2041.986045
2016-04-08 00:00:00,2047.597132
2016-04-07 00:00:00,2041.911942
2016-04-06 00:00:00,2066.664819
2016-04-05 00:00:00,2045.166795
2016-04-04 00:00:00,2066.129403
2016-04-01 00:00:00,2072.779072
2016-03-31 00:00:00,2059.741177
2016-03-30 00:00:00,2063.945573
2016-03-29 00:00:00,2055.013633
2016-03-28 00:00:00,2037.049469
2016-03-24 00:00:00,2035.935906
2016-03-23 00:00:00,2036.712761
2016-03-22 00:00:00,2049.803503
2016-03-21 00:00:00,2051.600232
2016-03-18 00:00:00,2049.576777
2016-03-17 00:00:00,2040.591153
2016-03-16 00:00:00,2027.217393
2016-03-15 00:00:00,2015.927925
2016-03-14 00:00:00,2019.64013
2016-03-11 00:00:00,2022.189572
2016-03-10 00:00:00,1989.568288
2016-03-09 00:00:00,1989.264995
2016-03-08 00:00:00,1979.260718
2016-03-07 00:00:00,2001.758848
2016-03-04 00:00:00,1999.987226
2016-03-03 00:00:00,1993.40214
2016-03-02 00:00:00,1986.454786
2016-03-01 00:00:00,1978.348116
2016-02-29 00:00:00,1932.226395
2016-02-26 00:00:00,1948.053851
2016-02-25 00:00:00,1951.700665
2016-02-24 00:00:00,1929.797675
2016-02-23 00:00:00,1921.268441
2016-02-22 00:00:00,1945.50004
2016-02-19 00:00:00,1917.783612
2016-02-18 00:00:00,1917.8338
2016-02-17 00:00:00,1926.825
2016-02-16 00:00:00,1895.57737
2016-02-12 00:00:00,1864.77533
2016-02-11 00:00:00,1829.078346
2016-02-10 00:00:00,1851.863046
2016-02-09 00:00:00,1852.209817
2016-02-08 00:00:00,1853.435019
2016-02-05 00:00:00,1880.053933
2016-02-04 00:00:00,1915.446792
2016-02-03 00:00:00,1912.533608
2016-02-02 00:00:00,1903.031513
2016-02-01 00:00:00,1939.379316
2016-01-29 00:00:00,1940.239678
2016-01-28 00:00:00,1893.356708
2016-01-27 00:00:00,1882.946265
2016-01-26 00:00:00,1903.630648
2016-01-25 00:00:00,1877.077571
2016-01-22 00:00:00,1906.904076
2016-01-21 00:00:00,1868.986317
2016-01-20 00:00:00,1859.328462
2016-01-19 00:00:00,1881.333244
2016-01-15 00:00:00,1880.327796
2016-01-14 00:00:00,1921.835761
2016-01-13 00:00:00,1890.278915
2016-01-12 00:00:00,1938.678932
2016-01-11 00:00:00,1923.674821
2016-01-08 00:00:00,1922.034793
2016-01-07 00:00:00,1943.093702
2016-01-06 00:00:00,1990.262293
2016-01-05 00:00:00,2016.714427
2016-01-04 00:00:00,2012.659371
2015-12-31 00:00:00,2043.936863
2015-12-30 00:00:00,2063.355215
2015-12-29 00:00:00,2078.361866
2015-12-28 00:00:00,2056.500744
2015-12-24 00:00:00,2060.9883
2015-12-23 00:00:00,2064.292049
2015-12-22 00:00:00,2038.967536
2015-12-21 00:00:00,2021.149974
2015-12-18 00:00:00,2005.549717
2015-12-17 00:00:00,2041.887885
2015-12-16 00:00:00,2073.066147
2015-12-15 00:00:00,2043.409036
2015-12-14 00:00:00,2021.939553
2015-12-11 00:00:00,2012.373698
2015-12-10 00:00:00,2052.232346
2015-12-09 00:00:00,2047.623191
2015-12-08 00:00:00,2063.593644
2015-12-07 00:00:00,2077.071597
2015-12-04 00:00:00,2091.687424
2015-12-03 00:00:00,2049.615627
2015-12-02 00:00:00,2079.506221
2015-12-01 00:00:00,2102.63267
2015-11-30 00:00:00,2080.406829
2015-11-27 00:00:00,2090.106776
2015-11-25 00:00:00,2088.872578
2015-11-24 00:00:00,2089.139916
2015-11-23 00:00:00,2086.589974
2015-11-20 00:00:00,2089.166223
2015-11-19 00:00:00,2081.237696
2015-11-18 00:00:00,2083.581012
2015-11-17 00:00:00,2050.435873
2015-11-16 00:00:00,2053.185002
2015-11-13 00:00:00,2023.039433
2015-11-12 00:00:00,2045.965566
2015-11-11 00:00:00,2075.003167
2015-11-10 00:00:00,2081.717187
2015-11-09 00:00:00,2078.579996
2015-11-06 00:00:00,2099.20349
2015-11-05 00:00:00,2099.929145
2015-11-04 00:00:00,2102.313682
2015-11-03 00:00:00,2109.787523
2015-11-02 00:00:00,2104.049047
2015-10-30 00:00:00,2079.359837
2015-10-29 00:00:00,2089.407402
2015-10-28 00:00:00,2090.353881
2015-10-27 00:00:00,2065.892288
2015-10-26 00:00:00,2071.18152
2015-10-23 00:00:00,2075.151278
2015-10-22 00:00:00,2052.508826
2015-10-21 00:00:00,2018.941033
2015-10-20 00:00:00,2030.767164
2015-10-19 00:00:00,2033.664405
2015-10-16 00:00:00,2033.110397
2015-10-15 00:00:00,2023.861784
2015-10-14 00:00:00,1994.242371
2015-10-13 00:00:00,2003.690286
2015-10-12 00:00:00,2017.456225
2015-10-09 00:00:00,2014.892646
2015-10-08 00:00:00,2013.430898
2015-10-07 00:00:00,1995.826482
2015-10-06 00:00:00,1979.915048
2015-10-05 00:00:00,1987.054144
2015-10-02 00:00:00,1951.359831
2015-10-01 00:00:00,1923.820054
2015-09-30 00:00:00,1920.026552
2015-09-29 00:00:00,1884.085182
2015-09-28 00:00:00,1881.768971
2015-09-25 00:00:00,1931.339903
2015-09-24 00:00:00,1932.241174
2015-09-23 00:00:00,1938.759286
2015-09-22 00:00:00,1942.744127
2015-09-21 00:00:00,1966.970272
2015-09-18 00:00:00,1958.032829
2015-09-17 00:00:00,1990.204274
2015-09-16 00:00:00,1995.310709
2015-09-15 00:00:00,1978.086651
2015-09-14 00:00:00,1953.026084
2015-09-11 00:00:00,1961.045672
2015-09-10 00:00:00,1952.286808
2015-09-09 00:00:00,1942.037814
2015-09-08 00:00:00,1969.414512
2015-09-04 00:00:00,1921.224403
2015-09-03 00:00:00,1951.12778
2015-09-02 00:00:00,1948.862603
2015-09-01 00:00:00,1913.852695
2015-08-31 00:00:00,1972.184689
2015-08-28 00:00:00,1988.871407
2015-08-27 00:00:00,1987.662492
2015-08-26 00:00:00,1940.510717
2015-08-25 00:00:00,1867.610925
2015-08-24 00:00:00,1893.213939
2015-08-21 00:00:00,1970.889065
2015-08-20 00:00:00,2035.734144
2015-08-19 00:00:00,2079.610657
2015-08-18 00:00:00,2096.919371
2015-08-17 00:00:00,2102.43635
2015-08-14 00:00:00,2091.543641
2015-08-13 00:00:00,2083.387304
2015-08-12 00:00:00,2086.046437
2015-08-11 00:00:00,2084.073508
2015-08-10 00:00:00,2104.182503
2015-08-07 00:00:00,2077.568417
2015-08-06 00:00:00,2083.558517
2015-08-05 00:00:00,2099.842222
2015-08-04 00:00:00,2093.323917
2015-08-03 00:00:00,2098.039663
2015-07-31 00:00:00,2103.835365
2015-07-30 00:00:00,2108.629954
2015-07-29 00:00:00,2108.568564
2015-07-28 00:00:00,2093.253343
2015-07-27 00:00:00,2067.641826
2015-07-24 00:00:00,2079.649213
2015-07-23 00:00:00,2102.147984
2015-07-22 00:00:00,2114.151238
2015-07-21 00:00:00,2119.209951
2015-07-20 00:00:00,2128.283567
2015-07-17 00:00:00,2126.643944
2015-07-16 00:00:00,2124.286459
2015-07-15 00:00:00,2107.403048
2015-07-14 00:00:00,2108.954968
2015-07-13 00:00:00,2099.599193
2015-07-10 00:00:00,2076.618352
2015-07-09 00:00:00,2051.311358
2015-07-08 00:00:00,2046.684033
2015-07-07 00:00:00,2081.340934
2015-07-06 00:00:00,2068.756646
2015-07-02 00:00:00,2076.7757
2015-07-01 00:00:00,2077.424342
2015-06-30 00:00:00,2063.111832
2015-06-29 00:00:00,2057.641092
2015-06-26 00:00:00,2101.487387
2015-06-25 00:00:00,2102.312056
2015-06-24 00:00:00,2108.578059
2015-06-23 00:00:00,2124.198475
2015-06-22 00:00:00,2122.846789
2015-06-19 00:00:00,2109.988278
2015-06-18 00:00:00,2121.235411
2015-06-17 00:00:00,2100.443721
2015-06-16 00:00:00,2096.292369
2015-06-15 00:00:00,2084.425284
2015-06-12 00:00:00,2094.105654
2015-06-11 00:00:00,2108.856197
2015-06-10 00:00:00,2105.202267
2015-06-09 00:00:00,2080.152076
2015-06-08 00:00:00,2079.280385
2015-06-05 00:00:00,2092.830948
2015-06-04 00:00:00,2095.844084
2015-06-03 00:00:00,2114.067374
2015-06-02 00:00:00,2109.597193
2015-06-01 00:00:00,2111.731556
2015-05-29 00:00:00,2107.389578
2015-05-28 00:00:00,2120.789762
2015-05-27 00:00:00,2123.475869
2015-05-26 00:00:00,2104.199373
2015-05-22 00:00:00,2126.061409
2015-05-21 00:00:00,2130.816895
2015-05-20 00:00:00,2125.848764
2015-05-19 00:00:00,2127.825059
2015-05-18 00:00:00,2129.203905
2015-05-15 00:00:00,2122.73413
2015-05-14 00:00:00,2121.095224
2015-05-13 00:00:00,2098.477642
2015-05-12 00:00:00,2099.115934
2015-05-11 00:00:00,2105.327543
2015-05-08 00:00:00,2116.095112
2015-05-07 00:00:00,2087.997331
2015-05-06 00:00:00,2080.14505
2015-05-05 00:00:00,2089.460142
2015-05-04 00:00:00,2114.486468
2015-05-01 00:00:00,2108.290281
2015-04-30 00:00:00,2085.513653
2015-04-29 00:00:00,2106.850996
2015-04-28 00:00:00,2114.761541
2015-04-27 00:00:00,2108.921141
2015-04-24 00:00:00,2117.689929
2015-04-23 00:00:00,2112.929
2015-04-22 00:00:00,2107.964078
2015-04-21 00:00:00,2097.288894
2015-04-20 00:00:00,2100.400944
2015-04-17 00:00:00,2081.177754
2015-04-16 00:00:00,2104.985787
2015-04-15 00:00:00,2106.626264
2015-04-14 00:00:00,2095.835355
2015-04-13 00:00:00,2092.429591
2015-04-10 00:00:00,2102.055349
2015-04-09 00:00:00,2091.181172
2015-04-08 00:00:00,2081.903976
2015-04-07 00:00:00,2076.333734
2015-04-06 00:00:00,2080.617762
2015-04-02 00:00:00,2066.964854
2015-04-01 00:00:00,2059.690872
2015-03-31 00:00:00,2067.887241
2015-03-30 00:00:00,2086.237312
2015-03-27 00:00:00,2061.021997
2015-03-26 00:00:00,2056.148808
2015-03-25 00:00:00,2061.047481
2015-03-24 00:00:00,2091.501788
2015-03-23 00:00:00,2104.420117
2015-03-20 00:00:00,2108.097321
2015-03-19 00:00:00,2089.274371
2015-03-18 00:00:00,2099.500714
2015-03-17 00:00:00,2074.276435
2015-03-16 00:00:00,2081.192752
2015-03-13 00:00:00,2053.398256
2015-03-12 00:00:00,2065.95429
2015-03-11 00:00:00,2040.235198
2015-03-10 00:00:00,2044.162631
2015-03-09 00:00:00,2079.425467
2015-03-06 00:00:00,2071.262106
2015-03-05 00:00:00,2101.042053
2015-03-04 00:00:00,2098.533054
2015-03-03 00:00:00,2107.778417
2015-03-02 00:00:00,2117.393335
2015-02-27 00:00:00,2104.503249
2015-02-26 00:00:00,2110.741831
2015-02-25 00:00:00,2113.863515
2015-02-24 00:00:00,2115.483816
2015-02-23 00:00:00,2109.656629
2015-02-20 00:00:00,2110.300899
2015-02-19 00:00:00,2097.449348
2015-02-18 00:00:00,2099.675344
2015-02-17 00:00:00,2100.343249
2015-02-13 00:00:00,2096.987902
2015-02-12 00:00:00,2088.484768
2015-02-11 00:00:00,2068.531977
2015-02-10 00:00:00,2068.592792
2015-02-09 00:00:00,2046.743601
2015-02-06 00:00:00,2055.472242
2015-02-05 00:00:00,2062.521557
2015-02-04 00:00:00,2041.509351
2015-02-03 00:00:00,2050.032802
2015-02-02 00:00:00,2020.849187
2015-01-30 00:00:00,1994.990412
2015-01-29 00:00:00,2021.251638
2015-01-28 00:00:00,2002.156447
2015-01-27 00:00:00,2029.554468
2015-01-26 00:00:00,2057.094406
2015-01-23 00:00:00,2051.821812
2015-01-22 00:00:00,2063.145591
2015-01-21 00:00:00,2032.120289
2015-01-20 00:00:00,2022.546882
2015-01-16 00:00:00,2019.418654
2015-01-15 00:00:00,1992.670276
2015-01-14 00:00:00,2011.272898
2015-01-13 00:00:00,2023.029219
2015-01-12 00:00:00,2028.263822
2015-01-09 00:00:00,2044.8099
2015-01-08 00:00:00,2062.143555
2015-01-07 00:00:00,2025.901051
2015-01-06 00:00:00,2002.613588
2015-01-05 00:00:00,2020.577884
2015-01-02 00:00:00,2058.204779
2014-12-31 00:00:00,2058.902379
2014-12-30 00:00:00,2080.345864
2014-12-29 00:00:00,2090.573863
2014-12-26 00:00:00,2088.766063
2014-12-24 00:00:00,2081.881531
2014-12-23 00:00:00,2082.16766
2014-12-22 00:00:00,2078.536172
2014-12-19 00:00:00,2070.646955
2014-12-18 00:00:00,2061.230119
2014-12-17 00:00:00,2012.88598
2014-12-16 00:00:00,1972.73646
2014-12-15 00:00:00,1989.630763
2014-12-12 00:00:00,2002.33424
2014-12-11 00:00:00,2035.326629
2014-12-10 00:00:00,2026.143456
2014-12-09 00:00:00,2059.816127
2014-12-08 00:00:00,2060.310131
2014-12-05 00:00:00,2075.368193
2014-12-04 00:00:00,2071.915571
2014-12-03 00:00:00,2074.334639
2014-12-02 00:00:00,2066.548624
2014-12-01 00:00:00,2053.44006
2014-11-28 00:00:00,2067.562045
2014-11-26 00:00:00,2072.829493
2014-11-25 00:00:00,2067.034534
2014-11-24 00:00:00,2069.410202
2014-11-21 00:00:00,2063.502445
2014-11-20 00:00:00,2052.752248
2014-11-19 00:00:00,2048.720964
2014-11-18 00:00:00,2051.795799
2014-11-17 00:00:00,2041.318141
2014-11-14 00:00:00,2039.816872
2014-11-13 00:00:00,2039.325825
2014-11-12 00:00:00,2038.252228
2014-11-11 00:00:00,2039.683455
2014-11-10 00:00:00,2038.262678
2014-11-07 00:00:00,2031.921517
2014-11-06 00:00:00,2031.212155
2014-11-05 00:00:00,2023.574653
2014-11-04 00:00:00,2012.095274
2014-11-03 00:00:00,2017.811521
2014-10-31 00:00:00,2018.054503
2014-10-30 00:00:00,1994.654651
2014-10-29 00:00:00,1982.303021
2014-10-28 00:00:00,1985.045626
2014-10-27 00:00:00,1961.630539
2014-10-24 00:00:00,1964.580297
2014-10-23 00:00:00,1950.82208
2014-10-22 00:00:00,1927.110357
2014-10-21 00:00:00,1941.282488
2014-10-20 00:00:00,1904.011425
2014-10-17 00:00:00,1886.76404
2014-10-16 00:00:00,1862.764076
2014-10-15 00:00:00,1862.491138
2014-10-14 00:00:00,1877.698089
2014-10-13 00:00:00,1874.735525
2014-10-10 00:00:00,1906.129683
2014-10-09 00:00:00,1928.207677
2014-10-08 00:00:00,1968.889282
2014-10-07 00:00:00,1935.099111
2014-10-06 00:00:00,1964.824644
2014-10-03 00:00:00,1967.902079
2014-10-02 00:00:00,1946.166829
2014-10-01 00:00:00,1946.160829
2014-09-30 00:00:00,1972.285145
2014-09-29 00:00:00,1977.801067
2014-09-26 00:00:00,1982.845938
2014-09-25 00:00:00,1965.989703
2014-09-24 00:00:00,1998.302154
2014-09-23 00:00:00,1982.765427
2014-09-22 00:00:00,1994.288758
2014-09-19 00:00:00,2010.396724
2014-09-18 00:00:00,2011.363815
2014-09-17 00:00:00,2001.565182
2014-09-16 00:00:00,1998.98141
2014-09-15 00:00:00,1984.13231
2014-09-12 00:00:00,1985.536291
2014-09-11 00:00:00,1997.445968
2014-09-10 00:00:00,1995.692306
2014-09-09 00:00:00,1988.444893
2014-09-08 00:00:00,2001.540733
2014-09-05 00:00:00,2007.711908
2014-09-04 00:00:00,1997.650932
2014-09-03 00:00:00,2000.723632
2014-09-02 00:00:00,2002.284403
2014-08-29 00:00:00,2003.367695
2014-08-28 00:00:00,1996.740451
2014-08-27 00:00:00,2000.117705
2014-08-26 00:00:00,2000.020049
2014-08-25 00:00:00,1997.92181
2014-08-22 00:00:00,1988.402435
2014-08-21 00:00:00,1992.366038
2014-08-20 00:00:00,1986.505961
2014-08-19 00:00:00,1981.600983
2014-08-18 00:00:00,1971.740038
2014-08-15 00:00:00,1955.062629
2014-08-14 00:00:00,1955.182407
2014-08-13 00:00:00,1946.722001
2014-08-12 00:00:00,1933.746638
2014-08-11 00:00:00,1936.9156
2014-08-08 00:00:00,1931.593151
2014-08-07 00:00:00,1909.570779
2014-08-06 00:00:00,1920.236003
2014-08-05 00:00:00,1920.211164
2014-08-04 00:00:00,1938.986164
2014-08-01 00:00:00,1925.1518
2014-07-31 00:00:00,1930.673871
2014-07-30 00:00:00,1970.06811
2014-07-29 00:00:00,1969.952324
2014-07-28 00:00:00,1978.911348
2014-07-25 00:00:00,1978.338888
2014-07-24 00:00:00,1987.980475
2014-07-23 00:00:00,1987.005175
2014-07-22 00:00:00,1983.528153
2014-07-21 00:00:00,1973.627856
2014-07-18 00:00:00,1978.218354
2014-07-17 00:00:00,1958.119433
2014-07-16 00:00:00,1981.567219
2014-07-15 00:00:00,1973.282056
2014-07-14 00:00:00,1977.099324
2014-07-11 00:00:00,1967.569161
2014-07-10 00:00:00,1964.676618
2014-07-09 00:00:00,1972.833092
2014-07-08 00:00:00,1963.711477
2014-07-07 00:00:00,1977.650863
2014-07-03 00:00:00,1985.437118
2014-07-02 00:00:00,1974.618048
2014-07-01 00:00:00,1973.318592
2014-06-30 00:00:00,1960.23124
2014-06-27 00:00:00,1960.960516
2014-06-26 00:00:00,1957.219779
2014-06-25 00:00:00,1959.531111
2014-06-24 00:00:00,1949.982402
2014-06-23 00:00:00,1962.610754
2014-06-20 00:00:00,1962.873446
2014-06-19 00:00:00,1959.484352
2014-06-18 00:00:00,1956.984114
2014-06-17 00:00:00,1941.991649
2014-06-16 00:00:00,1937.783911
2014-06-13 00:00:00,1936.159352
2014-06-12 00:00:00,1930.114601
2014-06-11 00:00:00,1943.890209
2014-06-10 00:00:00,1950.794455
2014-06-09 00:00:00,1951.272576
2014-06-06 00:00:00,1949.440726
2014-06-05 00:00:00,1940.457911
2014-06-04 00:00:00,1927.875046
2014-06-03 00:00:00,1924.244748
2014-06-02 00:00:00,1924.965392
2014-05-30 00:00:00,1923.572661
2014-05-29 00:00:00,1920.026844
2014-05-28 00:00:00,1909.781925
2014-05-27 00:00:00,1911.910625
2014-05-23 00:00:00,1900.533229
2014-05-22 00:00:00,1892.493629
2014-05-21 00:00:00,1888.030296
2014-05-20 00:00:00,1872.834226
2014-05-19 00:00:00,1885.084881
2014-05-16 00:00:00,1877.855273
2014-05-15 00:00:00,1870.848636
2014-05-14 00:00:00,1888.525721
2014-05-13 00:00:00,1897.445816
2014-05-12 00:00:00,1896.654323
2014-05-09 00:00:00,1878.475688
2014-05-08 00:00:00,1875.629159
2014-05-07 00:00:00,1878.207718
2014-05-06 00:00:00,1867.719107
2014-05-05 00:00:00,1884.655735
2014-05-02 00:00:00,1881.138138
2014-05-01 00:00:00,1883.683469
2014-04-30 00:00:00,1883.95013
2014-04-29 00:00:00,1878.330071
2014-04-28 00:00:00,1869.425236
2014-04-25 00:00:00,1863.400671
2014-04-24 00:00:00,1878.610509
2014-04-23 00:00:00,1875.387707
2014-04-22 00:00:00,1879.551046
2014-04-21 00:00:00,1871.887562
2014-04-17 00:00:00,1864.851377
2014-04-16 00:00:00,1862.311997
2014-04-15 00:00:00,1842.981268
2014-04-14 00:00:00,1830.609971
2014-04-11 00:00:00,1815.685087
2014-04-10 00:00:00,1833.077977
2014-04-09 00:00:00,1872.178797
2014-04-08 00:00:00,1851.956857
2014-04-07 00:00:00,1845.035375
2014-04-04 00:00:00,1865.093414
2014-04-03 00:00:00,1888.77048
2014-04-02 00:00:00,1890.898774
2014-04-01 00:00:00,1885.522574
2014-03-31 00:00:00,1872.335179
2014-03-28 00:00:00,1857.620787
2014-03-27 00:00:00,1849.042643
2014-03-26 00:00:00,1852.561169
2014-03-25 00:00:00,1865.624374
2014-03-24 00:00:00,1857.444475
2014-03-21 00:00:00,1866.520737
2014-03-20 00:00:00,1872.008408
2014-03-19 00:00:00,1860.771429
2014-03-18 00:00:00,1872.251503
2014-03-17 00:00:00,1858.832229
2014-03-14 00:00:00,1841.133509
2014-03-13 00:00:00,1846.344812
2014-03-12 00:00:00,1868.195123
2014-03-11 00:00:00,1867.626037
2014-03-10 00:00:00,1877.173894
2014-03-07 00:00:00,1878.039185
2014-03-06 00:00:00,1877.025895
2014-03-05 00:00:00,1873.811521
2014-03-04 00:00:00,1873.913727
2014-03-03 00:00:00,1845.734442
2014-02-28 00:00:00,1859.449372
2014-02-27 00:00:00,1854.292005
2014-02-26 00:00:00,1845.163978
2014-02-25 00:00:00,1845.119968
2014-02-24 00:00:00,1847.614644
2014-02-21 00:00:00,1836.246181
2014-02-20 00:00:00,1839.782215
2014-02-19 00:00:00,1828.746796
2014-02-18 00:00:00,1840.756361
2014-02-14 00:00:00,1838.632714
2014-02-13 00:00:00,1829.829758
2014-02-12 00:00:00,1819.264276
2014-02-11 00:00:00,1819.747843
2014-02-10 00:00:00,1799.839352
2014-02-07 00:00:00,1797.016923
2014-02-06 00:00:00,1773.429964
2014-02-05 00:00:00,1751.641769
2014-02-04 00:00:00,1755.2042
2014-02-03 00:00:00,1741.885508
2014-01-31 00:00:00,1782.586967
2014-01-30 00:00:00,1794.19019
2014-01-29 00:00:00,1774.20275
2014-01-28 00:00:00,1792.496434
2014-01-27 00:00:00,1781.559899
2014-01-24 00:00:00,1790.285477
2014-01-23 00:00:00,1828.46421
2014-01-22 00:00:00,1844.855905
2014-01-21 00:00:00,1843.804446
2014-01-17 00:00:00,1838.699487
2014-01-16 00:00:00,1845.891032
2014-01-15 00:00:00,1848.378496
2014-01-14 00:00:00,1838.882596
2014-01-13 00:00:00,1819.202664
2014-01-10 00:00:00,1842.372187
2014-01-09 00:00:00,1838.125301
2014-01-08 00:00:00,1837.494603
2014-01-07 00:00:00,1837.87715
2014-01-06 00:00:00,1826.767191
2014-01-03 00:00:00,1831.366565
2014-01-02 00:00:00,1831.984707
2013-12-31 00:00:00,1848.356521
2013-12-30 00:00:00,1841.07044
2013-12-27 00:00:00,1841.402732
2013-12-26 00:00:00,1842.019211
2013-12-24 00:00:00,1833.323298
2013-12-23 00:00:00,1827.988965
2013-12-20 00:00:00,1818.320607
2013-12-19 00:00:00,1809.596481
2013-12-18 00:00:00,1810.648335
2013-12-17 00:00:00,1781.00477
2013-12-16 00:00:00,1786.537175
2013-12-13 00:00:00,1775.31885
2013-12-12 00:00:00,1775.498239
2013-12-11 00:00:00,1782.221756
2013-12-10 00:00:00,1802.617333
2013-12-09 00:00:00,1808.365212
2013-12-06 00:00:00,1805.094149
2013-12-05 00:00:00,1785.03287
2013-12-04 00:00:00,1792.809987
2013-12-03 00:00:00,1795.154684
2013-12-02 00:00:00,1800.897703
2013-11-29 00:00:00,1805.812689
2013-11-27 00:00:00,1807.233341
2013-11-26 00:00:00,1802.752018
2013-11-25 00:00:00,1802.480113
2013-11-22 00:00:00,1804.756609
2013-11-21 00:00:00,1795.853337
2013-11-20 00:00:00,1781.373869
2013-11-19 00:00:00,1787.865247
2013-11-18 00:00:00,1791.530205
2013-11-15 00:00:00,1798.175744
2013-11-14 00:00:00,1790.617978
2013-11-13 00:00:00,1782.003676
2013-11-12 00:00:00,1767.685252
2013-11-11 00:00:00,1771.893373
2013-11-08 00:00:00,1770.606819
2013-11-07 00:00:00,1747.152444
2013-11-06 00:00:00,1770.488065
2013-11-05 00:00:00,1762.971401
2013-11-04 00:00:00,1767.930424
2013-11-01 00:00:00,1761.644507
2013-10-31 00:00:00,1756.544634
2013-10-30 00:00:00,1763.30748
2013-10-29 00:00:00,1771.945539
2013-10-28 00:00:00,1762.105591
2013-10-25 00:00:00,1759.765556
2013-10-24 00:00:00,1752.068806
2013-10-23 00:00:00,1746.37514
2013-10-22 00:00:00,1754.671221
2013-10-21 00:00:00,1744.656874
2013-10-18 00:00:00,1744.502114
2013-10-17 00:00:00,1733.150194
2013-10-16 00:00:00,1721.5443
2013-10-15 00:00:00,1698.064008
2013-10-14 00:00:00,1710.144701
2013-10-11 00:00:00,1703.195179
2013-10-10 00:00:00,1692.562671
2013-10-09 00:00:00,1656.399204
2013-10-08 00:00:00,1655.44938
2013-10-07 00:00:00,1676.116182
2013-10-04 00:00:00,1690.503641
2013-10-03 00:00:00,1678.657301
2013-10-02 00:00:00,1693.869664
2013-10-01 00:00:00,1694.997354
2013-09-30 00:00:00,1681.546662
2013-09-27 00:00:00,1691.745167
2013-09-26 00:00:00,1698.665847
2013-09-25 00:00:00,1692.766197
2013-09-24 00:00:00,1697.422764
2013-09-23 00:00:00,1701.841222
2013-09-20 00:00:00,1709.912729
2013-09-19 00:00:00,1722.342544
2013-09-18 00:00:00,1725.52385
2013-09-17 00:00:00,1704.761281
2013-09-16 00:00:00,1697.599702
2013-09-13 00:00:00,1687.98804
2013-09-12 00:00:00,1683.421752
2013-09-11 00:00:00,1689.128697
2013-09-10 00:00:00,1683.987347
2013-09-09 00:00:00,1671.713465
2013-09-06 00:00:00,1655.165498
2013-09-05 00:00:00,1655.077451
2013-09-04 00:00:00,1653.076456
2013-09-03 00:00:00,1639.770186
2013-08-30 00:00:00,1632.971152
2013-08-29 00:00:00,1638.16686
2013-08-28 00:00:00,1634.956535
2013-08-27 00:00:00,1630.477018
2013-08-26 00:00:00,1656.784519
2013-08-23 00:00:00,1663.503393
2013-08-22 00:00:00,1656.9571
2013-08-21 00:00:00,1642.801664
2013-08-20 00:00:00,1652.347983
2013-08-19 00:00:00,1646.058263
2013-08-16 00:00:00,1655.826534
2013-08-15 00:00:00,1661.315866
2013-08-14 00:00:00,1685.388458
2013-08-13 00:00:00,1694.163675
2013-08-12 00:00:00,1689.474053
2013-08-09 00:00:00,1691.424118
2013-08-08 00:00:00,1697.48207
2013-08-07 00:00:00,1690.910419
2013-08-06 00:00:00,1697.367604
2013-08-05 00:00:00,1707.137145
2013-08-02 00:00:00,1709.672686
2013-08-01 00:00:00,1706.867943
2013-07-31 00:00:00,1685.725016
2013-07-30 00:00:00,1685.958878
2013-07-29 00:00:00,1685.330806
2013-07-26 00:00:00,1691.646219
2013-07-25 00:00:00,1690.25315
2013-07-24 00:00:00,1685.936573
2013-07-23 00:00:00,1692.386955
2013-07-22 00:00:00,1695.527705
2013-07-19 00:00:00,1692.087994
2013-07-18 00:00:00,1689.371668
2013-07-17 00:00:00,1680.909395
2013-07-16 00:00:00,1676.258274
2013-07-15 00:00:00,1682.500278
2013-07-12 00:00:00,1680.1912
2013-07-11 00:00:00,1675.023709
2013-07-10 00:00:00,1652.617478
2013-07-09 00:00:00,1652.315423
2013-07-08 00:00:00,1640.460909
2013-07-05 00:00:00,1631.886903
2013-07-03 00:00:00,1615.41118
2013-07-02 00:00:00,1614.082727
2013-07-01 00:00:00,1614.962494
2013-06-28 00:00:00,1606.277608
2013-06-27 00:00:00,1613.19583
2013-06-26 00:00:00,1603.256867
2013-06-25 00:00:00,1588.025822
2013-06-24 00:00:00,1573.090541
2013-06-21 00:00:00,1592.428474
2013-06-20 00:00:00,1588.188823
2013-06-19 00:00:00,1628.926193
2013-06-18 00:00:00,1651.806797
2013-06-17 00:00:00,1639.039391
2013-06-14 00:00:00,1626.726477
2013-06-13 00:00:00,1636.36485
2013-06-12 00:00:00,1612.524759
2013-06-11 00:00:00,1626.132203
2013-06-10 00:00:00,1642.812691
2013-06-07 00:00:00,1643.379149
2013-06-06 00:00:00,1622.558536
2013-06-05 00:00:00,1608.898667
2013-06-04 00:00:00,1631.384418
2013-06-03 00:00:00,1640.420594
2013-05-31 00:00:00,1630.741889
2013-05-30 00:00:00,1654.411089
2013-05-29 00:00:00,1648.363295
2013-05-28 00:00:00,1660.059637
2013-05-24 00:00:00,1649.604758
2013-05-23 00:00:00,1650.510183
2013-05-22 00:00:00,1655.348084
2013-05-21 00:00:00,1669.161959
2013-05-20 00:00:00,1666.289943
2013-05-17 00:00:00,1667.471448
2013-05-16 00:00:00,1650.473712
2013-05-15 00:00:00,1658.784662
2013-05-14 00:00:00,1650.339864
2013-05-13 00:00:00,1633.766242
2013-05-10 00:00:00,1633.701525
2013-05-09 00:00:00,1626.671115
2013-05-08 00:00:00,1632.690011
2013-05-07 00:00:00,1625.964643
2013-05-06 00:00:00,1617.500659
2013-05-03 00:00:00,1614.416266
2013-05-02 00:00:00,1597.590834
2013-05-01 00:00:00,1582.703863
2013-04-30 00:00:00,1597.56567
2013-04-29 00:00:00,1593.607114
2013-04-26 00:00:00,1582.23568
2013-04-25 00:00:00,1585.158128
2013-04-24 00:00:00,1578.789451
2013-04-23 00:00:00,1578.775594
2013-04-22 00:00:00,1562.4995
2013-04-19 00:00:00,1555.254369
2013-04-18 00:00:00,1541.613396
2013-04-17 00:00:00,1552.014896
2013-04-16 00:00:00,1574.566985
2013-04-15 00:00:00,1552.363572
2013-04-12 00:00:00,1588.854623
2013-04-11 00:00:00,1593.369863
2013-04-10 00:00:00,1587.731827
2013-04-09 00:00:00,1568.607909
2013-04-08 00:00:00,1563.071269
2013-04-05 00:00:00,1553.27893
2013-04-04 00:00:00,1559.979316
2013-04-03 00:00:00,1553.686978
2013-04-02 00:00:00,1570.252238
2013-04-01 00:00:00,1562.173837
2013-03-28 00:00:00,1569.185872
2013-03-27 00:00:00,1562.852709
2013-03-26 00:00:00,1563.771968
2013-03-25 00:00:00,1551.691699
2013-03-22 00:00:00,1556.885902
2013-03-21 00:00:00,1545.802976
2013-03-20 00:00:00,1558.711522
2013-03-19 00:00:00,1548.341859
2013-03-18 00:00:00,1552.102332
2013-03-15 00:00:00,1560.696095
2013-03-14 00:00:00,1563.233748
2013-03-13 00:00:00,1554.518413
2013-03-12 00:00:00,1552.478702
2013-03-11 00:00:00,1556.224311
2013-03-08 00:00:00,1551.179168
2013-03-07 00:00:00,1544.259353
2013-03-06 00:00:00,1541.458907
2013-03-05 00:00:00,1539.792506
2013-03-04 00:00:00,1525.20058
2013-03-01 00:00:00,1518.199977
2013-02-28 00:00:00,1514.678268
2013-02-27 00:00:00,1515.985385
2013-02-26 00:00:00,1496.943412
2013-02-25 00:00:00,1487.848091
2013-02-22 00:00:00,1515.60058
2013-02-21 00:00:00,1502.419473
2013-02-20 00:00:00,1511.954377
2013-02-19 00:00:00,1530.941684
2013-02-15 00:00:00,1519.794188
2013-02-14 00:00:00,1521.380943
2013-02-13 00:00:00,1520.331367
2013-02-12 00:00:00,1519.427285
2013-02-11 00:00:00,1517.009219
2013-02-08 00:00:00,1517.926928
2013-02-07 00:00:00,1509.393737
2013-02-06 00:00:00,1512.118154
2013-02-05 00:00:00,1511.287727
2013-02-04 00:00:00,1495.711088
2013-02-01 00:00:00,1513.173942
2013-01-31 00:00:00,1498.110926
2013-01-30 00:00:00,1501.963519
2013-01-29 00:00:00,1507.839898
2013-01-28 00:00:00,1500.175068
2013-01-25 00:00:00,1502.958411
2013-01-24 00:00:00,1494.815295
2013-01-23 00:00:00,1494.807511
2013-01-22 00:00:00,1492.557853
2013-01-18 00:00:00,1485.976421
2013-01-17 00:00:00,1480.939216
2013-01-16 00:00:00,1472.629718
2013-01-15 00:00:00,1472.341533
2013-01-14 00:00:00,1470.678494
2013-01-11 00:00:00,1472.054118
2013-01-10 00:00:00,1472.122583
2013-01-09 00:00:00,1461.021592
2013-01-08 00:00:00,1457.147623
2013-01-07 00:00:00,1461.891508
2013-01-04 00:00:00,1466.466659
2013-01-03 00:00:00,1459.365569
2013-01-02 00:00:00,1462.42074
2012-12-31 00:00:00,1426.187978
2012-12-28 00:00:00,1402.428416
2012-12-27 00:00:00,1418.096468
2012-12-26 00:00:00,1419.826444
2012-12-24 00:00:00,1426.66238
2012-12-21 00:00:00,1430.148426
2012-12-20 00:00:00,1443.692907
2012-12-19 00:00:00,1435.810714
2012-12-18 00:00:00,1446.78783
2012-12-17 00:00:00,1430.36089
2012-12-14 00:00:00,1413.579103
2012-12-13 00:00:00,1419.447627
2012-12-12 00:00:00,1428.476314
2012-12-11 00:00:00,1427.839491
2012-12-10 00:00:00,1418.545503
2012-12-07 00:00:00,1418.07475
2012-12-06 00:00:00,1413.942311
2012-12-05 00:00:00,1409.27719
2012-12-04 00:00:00,1407.047502
2012-12-03 00:00:00,1409.458017
2012-11-30 00:00:00,1416.18157
2012-11-29 00:00:00,1415.954569
2012-11-28 00:00:00,1409.93442
2012-11-27 00:00:00,1398.943017
2012-11-26 00:00:00,1406.293071
2012-11-23 00:00:00,1409.154926
2012-11-21 00:00:00,1391.026274
2012-11-20 00:00:00,1387.812056
2012-11-19 00:00:00,1386.885581
2012-11-16 00:00:00,1359.87639
2012-11-15 00:00:00,1353.326427
2012-11-14 00:00:00,1355.487159
2012-11-13 00:00:00,1374.526007
2012-11-12 00:00:00,1380.028785
2012-11-09 00:00:00,1379.849544
2012-11-08 00:00:00,1377.505862
2012-11-07 00:00:00,1394.530947
2012-11-06 00:00:00,1428.389358
2012-11-05 00:00:00,1417.255147
2012-11-02 00:00:00,1414.197747
2012-11-01 00:00:00,1427.589742
2012-10-31 00:00:00,1412.157973
2012-10-26 00:00:00,1411.940318
2012-10-25 00:00:00,1412.970981
2012-10-24 00:00:00,1408.75168
2012-10-23 00:00:00,1413.109114
2012-10-22 00:00:00,1433.819249
2012-10-19 00:00:00,1433.187188
2012-10-18 00:00:00,1457.342029
2012-10-17 00:00:00,1460.91054
2012-10-16 00:00:00,1454.921585
2012-10-15 00:00:00,1440.126509
2012-10-12 00:00:00,1428.589388
2012-10-11 00:00:00,1432.843605
2012-10-10 00:00:00,1432.562524
2012-10-09 00:00:00,1441.484338
2012-10-08 00:00:00,1455.875817
2012-10-05 00:00:00,1460.926555
2012-10-04 00:00:00,1461.397823
2012-10-03 00:00:00,1450.994849
2012-10-02 00:00:00,1445.754303
2012-10-01 00:00:00,1444.487317
2012-09-28 00:00:00,1440.674503
2012-09-27 00:00:00,1447.154124
2012-09-26 00:00:00,1433.31587
2012-09-25 00:00:00,1441.589905
2012-09-24 00:00:00,1456.88597
2012-09-21 00:00:00,1460.151339
2012-09-20 00:00:00,1460.261905
2012-09-19 00:00:00,1461.053041
2012-09-18 00:00:00,1459.319827
2012-09-17 00:00:00,1461.188514
2012-09-14 00:00:00,1465.773871
2012-09-13 00:00:00,1459.987747
2012-09-12 00:00:00,1436.563455
2012-09-11 00:00:00,1433.564757
2012-09-10 00:00:00,1429.083742
2012-09-07 00:00:00,1437.917196
2012-09-06 00:00:00,1432.115188
2012-09-05 00:00:00,1403.435331
2012-09-04 00:00:00,1404.939438
2012-08-31 00:00:00,1406.575669
2012-08-30 00:00:00,1399.482778
2012-08-29 00:00:00,1410.489383
2012-08-28 00:00:00,1409.299341
2012-08-27 00:00:00,1410.435114
2012-08-24 00:00:00,1411.126663
2012-08-23 00:00:00,1402.082941
2012-08-22 00:00:00,1413.493307
2012-08-21 00:00:00,1413.171357
2012-08-20 00:00:00,1418.13359
2012-08-17 00:00:00,1418.162745
2012-08-16 00:00:00,1415.514367
2012-08-15 00:00:00,1405.527004
2012-08-14 00:00:00,1403.927251
2012-08-13 00:00:00,1404.108823
2012-08-10 00:00:00,1405.867824
2012-08-09 00:00:00,1402.795989
2012-08-08 00:00:00,1402.220383
2012-08-07 00:00:00,1401.346326
2012-08-06 00:00:00,1394.227435
2012-08-03 00:00:00,1390.989319
2012-08-02 00:00:00,1364.998084
2012-08-01 00:00:00,1375.136307
2012-07-31 00:00:00,1379.323917
2012-07-30 00:00:00,1385.300618
2012-07-27 00:00:00,1385.970048
2012-07-26 00:00:00,1360.023708
2012-07-25 00:00:00,1337.888282
2012-07-24 00:00:00,1338.313974
2012-07-23 00:00:00,1350.516968
2012-07-20 00:00:00,1362.659673
2012-07-19 00:00:00,1376.513167
2012-07-18 00:00:00,1372.781391
2012-07-17 00:00:00,1363.673881
2012-07-16 00:00:00,1353.64381
2012-07-13 00:00:00,1356.784065
2012-07-12 00:00:00,1334.756774
2012-07-11 00:00:00,1341.45468
2012-07-10 00:00:00,1341.474438
2012-07-09 00:00:00,1352.456602
2012-07-06 00:00:00,1354.676138
2012-07-05 00:00:00,1367.58218
2012-07-03 00:00:00,1374.01566
2012-07-02 00:00:00,1365.513426
2012-06-29 00:00:00,1362.158745
2012-06-28 00:00:00,1329.044122
2012-06-27 00:00:00,1331.853095
2012-06-26 00:00:00,1319.985037
2012-06-25 00:00:00,1313.718119
2012-06-22 00:00:00,1335.020363
2012-06-21 00:00:00,1325.513726
2012-06-20 00:00:00,1355.694161
2012-06-19 00:00:00,1357.983718
2012-06-18 00:00:00,1344.776666
2012-06-15 00:00:00,1342.835328
2012-06-14 00:00:00,1329.099486
2012-06-13 00:00:00,1314.88088
2012-06-12 00:00:00,1324.17619
2012-06-11 00:00:00,1308.932698
2012-06-08 00:00:00,1325.655474
2012-06-07 00:00:00,1314.986053
2012-06-06 00:00:00,1315.130724
2012-06-05 00:00:00,1285.497229
2012-06-04 00:00:00,1278.177017
2012-06-01 00:00:00,1278.044622
2012-05-31 00:00:00,1310.329007
2012-05-30 00:00:00,1313.320052
2012-05-29 00:00:00,1332.419121
2012-05-25 00:00:00,1317.821174
2012-05-24 00:00:00,1320.679053
2012-05-23 00:00:00,1318.857781
2012-05-22 00:00:00,1316.627543
2012-05-21 00:00:00,1315.988639
2012-05-18 00:00:00,1295.219998
2012-05-17 00:00:00,1304.862887
2012-05-16 00:00:00,1324.803066
2012-05-15 00:00:00,1330.660297
2012-05-14 00:00:00,1338.347938
2012-05-11 00:00:00,1353.391568
2012-05-10 00:00:00,1357.992027
2012-05-09 00:00:00,1354.576055
2012-05-08 00:00:00,1363.722237
2012-05-07 00:00:00,1369.583481
2012-05-04 00:00:00,1369.098217
2012-05-03 00:00:00,1391.571067
2012-05-02 00:00:00,1402.305163
2012-05-01 00:00:00,1405.823661
2012-04-30 00:00:00,1397.911996
2012-04-27 00:00:00,1403.358069
2012-04-26 00:00:00,1399.98039
2012-04-25 00:00:00,1390.69315
2012-04-24 00:00:00,1371.971015
2012-04-23 00:00:00,1366.943473
2012-04-20 00:00:00,1378.533
2012-04-19 00:00:00,1376.919563
2012-04-18 00:00:00,1385.14224
2012-04-17 00:00:00,1390.779583
2012-04-16 00:00:00,1369.568876
2012-04-13 00:00:00,1370.261339
2012-04-12 00:00:00,1387.565359
2012-04-11 00:00:00,1368.705386
2012-04-10 00:00:00,1358.593765
2012-04-09 00:00:00,1382.202137
2012-04-05 00:00:00,1398.084146
2012-04-04 00:00:00,1398.958581
2012-04-03 00:00:00,1413.380591
2012-04-02 00:00:00,1419.04379
2012-03-30 00:00:00,1408.46786
2012-03-29 00:00:00,1403.276826
2012-03-28 00:00:00,1405.542363
2012-03-27 00:00:00,1412.516024
2012-03-26 00:00:00,1416.512435
2012-03-23 00:00:00,1397.107607
2012-03-22 00:00:00,1392.784521
2012-03-21 00:00:00,1402.89494
2012-03-20 00:00:00,1405.517399
2012-03-19 00:00:00,1409.746298
2012-03-16 00:00:00,1404.172457
2012-03-15 00:00:00,1402.598031
2012-03-14 00:00:00,1394.278105
2012-03-13 00:00:00,1395.947238
2012-03-12 00:00:00,1371.094451
2012-03-09 00:00:00,1370.865672
2012-03-08 00:00:00,1365.909195
2012-03-07 00:00:00,1352.626486
2012-03-06 00:00:00,1343.359867
2012-03-05 00:00:00,1364.334968
2012-03-02 00:00:00,1369.62794
2012-03-01 00:00:00,1374.086411
2012-02-29 00:00:00,1365.682716
2012-02-28 00:00:00,1372.175168
2012-02-27 00:00:00,1367.586585
2012-02-24 00:00:00,1365.743012
2012-02-23 00:00:00,1363.460025
2012-02-22 00:00:00,1357.655836
2012-02-21 00:00:00,1362.205733
2012-02-17 00:00:00,1361.227384
2012-02-16 00:00:00,1358.044057
2012-02-15 00:00:00,1343.228491
2012-02-14 00:00:00,1350.499139
2012-02-13 00:00:00,1351.771543
2012-02-10 00:00:00,1342.640589
2012-02-09 00:00:00,1351.94764
2012-02-08 00:00:00,1349.959572
2012-02-07 00:00:00,1347.048148
2012-02-06 00:00:00,1344.334002
2012-02-03 00:00:00,1344.902139
2012-02-02 00:00:00,1325.541042
2012-02-01 00:00:00,1324.089092
2012-01-31 00:00:00,1312.409597
2012-01-30 00:00:00,1313.013755
2012-01-27 00:00:00,1316.327679
2012-01-26 00:00:00,1318.429798
2012-01-25 00:00:00,1326.046557
2012-01-24 00:00:00,1314.654582
2012-01-23 00:00:00,1316.00435
2012-01-20 00:00:00,1315.383687
2012-01-19 00:00:00,1314.501132
2012-01-18 00:00:00,1308.036906
2012-01-17 00:00:00,1293.667808
2012-01-13 00:00:00,1289.092407
2012-01-12 00:00:00,1295.503728
2012-01-11 00:00:00,1292.475588
2012-01-10 00:00:00,1292.078835
2012-01-09 00:00:00,1280.701641
2012-01-06 00:00:00,1277.807418
2012-01-05 00:00:00,1281.056295
2012-01-04 00:00:00,1277.300689
2012-01-03 00:00:00,1277.060678
2011-12-30 00:00:00,1257.604805
2011-12-29 00:00:00,1263.015559
2011-12-28 00:00:00,1249.639431
2011-12-27 00:00:00,1265.432575
2011-12-23 00:00:00,1265.332567
2011-12-22 00:00:00,1254.000433
2011-12-21 00:00:00,1243.71597
2011-12-20 00:00:00,1241.304507
2011-12-19 00:00:00,1205.351221
2011-12-16 00:00:00,1219.657173
2011-12-15 00:00:00,1215.752211
2011-12-14 00:00:00,1211.818424
2011-12-13 00:00:00,1225.733549
2011-12-12 00:00:00,1236.470468
2011-12-09 00:00:00,1255.192012
2011-12-08 00:00:00,1234.352658
2011-12-07 00:00:00,1261.008707
2011-12-06 00:00:00,1258.470262
2011-12-05 00:00:00,1257.081145
2011-12-02 00:00:00,1244.278024
2011-12-01 00:00:00,1244.582991
2011-11-30 00:00:00,1246.960067
2011-11-29 00:00:00,1195.193455
2011-11-28 00:00:00,1192.546468
2011-11-25 00:00:00,1158.666853
2011-11-23 00:00:00,1161.790681
2011-11-22 00:00:00,1188.035611
2011-11-21 00:00:00,1192.982777
2011-11-18 00:00:00,1215.653203
2011-11-17 00:00:00,1216.125166
2011-11-16 00:00:00,1236.913768
2011-11-15 00:00:00,1257.812301
2011-11-14 00:00:00,1251.781375
2011-11-11 00:00:00,1263.854585
2011-11-10 00:00:00,1239.688926
2011-11-09 00:00:00,1229.09555
2011-11-08 00:00:00,1275.924369
2011-11-07 00:00:00,1261.120479
2011-11-04 00:00:00,1253.227149
2011-11-03 00:00:00,1261.154854
2011-11-02 00:00:00,1237.902532
2011-11-01 00:00:00,1218.277002
2011-10-31 00:00:00,1253.296264
2011-10-28 00:00:00,1285.086416
2011-10-27 00:00:00,1284.590955
2011-10-26 00:00:00,1242.000177
2011-10-25 00:00:00,1229.050097
2011-10-24 00:00:00,1254.194835
2011-10-21 00:00:00,1238.249902
2011-10-20 00:00:00,1215.389855
2011-10-19 00:00:00,1209.881197
2011-10-18 00:00:00,1225.378388
2011-10-17 00:00:00,1200.858414
2011-10-14 00:00:00,1224.57701
2011-10-13 00:00:00,1203.658553
2011-10-12 00:00:00,1207.254078
2011-10-11 00:00:00,1195.535256
2011-10-10 00:00:00,1194.888324
2011-10-07 00:00:00,1155.464136
2011-10-06 00:00:00,1164.972932
2011-10-05 00:00:00,1144.033939
2011-10-04 00:00:00,1123.94675
2011-10-03 00:00:00,1099.227262
2011-09-30 00:00:00,1131.42036
2011-09-29 00:00:00,1160.397523
2011-09-28 00:00:00,1151.060568
2011-09-27 00:00:00,1175.375167
2011-09-26 00:00:00,1162.946649
2011-09-23 00:00:00,1136.429406
2011-09-22 00:00:00,1129.559964
2011-09-21 00:00:00,1166.761608
2011-09-20 00:00:00,1202.087775
2011-09-19 00:00:00,1204.089913
2011-09-16 00:00:00,1216.014102
2011-09-15 00:00:00,1209.111602
2011-09-14 00:00:00,1188.675209
2011-09-13 00:00:00,1172.871348
2011-09-12 00:00:00,1162.265528
2011-09-09 00:00:00,1154.233547
2011-09-08 00:00:00,1185.89966
2011-09-07 00:00:00,1198.624867
2011-09-06 00:00:00,1165.239491
2011-09-02 00:00:00,1173.965925
2011-09-01 00:00:00,1204.419815
2011-08-31 00:00:00,1218.893624
2011-08-30 00:00:00,1212.922721
2011-08-29 00:00:00,1210.084787
2011-08-26 00:00:00,1176.800373
2011-08-25 00:00:00,1159.270124
2011-08-24 00:00:00,1177.601993
2011-08-23 00:00:00,1162.351628
2011-08-22 00:00:00,1123.819993
2011-08-19 00:00:00,1123.52644
2011-08-18 00:00:00,1140.646915
2011-08-17 00:00:00,1193.885114
2011-08-16 00:00:00,1192.761339
2011-08-15 00:00:00,1204.486896
2011-08-12 00:00:00,1178.811582
2011-08-11 00:00:00,1172.637357
2011-08-10 00:00:00,1120.755808
2011-08-09 00:00:00,1172.533687
2011-08-08 00:00:00,1119.460906
2011-08-05 00:00:00,1199.375226
2011-08-04 00:00:00,1200.07032
2011-08-03 00:00:00,1260.340576
2011-08-02 00:00:00,1254.045023
2011-08-01 00:00:00,1286.941762
2011-07-29 00:00:00,1292.282805
2011-07-28 00:00:00,1300.667862
2011-07-27 00:00:00,1304.88911
2011-07-26 00:00:00,1331.938461
2011-07-25 00:00:00,1337.43299
2011-07-22 00:00:00,1345.015809
2011-07-21 00:00:00,1343.801165
2011-07-20 00:00:00,1325.839351
2011-07-19 00:00:00,1326.725664
2011-07-18 00:00:00,1305.435699
2011-07-15 00:00:00,1316.144225
2011-07-14 00:00:00,1308.867896
2011-07-13 00:00:00,1317.720028
2011-07-12 00:00:00,1313.643882
2011-07-11 00:00:00,1319.489997
2011-07-08 00:00:00,1343.804017
2011-07-07 00:00:00,1353.217339
2011-07-06 00:00:00,1339.224699
2011-07-05 00:00:00,1337.876583
2011-07-01 00:00:00,1339.668742
2011-06-30 00:00:00,1320.639049
2011-06-29 00:00:00,1307.411019
2011-06-28 00:00:00,1296.673266
2011-06-27 00:00:00,1280.095811
2011-06-24 00:00:00,1268.445198
2011-06-23 00:00:00,1283.499107
2011-06-22 00:00:00,1287.136468
2011-06-21 00:00:00,1295.518976
2011-06-20 00:00:00,1278.363261
2011-06-17 00:00:00,1271.503229
2011-06-16 00:00:00,1267.636813
2011-06-15 00:00:00,1265.422892
2011-06-14 00:00:00,1287.867805
2011-06-13 00:00:00,1271.826769
2011-06-10 00:00:00,1270.979329
2011-06-09 00:00:00,1289.002534
2011-06-08 00:00:00,1279.55581
2011-06-07 00:00:00,1284.944281
2011-06-06 00:00:00,1286.16795
2011-06-03 00:00:00,1300.162574
2011-06-02 00:00:00,1312.937164
2011-06-01 00:00:00,1314.545873
2011-05-31 00:00:00,1345.197335
2011-05-27 00:00:00,1331.103823
2011-05-26 00:00:00,1325.689157
2011-05-25 00:00:00,1320.473136
2011-05-24 00:00:00,1316.280729
2011-05-23 00:00:00,1317.365555
2011-05-20 00:00:00,1333.269188
2011-05-19 00:00:00,1343.601065
2011-05-18 00:00:00,1340.676989
2011-05-17 00:00:00,1328.978283
2011-05-16 00:00:00,1329.468992
2011-05-13 00:00:00,1337.77498
2011-05-12 00:00:00,1348.649638
2011-05-11 00:00:00,1342.083236
2011-05-10 00:00:00,1357.159798
2011-05-09 00:00:00,1346.294961
2011-05-06 00:00:00,1340.202897
2011-05-05 00:00:00,1335.102572
2011-05-04 00:00:00,1347.323447
2011-05-03 00:00:00,1356.622175
2011-05-02 00:00:00,1361.221995
2011-04-29 00:00:00,1363.61221
2011-04-28 00:00:00,1360.480743
2011-04-27 00:00:00,1355.658014
2011-04-26 00:00:00,1347.239941
2011-04-25 00:00:00,1335.247876
2011-04-21 00:00:00,1337.384852
2011-04-20 00:00:00,1330.357805
2011-04-19 00:00:00,1312.621994
2011-04-18 00:00:00,1305.136076
2011-04-15 00:00:00,1319.677906
2011-04-14 00:00:00,1314.520216
2011-04-13 00:00:00,1314.413644
2011-04-12 00:00:00,1314.157825
2011-04-11 00:00:00,1324.455957
2011-04-08 00:00:00,1328.166767
2011-04-07 00:00:00,1333.508831
2011-04-06 00:00:00,1335.540212
2011-04-05 00:00:00,1332.633845
2011-04-04 00:00:00,1332.8739
2011-04-01 00:00:00,1332.413123
2011-03-31 00:00:00,1325.826718
2011-03-30 00:00:00,1328.260016
2011-03-29 00:00:00,1319.443185
2011-03-28 00:00:00,1310.193365
2011-03-25 00:00:00,1313.802081
2011-03-24 00:00:00,1309.660549
2011-03-23 00:00:00,1297.543188
2011-03-22 00:00:00,1293.76945
2011-03-21 00:00:00,1298.383094
2011-03-18 00:00:00,1279.204993
2011-03-17 00:00:00,1273.715294
2011-03-16 00:00:00,1256.876356
2011-03-15 00:00:00,1281.871757
2011-03-14 00:00:00,1296.387794
2011-03-11 00:00:00,1304.281298
2011-03-10 00:00:00,1295.106174
2011-03-09 00:00:00,1320.024841
2011-03-08 00:00:00,1321.8181
2011-03-07 00:00:00,1310.130733
2011-03-04 00:00:00,1321.152939
2011-03-03 00:00:00,1330.968517
2011-03-02 00:00:00,1308.440003
2011-03-01 00:00:00,1306.331544
2011-02-28 00:00:00,1327.224192
2011-02-25 00:00:00,1319.882731
2011-02-24 00:00:00,1306.099423
2011-02-23 00:00:00,1307.398198
2011-02-22 00:00:00,1315.444573
2011-02-18 00:00:00,1343.013522
2011-02-17 00:00:00,1340.426521
2011-02-16 00:00:00,1336.321983
2011-02-15 00:00:00,1328.01374
2011-02-14 00:00:00,1332.321999
2011-02-11 00:00:00,1329.145643
2011-02-10 00:00:00,1321.868414
2011-02-09 00:00:00,1320.878908
2011-02-08 00:00:00,1324.573129
2011-02-07 00:00:00,1319.051982
2011-02-04 00:00:00,1310.870241
2011-02-03 00:00:00,1307.102163
2011-02-02 00:00:00,1304.02925
2011-02-01 00:00:00,1307.591827
2011-01-31 00:00:00,1286.120912
2011-01-28 00:00:00,1276.343523
2011-01-27 00:00:00,1299.540938
2011-01-26 00:00:00,1296.633085
2011-01-25 00:00:00,1291.179858
2011-01-24 00:00:00,1290.835499
2011-01-21 00:00:00,1283.346658
2011-01-20 00:00:00,1280.256804
2011-01-19 00:00:00,1281.917704
2011-01-18 00:00:00,1295.019486
2011-01-14 00:00:00,1293.244973
2011-01-13 00:00:00,1283.758674
2011-01-12 00:00:00,1285.955151
2011-01-11 00:00:00,1274.482319
2011-01-10 00:00:00,1269.752935
2011-01-07 00:00:00,1271.502444
2011-01-06 00:00:00,1273.852131
2011-01-05 00:00:00,1276.563494
2011-01-04 00:00:00,1270.196447
2011-01-03 00:00:00,1271.869879
2010-12-31 00:00:00,1257.635988
2010-12-30 00:00:00,1257.884068
2010-12-29 00:00:00,1259.782831
2010-12-28 00:00:00,1258.513592
2010-12-27 00:00:00,1257.536534
2010-12-23 00:00:00,1256.771629
2010-12-22 00:00:00,1258.837075
2010-12-21 00:00:00,1254.600406
2010-12-20 00:00:00,1247.077721
2010-12-17 00:00:00,1243.907333
2010-12-16 00:00:00,1242.870113
2010-12-15 00:00:00,1235.233063
2010-12-14 00:00:00,1241.588919
2010-12-13 00:00:00,1240.459828
2010-12-10 00:00:00,1240.397729
2010-12-09 00:00:00,1232.997675
2010-12-08 00:00:00,1228.284085
2010-12-07 00:00:00,1223.746411
2010-12-06 00:00:00,1223.12157
2010-12-03 00:00:00,1224.707723
2010-12-02 00:00:00,1221.531723
2010-12-01 00:00:00,1206.067981
2010-11-30 00:00:00,1180.552982
2010-11-29 00:00:00,1187.761538
2010-11-26 00:00:00,1189.403805
2010-11-24 00:00:00,1198.353814
2010-11-23 00:00:00,1180.727272
2010-11-22 00:00:00,1197.843669
2010-11-19 00:00:00,1199.730081
2010-11-18 00:00:00,1196.685143
2010-11-17 00:00:00,1178.587921
2010-11-16 00:00:00,1178.344449
2010-11-15 00:00:00,1197.751458
2010-11-12 00:00:00,1199.208309
2010-11-11 00:00:00,1213.535334
2010-11-10 00:00:00,1218.708532
2010-11-09 00:00:00,1213.396589
2010-11-08 00:00:00,1223.246735
2010-11-05 00:00:00,1225.847868
2010-11-04 00:00:00,1221.05526
2010-11-03 00:00:00,1197.961445
2010-11-02 00:00:00,1193.567554
2010-11-01 00:00:00,1184.384759
2010-10-29 00:00:00,1183.257734
2010-10-28 00:00:00,1183.776098
2010-10-27 00:00:00,1182.447955
2010-10-26 00:00:00,1185.63614
2010-10-25 00:00:00,1185.62072
2010-10-22 00:00:00,1183.076759
2010-10-21 00:00:00,1180.264563
2010-10-20 00:00:00,1178.17296
2010-10-19 00:00:00,1165.895551
2010-10-18 00:00:00,1184.711673
2010-10-15 00:00:00,1176.188465
2010-10-14 00:00:00,1173.813707
2010-10-13 00:00:00,1178.102323
2010-10-12 00:00:00,1169.770969
2010-10-11 00:00:00,1165.317954
2010-10-08 00:00:00,1165.146233
2010-10-07 00:00:00,1158.057687
2010-10-06 00:00:00,1159.973938
2010-10-05 00:00:00,1160.745041
2010-10-04 00:00:00,1137.033723
2010-10-01 00:00:00,1146.236866
2010-09-30 00:00:00,1141.201157
2010-09-29 00:00:00,1144.726186
2010-09-28 00:00:00,1147.698729
2010-09-27 00:00:00,1142.163171
2010-09-24 00:00:00,1148.670599
2010-09-23 00:00:00,1124.82904
2010-09-22 00:00:00,1134.277541
2010-09-21 00:00:00,1139.781935
2010-09-20 00:00:00,1142.708873
2010-09-17 00:00:00,1125.592464
2010-09-16 00:00:00,1124.663171
2010-09-15 00:00:00,1125.065418
2010-09-14 00:00:00,1121.099167
2010-09-13 00:00:00,1121.903068
2010-09-10 00:00:00,1109.552053
2010-09-09 00:00:00,1104.183145
2010-09-08 00:00:00,1098.870435
2010-09-07 00:00:00,1091.840353
2010-09-03 00:00:00,1104.506616
2010-09-02 00:00:00,1090.100091
2010-09-01 00:00:00,1080.293946
2010-08-31 00:00:00,1049.326457
2010-08-30 00:00:00,1048.921874
2010-08-27 00:00:00,1064.59062
2010-08-26 00:00:00,1047.223836
2010-08-25 00:00:00,1055.328457
2010-08-24 00:00:00,1051.871402
2010-08-23 00:00:00,1067.358563
2010-08-20 00:00:00,1071.692217
2010-08-19 00:00:00,1075.632264
2010-08-18 00:00:00,1094.163482
2010-08-17 00:00:00,1092.541746
2010-08-16 00:00:00,1079.37598
2010-08-13 00:00:00,1079.246441
2010-08-12 00:00:00,1083.610048
2010-08-11 00:00:00,1089.47317
2010-08-10 00:00:00,1121.060866
2010-08-09 00:00:00,1127.791044
2010-08-06 00:00:00,1121.641914
2010-08-05 00:00:00,1125.814901
2010-08-04 00:00:00,1127.23911
2010-08-03 00:00:00,1120.457314
2010-08-02 00:00:00,1125.859238
2010-07-30 00:00:00,1101.597352
2010-07-29 00:00:00,1101.530679
2010-07-28 00:00:00,1106.126645
2010-07-27 00:00:00,1113.838494
2010-07-26 00:00:00,1115.009302
2010-07-23 00:00:00,1102.658226
2010-07-22 00:00:00,1093.67053
2010-07-21 00:00:00,1069.591273
2010-07-20 00:00:00,1083.484307
2010-07-19 00:00:00,1071.247658
2010-07-16 00:00:00,1064.877415
2010-07-15 00:00:00,1096.475833
2010-07-14 00:00:00,1095.171227
2010-07-13 00:00:00,1095.335873
2010-07-12 00:00:00,1078.747149
2010-07-09 00:00:00,1077.957709
2010-07-08 00:00:00,1070.2455
2010-07-07 00:00:00,1060.272802
2010-07-06 00:00:00,1028.060493
2010-07-02 00:00:00,1022.582975
2010-07-01 00:00:00,1027.37387
2010-06-30 00:00:00,1030.710083
2010-06-29 00:00:00,1041.242474
2010-06-28 00:00:00,1074.569958
2010-06-25 00:00:00,1076.764638
2010-06-24 00:00:00,1073.690411
2010-06-23 00:00:00,1092.035127
2010-06-22 00:00:00,1095.310753
2010-06-21 00:00:00,1113.198648
2010-06-18 00:00:00,1117.510608
2010-06-17 00:00:00,1116.035424
2010-06-16 00:00:00,1114.608607
2010-06-15 00:00:00,1115.227781
2010-06-14 00:00:00,1089.625561
2010-06-11 00:00:00,1091.599561
2010-06-10 00:00:00,1086.835128
2010-06-09 00:00:00,1055.693965
2010-06-08 00:00:00,1062.003596
2010-06-07 00:00:00,1050.474819
2010-06-04 00:00:00,1064.875042
2010-06-03 00:00:00,1102.825081
2010-06-02 00:00:00,1098.380034
2010-06-01 00:00:00,1070.707343
2010-05-28 00:00:00,1089.405844
2010-05-27 00:00:00,1103.062081
2010-05-26 00:00:00,1067.94741
2010-05-25 00:00:00,1074.026861
2010-05-24 00:00:00,1073.652398
2010-05-21 00:00:00,1087.693251
2010-05-20 00:00:00,1071.593674
2010-05-19 00:00:00,1115.049389
2010-05-18 00:00:00,1120.803028
2010-05-17 00:00:00,1136.942504
2010-05-14 00:00:00,1135.682343
2010-05-13 00:00:00,1157.437415
2010-05-12 00:00:00,1171.672682
2010-05-11 00:00:00,1155.786706
2010-05-10 00:00:00,1159.726456
2010-05-07 00:00:00,1110.884684
2010-05-06 00:00:00,1128.150396
2010-05-05 00:00:00,1165.897009
2010-05-04 00:00:00,1173.599285
2010-05-03 00:00:00,1202.260116
2010-04-30 00:00:00,1186.689377
2010-04-29 00:00:00,1206.776117
2010-04-28 00:00:00,1191.355833
2010-04-27 00:00:00,1183.713167
2010-04-26 00:00:00,1212.054012
2010-04-23 00:00:00,1217.275649
2010-04-22 00:00:00,1208.669687
2010-04-21 00:00:00,1205.944694
2010-04-20 00:00:00,1207.17451
2010-04-19 00:00:00,1197.518158
2010-04-16 00:00:00,1192.128836
2010-04-15 00:00:00,1211.668047
2010-04-14 00:00:00,1210.651675
2010-04-13 00:00:00,1197.30125
2010-04-12 00:00:00,1196.478278
2010-04-09 00:00:00,1194.367712
2010-04-08 00:00:00,1186.440926
2010-04-07 00:00:00,1182.450438
2010-04-06 00:00:00,1189.441109
2010-04-05 00:00:00,1187.439254
2010-04-01 00:00:00,1178.102625
2010-03-31 00:00:00,1169.431193
2010-03-30 00:00:00,1173.271454
2010-03-29 00:00:00,1173.222224
2010-03-26 00:00:00,1166.588592
2010-03-25 00:00:00,1165.72715
2010-03-24 00:00:00,1167.717291
2010-03-23 00:00:00,1174.166256
2010-03-22 00:00:00,1165.807554
2010-03-19 00:00:00,1159.897351
2010-03-18 00:00:00,1165.833014
2010-03-17 00:00:00,1166.210002
2010-03-16 00:00:00,1159.463914
2010-03-15 00:00:00,1150.513868
2010-03-12 00:00:00,1149.991906
2010-03-11 00:00:00,1150.24315
2010-03-10 00:00:00,1145.608972
2010-03-09 00:00:00,1140.446408
2010-03-08 00:00:00,1138.504873
2010-03-05 00:00:00,1138.698076
2010-03-04 00:00:00,1122.97356
2010-03-03 00:00:00,1118.789921
2010-03-02 00:00:00,1118.31055
2010-03-01 00:00:00,1115.712481
2010-02-26 00:00:00,1104.49337
2010-02-25 00:00:00,1102.942516
2010-02-24 00:00:00,1105.244201
2010-02-23 00:00:00,1094.60157
2010-02-22 00:00:00,1108.014923
2010-02-19 00:00:00,1109.172983
2010-02-18 00:00:00,1106.752096
2010-02-17 00:00:00,1099.509087
2010-02-16 00:00:00,1094.870961
2010-02-12 00:00:00,1075.513263
2010-02-11 00:00:00,1078.466575
2010-02-10 00:00:00,1068.134595
2010-02-09 00:00:00,1070.523741
2010-02-08 00:00:00,1056.744665
2010-02-05 00:00:00,1066.186827
2010-02-04 00:00:00,1063.10986
2010-02-03 00:00:00,1097.281695
2010-02-02 00:00:00,1103.323052
2010-02-01 00:00:00,1089.188736
2010-01-29 00:00:00,1073.869364
2010-01-28 00:00:00,1084.526415
2010-01-27 00:00:00,1097.504182
2010-01-26 00:00:00,1092.165948
2010-01-25 00:00:00,1096.784901
2010-01-22 00:00:00,1091.755535
2010-01-21 00:00:00,1116.478536
2010-01-20 00:00:00,1138.040246
2010-01-19 00:00:00,1150.232178
2010-01-15 00:00:00,1136.028881
2010-01-14 00:00:00,1148.460648
2010-01-13 00:00:00,1145.676014
2010-01-12 00:00:00,1136.221168
2010-01-11 00:00:00,1146.978977
2010-01-08 00:00:00,1144.983058
2010-01-07 00:00:00,1141.694928
2010-01-06 00:00:00,1137.13783
2010-01-05 00:00:00,1136.523386
2010-01-04 00:00:00,1132.985478
2009-12-31 00:00:00,1115.102681
