Period,Nintendo Co Ltd (NTDOF) Price
2019-12-31 00:00:00,40.381
2019-12-30 00:00:00,39.9499
2019-12-27 00:00:00,40.6
2019-12-26 00:00:00,39.736
2019-12-24 00:00:00,39.406
2019-12-23 00:00:00,40.064
2019-12-20 00:00:00,39.356
2019-12-19 00:00:00,40.056
2019-12-18 00:00:00,40.554
2019-12-17 00:00:00,41.68
2019-12-16 00:00:00,41.805
2019-12-13 00:00:00,40.9
2019-12-12 00:00:00,42.0
2019-12-11 00:00:00,42.2
2019-12-10 00:00:00,42.4
2019-12-09 00:00:00,41.261
2019-12-06 00:00:00,39.261
2019-12-05 00:00:00,41.1
2019-12-04 00:00:00,41.18
2019-12-03 00:00:00,40.51
2019-12-02 00:00:00,39.617
2019-11-29 00:00:00,38.9
2019-11-27 00:00:00,38.9
2019-11-26 00:00:00,38.937
2019-11-25 00:00:00,39.15
2019-11-22 00:00:00,38.055
2019-11-21 00:00:00,38.987532
2019-11-20 00:00:00,39.467
2019-11-19 00:00:00,39.0
2019-11-18 00:00:00,38.438764
2019-11-15 00:00:00,37.905
2019-11-14 00:00:00,38.325
2019-11-13 00:00:00,38.75
2019-11-12 00:00:00,38.93
2019-11-11 00:00:00,38.35
2019-11-08 00:00:00,38.58
2019-11-07 00:00:00,38.58
2019-11-06 00:00:00,38.4
2019-11-05 00:00:00,39.567167
2019-11-04 00:00:00,39.6
2019-11-01 00:00:00,39.996
2019-10-31 00:00:00,37.143
2019-10-30 00:00:00,35.1
2019-10-29 00:00:00,34.2
2019-10-28 00:00:00,34.096
2019-10-25 00:00:00,34.09
2019-10-24 00:00:00,35.25
2019-10-23 00:00:00,35.089
2019-10-22 00:00:00,35.35
2019-10-21 00:00:00,35.65
2019-10-18 00:00:00,35.636
2019-10-17 00:00:00,36.05
2019-10-16 00:00:00,36.95
2019-10-15 00:00:00,37.215
2019-10-14 00:00:00,37.0
2019-10-11 00:00:00,37.312
2019-10-10 00:00:00,37.25
2019-10-09 00:00:00,38.05
2019-10-08 00:00:00,37.595
2019-10-07 00:00:00,37.75
2019-10-04 00:00:00,38.282
2019-10-03 00:00:00,37.989
2019-10-02 00:00:00,37.463
2019-10-01 00:00:00,36.739
2019-09-30 00:00:00,37.2
2019-09-27 00:00:00,37.862
2019-09-26 00:00:00,37.9
2019-09-25 00:00:00,37.9
2019-09-24 00:00:00,38.195
2019-09-23 00:00:00,39.255
2019-09-20 00:00:00,39.696
2019-09-19 00:00:00,39.675
2019-09-18 00:00:00,38.8
2019-09-17 00:00:00,38.8
2019-09-16 00:00:00,38.074
2019-09-13 00:00:00,38.75
2019-09-12 00:00:00,38.415
2019-09-11 00:00:00,38.4
2019-09-10 00:00:00,38.7325
2019-09-09 00:00:00,39.154
2019-09-06 00:00:00,39.0
2019-09-05 00:00:00,38.8
2019-09-04 00:00:00,38.765
2019-09-03 00:00:00,38.394
2019-08-30 00:00:00,37.38
2019-08-29 00:00:00,37.678
2019-08-28 00:00:00,37.869
2019-08-27 00:00:00,37.231
2019-08-26 00:00:00,37.437
2019-08-23 00:00:00,37.90558
2019-08-22 00:00:00,37.365
2019-08-21 00:00:00,37.9
2019-08-20 00:00:00,37.365
2019-08-19 00:00:00,37.6
2019-08-16 00:00:00,37.5
2019-08-15 00:00:00,37.015
2019-08-14 00:00:00,36.501
2019-08-13 00:00:00,37.102
2019-08-12 00:00:00,36.606
2019-08-09 00:00:00,37.236
2019-08-08 00:00:00,37.5
2019-08-07 00:00:00,37.2
2019-08-06 00:00:00,36.6675
2019-08-05 00:00:00,36.063
2019-08-02 00:00:00,37.0
2019-08-01 00:00:00,38.0
2019-07-31 00:00:00,37.1
2019-07-30 00:00:00,36.505
2019-07-29 00:00:00,37.18
2019-07-26 00:00:00,37.18
2019-07-25 00:00:00,36.812
2019-07-24 00:00:00,36.7
2019-07-23 00:00:00,36.825
2019-07-22 00:00:00,37.44
2019-07-19 00:00:00,38.585
2019-07-18 00:00:00,38.14
2019-07-17 00:00:00,38.352
2019-07-16 00:00:00,38.062
2019-07-15 00:00:00,38.355
2019-07-12 00:00:00,38.128
2019-07-11 00:00:00,38.74
2019-07-10 00:00:00,38.25
2019-07-09 00:00:00,37.057
2019-07-08 00:00:00,37.552
2019-07-05 00:00:00,37.25
2019-07-03 00:00:00,37.7
2019-07-02 00:00:00,36.9
2019-07-01 00:00:00,37.05
2019-06-28 00:00:00,36.24
2019-06-27 00:00:00,36.103
2019-06-26 00:00:00,35.242
2019-06-25 00:00:00,35.4
2019-06-24 00:00:00,35.5
2019-06-21 00:00:00,35.9
2019-06-20 00:00:00,35.987
2019-06-19 00:00:00,34.8
2019-06-18 00:00:00,35.48
2019-06-17 00:00:00,34.781
2019-06-14 00:00:00,34.796
2019-06-13 00:00:00,34.596
2019-06-12 00:00:00,34.556
2019-06-11 00:00:00,35.745
2019-06-10 00:00:00,36.32
2019-06-07 00:00:00,36.242
2019-06-06 00:00:00,35.6
2019-06-05 00:00:00,35.4
2019-06-04 00:00:00,35.125
2019-06-03 00:00:00,35.65
2019-05-31 00:00:00,35.32375
2019-05-30 00:00:00,35.0
2019-05-29 00:00:00,34.9
2019-05-28 00:00:00,35.205
2019-05-24 00:00:00,35.7
2019-05-23 00:00:00,34.735
2019-05-22 00:00:00,34.36
2019-05-21 00:00:00,34.45
2019-05-20 00:00:00,33.9125
2019-05-17 00:00:00,34.0
2019-05-16 00:00:00,33.816
2019-05-15 00:00:00,34.5
2019-05-14 00:00:00,34.104
2019-05-13 00:00:00,32.867
2019-05-10 00:00:00,34.07
2019-05-09 00:00:00,33.433
2019-05-08 00:00:00,34.2
2019-05-07 00:00:00,33.6
2019-05-06 00:00:00,34.473
2019-05-03 00:00:00,34.654
2019-05-02 00:00:00,34.496
2019-05-01 00:00:00,34.7
2019-04-30 00:00:00,34.35
2019-04-29 00:00:00,34.5
2019-04-26 00:00:00,34.3
2019-04-25 00:00:00,32.138
2019-04-24 00:00:00,33.6672
2019-04-23 00:00:00,33.35
2019-04-22 00:00:00,34.2
2019-04-18 00:00:00,35.249
2019-04-17 00:00:00,31.002
2019-04-16 00:00:00,30.772
2019-04-15 00:00:00,30.436
2019-04-12 00:00:00,30.4875
2019-04-11 00:00:00,29.4
2019-04-10 00:00:00,29.461
2019-04-09 00:00:00,29.8
2019-04-08 00:00:00,29.2
2019-04-05 00:00:00,30.105
2019-04-04 00:00:00,28.924
2019-04-03 00:00:00,29.107
2019-04-02 00:00:00,28.5
2019-04-01 00:00:00,28.7
2019-03-29 00:00:00,28.73
2019-03-28 00:00:00,28.7
2019-03-27 00:00:00,27.921
2019-03-26 00:00:00,28.7
2019-03-25 00:00:00,28.297
2019-03-22 00:00:00,28.195
2019-03-21 00:00:00,27.201
2019-03-20 00:00:00,27.625
2019-03-19 00:00:00,28.35
2019-03-18 00:00:00,28.5
2019-03-15 00:00:00,27.92
2019-03-14 00:00:00,27.4
2019-03-13 00:00:00,27.9
2019-03-12 00:00:00,27.3
2019-03-11 00:00:00,27.0
2019-03-08 00:00:00,26.887
2019-03-07 00:00:00,27.15
2019-03-06 00:00:00,27.6
2019-03-05 00:00:00,27.1
2019-03-04 00:00:00,27.204
2019-03-01 00:00:00,27.868
2019-02-28 00:00:00,27.354
2019-02-27 00:00:00,28.6
2019-02-26 00:00:00,27.911
2019-02-25 00:00:00,27.75
2019-02-22 00:00:00,28.7
2019-02-21 00:00:00,28.05
2019-02-20 00:00:00,27.0
2019-02-19 00:00:00,26.25
2019-02-15 00:00:00,27.058
2019-02-14 00:00:00,26.719
2019-02-13 00:00:00,27.217
2019-02-12 00:00:00,26.44
2019-02-11 00:00:00,26.441
2019-02-08 00:00:00,26.65
2019-02-07 00:00:00,26.4
2019-02-06 00:00:00,26.9
2019-02-05 00:00:00,28.716
2019-02-04 00:00:00,29.11
2019-02-01 00:00:00,28.65
2019-01-31 00:00:00,30.25
2019-01-30 00:00:00,30.85
2019-01-29 00:00:00,30.415
2019-01-28 00:00:00,29.639
2019-01-25 00:00:00,30.55
2019-01-24 00:00:00,31.1
2019-01-23 00:00:00,30.76
2019-01-22 00:00:00,30.43
2019-01-18 00:00:00,31.576
2019-01-17 00:00:00,30.848
2019-01-16 00:00:00,29.5
2019-01-15 00:00:00,29.0
2019-01-14 00:00:00,28.665
2019-01-11 00:00:00,27.35
2019-01-10 00:00:00,27.85
2019-01-09 00:00:00,28.05
2019-01-08 00:00:00,28.35
2019-01-07 00:00:00,27.468
2019-01-04 00:00:00,26.681
2019-01-03 00:00:00,26.4
2019-01-02 00:00:00,26.3
2018-12-31 00:00:00,26.48
2018-12-28 00:00:00,26.162
2018-12-27 00:00:00,25.5
2018-12-26 00:00:00,25.5
2018-12-24 00:00:00,25.255
2018-12-21 00:00:00,25.5
2018-12-20 00:00:00,27.45
2018-12-19 00:00:00,26.609
2018-12-18 00:00:00,27.2
2018-12-17 00:00:00,27.736
2018-12-14 00:00:00,28.445
2018-12-13 00:00:00,28.705
2018-12-12 00:00:00,28.717
2018-12-11 00:00:00,28.717
2018-12-10 00:00:00,28.659
2018-12-07 00:00:00,28.3
2018-12-06 00:00:00,28.499
2018-12-04 00:00:00,29.1145
2018-12-03 00:00:00,30.783
2018-11-30 00:00:00,30.564
2018-11-29 00:00:00,30.993
2018-11-28 00:00:00,30.1375
2018-11-27 00:00:00,29.532
2018-11-26 00:00:00,29.021
2018-11-23 00:00:00,27.75
2018-11-21 00:00:00,27.75
2018-11-20 00:00:00,27.3
2018-11-19 00:00:00,28.802
2018-11-16 00:00:00,29.1
2018-11-15 00:00:00,30.514
2018-11-14 00:00:00,31.088
2018-11-13 00:00:00,31.515
2018-11-12 00:00:00,31.55
2018-11-09 00:00:00,31.5
2018-11-08 00:00:00,33.2
2018-11-07 00:00:00,32.1
2018-11-06 00:00:00,31.2
2018-11-05 00:00:00,31.2
2018-11-02 00:00:00,32.195
2018-11-01 00:00:00,31.55
2018-10-31 00:00:00,31.795
2018-10-30 00:00:00,29.67
2018-10-29 00:00:00,30.424
2018-10-26 00:00:00,31.0
2018-10-25 00:00:00,31.529
2018-10-24 00:00:00,32.5
2018-10-23 00:00:00,33.3
2018-10-22 00:00:00,34.0
2018-10-19 00:00:00,34.35
2018-10-18 00:00:00,34.9
2018-10-17 00:00:00,35.7
2018-10-16 00:00:00,35.55
2018-10-15 00:00:00,34.975
2018-10-12 00:00:00,34.892
2018-10-11 00:00:00,33.951
2018-10-10 00:00:00,34.769
2018-10-09 00:00:00,35.65
2018-10-08 00:00:00,36.5
2018-10-05 00:00:00,35.8
2018-10-04 00:00:00,35.35
2018-10-03 00:00:00,36.5
2018-10-02 00:00:00,36.85
2018-10-01 00:00:00,36.2
2018-09-28 00:00:00,36.265
2018-09-27 00:00:00,36.73899
2018-09-26 00:00:00,36.45
2018-09-25 00:00:00,37.25
2018-09-24 00:00:00,36.4
2018-09-21 00:00:00,36.95
2018-09-20 00:00:00,37.2
2018-09-19 00:00:00,35.4
2018-09-18 00:00:00,35.546
2018-09-17 00:00:00,34.4
2018-09-14 00:00:00,33.881
2018-09-13 00:00:00,35.35
2018-09-12 00:00:00,35.565
2018-09-11 00:00:00,34.95
2018-09-10 00:00:00,34.73
2018-09-07 00:00:00,34.627
2018-09-06 00:00:00,34.23
2018-09-05 00:00:00,34.607
2018-09-04 00:00:00,35.251
2018-08-31 00:00:00,35.82
2018-08-30 00:00:00,35.83
2018-08-29 00:00:00,35.416
2018-08-28 00:00:00,34.9
2018-08-27 00:00:00,35.101
2018-08-24 00:00:00,34.276
2018-08-23 00:00:00,33.883
2018-08-22 00:00:00,34.0
2018-08-21 00:00:00,33.95
2018-08-20 00:00:00,33.425
2018-08-17 00:00:00,32.178
2018-08-16 00:00:00,31.5
2018-08-15 00:00:00,31.155
2018-08-14 00:00:00,32.45
2018-08-13 00:00:00,32.319
2018-08-10 00:00:00,32.3
2018-08-09 00:00:00,33.7
2018-08-08 00:00:00,33.45
2018-08-07 00:00:00,33.5
2018-08-06 00:00:00,33.2
2018-08-03 00:00:00,34.37
2018-08-02 00:00:00,34.37
2018-08-01 00:00:00,35.126
2018-07-31 00:00:00,34.4
2018-07-30 00:00:00,33.044
2018-07-27 00:00:00,34.0
2018-07-26 00:00:00,33.501
2018-07-25 00:00:00,33.7
2018-07-24 00:00:00,33.222
2018-07-23 00:00:00,32.65
2018-07-20 00:00:00,33.05
2018-07-19 00:00:00,33.1
2018-07-18 00:00:00,33.1
2018-07-17 00:00:00,33.525
2018-07-16 00:00:00,33.25
2018-07-13 00:00:00,32.194
2018-07-12 00:00:00,31.82
2018-07-11 00:00:00,31.975
2018-07-10 00:00:00,31.8
2018-07-09 00:00:00,32.75
2018-07-06 00:00:00,31.3
2018-07-05 00:00:00,31.799
2018-07-03 00:00:00,32.999
2018-07-02 00:00:00,32.607
2018-06-29 00:00:00,33.138
2018-06-28 00:00:00,32.95
2018-06-27 00:00:00,32.5
2018-06-26 00:00:00,33.0
2018-06-25 00:00:00,32.45
2018-06-22 00:00:00,33.22
2018-06-21 00:00:00,33.15
2018-06-20 00:00:00,33.8
2018-06-19 00:00:00,32.85
2018-06-18 00:00:00,33.4
2018-06-15 00:00:00,34.526
2018-06-14 00:00:00,34.1
2018-06-13 00:00:00,35.58
2018-06-12 00:00:00,38.5
2018-06-11 00:00:00,38.296
2018-06-08 00:00:00,37.7
2018-06-07 00:00:00,37.11
2018-06-06 00:00:00,36.289
2018-06-05 00:00:00,37.499
2018-06-04 00:00:00,37.725
2018-06-01 00:00:00,40.132
2018-05-31 00:00:00,41.0
2018-05-30 00:00:00,41.1
2018-05-29 00:00:00,38.504
2018-05-25 00:00:00,38.85
2018-05-24 00:00:00,38.6
2018-05-23 00:00:00,39.3
2018-05-22 00:00:00,40.25
2018-05-21 00:00:00,40.25
2018-05-18 00:00:00,41.496
2018-05-17 00:00:00,42.0
2018-05-16 00:00:00,42.045
2018-05-15 00:00:00,41.325
2018-05-14 00:00:00,42.0
2018-05-11 00:00:00,42.175
2018-05-10 00:00:00,41.8
2018-05-09 00:00:00,42.45
2018-05-08 00:00:00,43.5
2018-05-07 00:00:00,42.718
2018-05-04 00:00:00,42.718
2018-05-03 00:00:00,41.959
2018-05-02 00:00:00,41.7
2018-05-01 00:00:00,42.33
2018-04-30 00:00:00,42.15
2018-04-27 00:00:00,42.195
2018-04-26 00:00:00,41.238
2018-04-25 00:00:00,42.255
2018-04-24 00:00:00,41.734
2018-04-23 00:00:00,42.55
2018-04-20 00:00:00,42.675
2018-04-19 00:00:00,40.7
2018-04-18 00:00:00,41.457
2018-04-17 00:00:00,41.552
2018-04-16 00:00:00,41.5
2018-04-13 00:00:00,41.888
2018-04-12 00:00:00,42.06325
2018-04-11 00:00:00,41.8
2018-04-10 00:00:00,42.18
2018-04-09 00:00:00,42.457
2018-04-06 00:00:00,41.367
2018-04-05 00:00:00,42.4
2018-04-04 00:00:00,42.944
2018-04-03 00:00:00,43.723
2018-04-02 00:00:00,44.1
2018-03-29 00:00:00,44.31
2018-03-28 00:00:00,43.5
2018-03-27 00:00:00,43.798
2018-03-26 00:00:00,45.7
2018-03-23 00:00:00,44.956
2018-03-22 00:00:00,45.294
2018-03-21 00:00:00,45.7
2018-03-20 00:00:00,46.165
2018-03-19 00:00:00,45.44
2018-03-16 00:00:00,46.2
2018-03-15 00:00:00,46.204
2018-03-14 00:00:00,45.3
2018-03-13 00:00:00,45.255
2018-03-12 00:00:00,45.185
2018-03-09 00:00:00,45.55
2018-03-08 00:00:00,45.647
2018-03-07 00:00:00,44.1355
2018-03-06 00:00:00,44.9
2018-03-05 00:00:00,44.215
2018-03-02 00:00:00,45.7
2018-03-01 00:00:00,43.953
2018-02-28 00:00:00,45.503
2018-02-27 00:00:00,45.44
2018-02-26 00:00:00,45.992
2018-02-23 00:00:00,45.5
2018-02-22 00:00:00,44.1
2018-02-21 00:00:00,44.367
2018-02-20 00:00:00,42.72
2018-02-16 00:00:00,43.437
2018-02-15 00:00:00,43.508
2018-02-14 00:00:00,42.046
2018-02-13 00:00:00,41.73
2018-02-12 00:00:00,41.0
2018-02-09 00:00:00,40.271
2018-02-08 00:00:00,39.6
2018-02-07 00:00:00,41.35
2018-02-06 00:00:00,42.074
2018-02-05 00:00:00,41.2
2018-02-02 00:00:00,42.047
2018-02-01 00:00:00,44.0
2018-01-31 00:00:00,45.55
2018-01-30 00:00:00,42.88
2018-01-29 00:00:00,43.644
2018-01-26 00:00:00,44.75
2018-01-25 00:00:00,44.10499
2018-01-24 00:00:00,44.044
2018-01-23 00:00:00,44.6
2018-01-22 00:00:00,44.0
2018-01-19 00:00:00,43.65
2018-01-18 00:00:00,42.249
2018-01-17 00:00:00,41.2
2018-01-16 00:00:00,39.91
2018-01-12 00:00:00,40.3
2018-01-11 00:00:00,39.75
2018-01-10 00:00:00,39.00001
2018-01-09 00:00:00,38.5
2018-01-08 00:00:00,37.86301
2018-01-05 00:00:00,37.95
2018-01-04 00:00:00,38.793
2018-01-03 00:00:00,37.4
2018-01-02 00:00:00,36.75
2017-12-29 00:00:00,35.95
2017-12-28 00:00:00,36.309
2017-12-27 00:00:00,37.1715
2017-12-26 00:00:00,36.6
2017-12-22 00:00:00,37.25
2017-12-21 00:00:00,37.1
2017-12-20 00:00:00,37.28
2017-12-19 00:00:00,37.84999
2017-12-18 00:00:00,38.45
2017-12-15 00:00:00,38.705
2017-12-14 00:00:00,38.25
2017-12-13 00:00:00,38.95
2017-12-12 00:00:00,38.3
2017-12-11 00:00:00,39.189
2017-12-08 00:00:00,38.75
2017-12-07 00:00:00,39.8
2017-12-06 00:00:00,38.505
2017-12-05 00:00:00,38.354
2017-12-04 00:00:00,38.9
2017-12-01 00:00:00,40.0
2017-11-30 00:00:00,40.85
2017-11-29 00:00:00,40.9
2017-11-28 00:00:00,42.766
2017-11-27 00:00:00,43.0
2017-11-24 00:00:00,41.84
2017-11-22 00:00:00,40.4
2017-11-21 00:00:00,40.0
2017-11-20 00:00:00,39.54
2017-11-17 00:00:00,39.95
2017-11-16 00:00:00,39.8
2017-11-15 00:00:00,38.155
2017-11-14 00:00:00,39.849
2017-11-13 00:00:00,39.038
2017-11-10 00:00:00,38.51
2017-11-09 00:00:00,37.5
2017-11-08 00:00:00,38.453
2017-11-07 00:00:00,37.595
2017-11-06 00:00:00,37.6
2017-11-03 00:00:00,37.575
2017-11-02 00:00:00,37.8
2017-11-01 00:00:00,38.05
2017-10-31 00:00:00,39.0
2017-10-30 00:00:00,40.9
2017-10-27 00:00:00,38.15
2017-10-26 00:00:00,37.4
2017-10-25 00:00:00,37.85
2017-10-24 00:00:00,38.9
2017-10-23 00:00:00,38.75
2017-10-20 00:00:00,38.797
2017-10-19 00:00:00,38.5
2017-10-18 00:00:00,38.04725
2017-10-17 00:00:00,38.85
2017-10-16 00:00:00,39.8
2017-10-13 00:00:00,39.6
2017-10-12 00:00:00,38.704
2017-10-11 00:00:00,39.0
2017-10-10 00:00:00,38.7
2017-10-09 00:00:00,38.94999
2017-10-06 00:00:00,39.0
2017-10-05 00:00:00,38.569
2017-10-04 00:00:00,37.4
2017-10-03 00:00:00,36.98
2017-10-02 00:00:00,37.01
2017-09-29 00:00:00,37.20999
2017-09-28 00:00:00,36.6
2017-09-27 00:00:00,36.4
2017-09-26 00:00:00,36.2
2017-09-25 00:00:00,36.051
2017-09-22 00:00:00,36.444
2017-09-21 00:00:00,37.4
2017-09-20 00:00:00,38.195
2017-09-19 00:00:00,37.375
2017-09-18 00:00:00,35.7
2017-09-15 00:00:00,35.786
2017-09-14 00:00:00,34.48
2017-09-13 00:00:00,34.217
2017-09-12 00:00:00,34.321
2017-09-11 00:00:00,33.875
2017-09-08 00:00:00,33.15
2017-09-07 00:00:00,32.6
2017-09-06 00:00:00,32.75
2017-09-05 00:00:00,32.783
2017-09-01 00:00:00,33.688
2017-08-31 00:00:00,33.029
2017-08-30 00:00:00,33.392
2017-08-29 00:00:00,33.75
2017-08-28 00:00:00,33.42
2017-08-25 00:00:00,32.9
2017-08-24 00:00:00,32.95
2017-08-23 00:00:00,32.8
2017-08-22 00:00:00,33.1
2017-08-21 00:00:00,33.0
2017-08-18 00:00:00,33.15
2017-08-17 00:00:00,33.15
2017-08-16 00:00:00,33.1
2017-08-15 00:00:00,32.939
2017-08-14 00:00:00,32.818
2017-08-11 00:00:00,32.476
2017-08-10 00:00:00,32.737
2017-08-09 00:00:00,33.81
2017-08-08 00:00:00,34.32301
2017-08-07 00:00:00,34.3
2017-08-04 00:00:00,34.1
2017-08-03 00:00:00,33.91
2017-08-02 00:00:00,33.921
2017-08-01 00:00:00,33.65
2017-07-31 00:00:00,33.949249
2017-07-28 00:00:00,33.8
2017-07-27 00:00:00,33.95
2017-07-26 00:00:00,33.63782
2017-07-25 00:00:00,31.50001
2017-07-24 00:00:00,32.55
2017-07-21 00:00:00,33.35
2017-07-20 00:00:00,33.211
2017-07-19 00:00:00,33.891
2017-07-18 00:00:00,32.666
2017-07-17 00:00:00,31.586
2017-07-14 00:00:00,31.93
2017-07-13 00:00:00,31.804
2017-07-12 00:00:00,31.9
2017-07-11 00:00:00,31.4
2017-07-10 00:00:00,32.2
2017-07-07 00:00:00,31.269
2017-07-06 00:00:00,30.8
2017-07-05 00:00:00,31.35
2017-07-03 00:00:00,32.487
2017-06-30 00:00:00,33.6
2017-06-29 00:00:00,33.6
2017-06-28 00:00:00,34.184
2017-06-27 00:00:00,35.2
2017-06-26 00:00:00,35.464
2017-06-23 00:00:00,34.6
2017-06-22 00:00:00,33.75
2017-06-21 00:00:00,33.327
2017-06-20 00:00:00,33.3
2017-06-19 00:00:00,33.383
2017-06-16 00:00:00,32.5
2017-06-15 00:00:00,32.405
2017-06-14 00:00:00,31.8
2017-06-13 00:00:00,31.4
2017-06-12 00:00:00,30.832
2017-06-09 00:00:00,30.425
2017-06-08 00:00:00,31.199
2017-06-07 00:00:00,31.3
2017-06-06 00:00:00,32.2
2017-06-05 00:00:00,31.35
2017-06-02 00:00:00,30.022
2017-06-01 00:00:00,29.675
2017-05-31 00:00:00,30.228
2017-05-30 00:00:00,30.558
2017-05-26 00:00:00,30.191
2017-05-25 00:00:00,28.8
2017-05-24 00:00:00,28.352
2017-05-23 00:00:00,27.75
2017-05-22 00:00:00,27.25
2017-05-19 00:00:00,27.2
2017-05-18 00:00:00,27.1
2017-05-17 00:00:00,26.55
2017-05-16 00:00:00,26.48092
2017-05-15 00:00:00,26.25
2017-05-12 00:00:00,26.0
2017-05-11 00:00:00,25.918
2017-05-10 00:00:00,25.825
2017-05-09 00:00:00,25.39
2017-05-08 00:00:00,25.41
2017-05-05 00:00:00,25.71
2017-05-04 00:00:00,25.388
2017-05-03 00:00:00,25.325
2017-05-02 00:00:00,25.462
2017-05-01 00:00:00,25.45
2017-04-28 00:00:00,25.275
2017-04-27 00:00:00,23.801
2017-04-26 00:00:00,24.995
2017-04-25 00:00:00,25.39999
2017-04-24 00:00:00,24.859
2017-04-21 00:00:00,24.838
2017-04-20 00:00:00,24.662
2017-04-19 00:00:00,25.05401
2017-04-18 00:00:00,24.4
2017-04-17 00:00:00,24.4
2017-04-13 00:00:00,23.268457
2017-04-12 00:00:00,23.25
2017-04-11 00:00:00,23.15001
2017-04-10 00:00:00,23.29999
2017-04-07 00:00:00,23.35
2017-04-06 00:00:00,23.76
2017-04-05 00:00:00,23.6
2017-04-04 00:00:00,23.428
2017-04-03 00:00:00,24.124
2017-03-31 00:00:00,23.0
2017-03-30 00:00:00,23.15001
2017-03-29 00:00:00,23.901
2017-03-28 00:00:00,24.15
2017-03-27 00:00:00,24.4
2017-03-24 00:00:00,24.204
2017-03-23 00:00:00,24.2
2017-03-22 00:00:00,24.73101
2017-03-21 00:00:00,23.4
2017-03-20 00:00:00,23.5
2017-03-17 00:00:00,23.3
2017-03-16 00:00:00,22.2
2017-03-15 00:00:00,21.9
2017-03-14 00:00:00,21.545
2017-03-13 00:00:00,21.798
2017-03-10 00:00:00,21.5891
2017-03-09 00:00:00,21.5
2017-03-08 00:00:00,21.7
2017-03-07 00:00:00,22.2
2017-03-06 00:00:00,21.377
2017-03-03 00:00:00,20.96
2017-03-02 00:00:00,20.0
2017-03-01 00:00:00,20.73
2017-02-28 00:00:00,21.0
2017-02-27 00:00:00,21.2475
2017-02-24 00:00:00,20.99
2017-02-23 00:00:00,20.638
2017-02-22 00:00:00,20.598
2017-02-21 00:00:00,20.403
2017-02-17 00:00:00,20.653
2017-02-16 00:00:00,20.178
2017-02-15 00:00:00,19.8
2017-02-14 00:00:00,20.299
2017-02-13 00:00:00,20.8
2017-02-10 00:00:00,20.84893
2017-02-09 00:00:00,20.755
2017-02-08 00:00:00,20.49
2017-02-07 00:00:00,20.9
2017-02-06 00:00:00,21.16
2017-02-03 00:00:00,21.4
2017-02-02 00:00:00,19.845
2017-02-01 00:00:00,20.4
2017-01-31 00:00:00,19.576
2017-01-30 00:00:00,20.349
2017-01-27 00:00:00,20.349
2017-01-26 00:00:00,20.638
2017-01-25 00:00:00,21.0
2017-01-24 00:00:00,20.795
2017-01-23 00:00:00,20.7375
2017-01-20 00:00:00,20.6
2017-01-19 00:00:00,20.9
2017-01-18 00:00:00,20.608
2017-01-17 00:00:00,20.958
2017-01-13 00:00:00,20.7
2017-01-12 00:00:00,22.146
2017-01-11 00:00:00,21.9
2017-01-10 00:00:00,21.75
2017-01-09 00:00:00,20.89
2017-01-06 00:00:00,20.823
2017-01-05 00:00:00,20.757
2017-01-04 00:00:00,20.822
2017-01-03 00:00:00,20.87
2016-12-30 00:00:00,20.814
2016-12-29 00:00:00,20.752
2016-12-28 00:00:00,21.0
2016-12-27 00:00:00,21.089
2016-12-23 00:00:00,19.8
2016-12-22 00:00:00,19.66
2016-12-21 00:00:00,20.5
2016-12-20 00:00:00,21.279
2016-12-19 00:00:00,20.858
2016-12-16 00:00:00,21.9
2016-12-15 00:00:00,23.659
2016-12-14 00:00:00,24.358
2016-12-13 00:00:00,24.851
2016-12-12 00:00:00,25.65
2016-12-09 00:00:00,25.716
2016-12-08 00:00:00,25.075
2016-12-07 00:00:00,24.825
2016-12-06 00:00:00,24.484
2016-12-05 00:00:00,24.0235
2016-12-02 00:00:00,23.7
2016-12-01 00:00:00,24.343
2016-11-30 00:00:00,24.56
2016-11-29 00:00:00,24.973
2016-11-28 00:00:00,24.98
2016-11-25 00:00:00,24.709
2016-11-23 00:00:00,25.31
2016-11-22 00:00:00,25.375
2016-11-21 00:00:00,25.0
2016-11-18 00:00:00,24.426
2016-11-17 00:00:00,23.905
2016-11-16 00:00:00,23.2
2016-11-15 00:00:00,23.0
2016-11-14 00:00:00,22.825
2016-11-11 00:00:00,22.5
2016-11-10 00:00:00,23.171
2016-11-09 00:00:00,23.2
2016-11-08 00:00:00,23.3
2016-11-07 00:00:00,23.525
2016-11-04 00:00:00,23.6
2016-11-03 00:00:00,24.45
2016-11-02 00:00:00,24.325
2016-11-01 00:00:00,24.031
2016-10-31 00:00:00,24.2
2016-10-28 00:00:00,24.2
2016-10-27 00:00:00,23.725
2016-10-26 00:00:00,22.5
2016-10-25 00:00:00,23.601
2016-10-24 00:00:00,23.209
2016-10-21 00:00:00,24.5
2016-10-20 00:00:00,26.1
2016-10-19 00:00:00,25.25
2016-10-18 00:00:00,25.298
2016-10-17 00:00:00,24.8
2016-10-14 00:00:00,25.45
2016-10-13 00:00:00,24.947
2016-10-12 00:00:00,25.0
2016-10-11 00:00:00,25.3
2016-10-10 00:00:00,25.82
2016-10-07 00:00:00,25.63
2016-10-06 00:00:00,25.48
2016-10-05 00:00:00,26.0
2016-10-04 00:00:00,25.525
2016-10-03 00:00:00,26.05
2016-09-30 00:00:00,26.4
2016-09-29 00:00:00,26.651
2016-09-28 00:00:00,27.0
2016-09-27 00:00:00,26.7
2016-09-26 00:00:00,26.478
2016-09-23 00:00:00,26.85
2016-09-22 00:00:00,26.951
2016-09-21 00:00:00,26.7
2016-09-20 00:00:00,26.8
2016-09-19 00:00:00,26.275
2016-09-16 00:00:00,26.25
2016-09-15 00:00:00,26.55
2016-09-14 00:00:00,25.288
2016-09-13 00:00:00,25.125
2016-09-12 00:00:00,26.44
2016-09-09 00:00:00,26.445
2016-09-08 00:00:00,27.298
2016-09-07 00:00:00,28.86
2016-09-06 00:00:00,22.435
2016-09-02 00:00:00,23.105
2016-09-01 00:00:00,22.397
2016-08-31 00:00:00,21.825
2016-08-30 00:00:00,21.645
2016-08-29 00:00:00,21.875
2016-08-26 00:00:00,21.75
2016-08-25 00:00:00,21.968
2016-08-24 00:00:00,22.0
2016-08-23 00:00:00,22.475
2016-08-22 00:00:00,22.798
2016-08-19 00:00:00,22.308
2016-08-18 00:00:00,22.87
2016-08-17 00:00:00,22.4
2016-08-16 00:00:00,21.55
2016-08-15 00:00:00,21.825
2016-08-12 00:00:00,21.975
2016-08-11 00:00:00,22.63
2016-08-10 00:00:00,22.6568
2016-08-09 00:00:00,22.395
2016-08-08 00:00:00,20.9
2016-08-05 00:00:00,20.62
2016-08-04 00:00:00,21.03
2016-08-03 00:00:00,21.1
2016-08-02 00:00:00,20.435
2016-08-01 00:00:00,20.3
2016-07-29 00:00:00,20.7
2016-07-28 00:00:00,20.01
2016-07-27 00:00:00,21.0
2016-07-26 00:00:00,21.832
2016-07-25 00:00:00,20.395
2016-07-22 00:00:00,23.4
2016-07-21 00:00:00,25.868
2016-07-20 00:00:00,27.0
2016-07-19 00:00:00,28.8
2016-07-18 00:00:00,29.9
2016-07-15 00:00:00,26.721
2016-07-14 00:00:00,24.375
2016-07-13 00:00:00,21.4
2016-07-12 00:00:00,22.1
2016-07-11 00:00:00,22.4
2016-07-08 00:00:00,16.6105
2016-07-07 00:00:00,15.075
2016-07-06 00:00:00,13.816
2016-07-05 00:00:00,13.816
2016-07-01 00:00:00,14.618
2016-06-30 00:00:00,14.618
2016-06-29 00:00:00,14.611
2016-06-28 00:00:00,13.4
2016-06-27 00:00:00,13.3
2016-06-24 00:00:00,14.39999
2016-06-23 00:00:00,14.39999
2016-06-22 00:00:00,14.625
2016-06-21 00:00:00,14.625
2016-06-20 00:00:00,14.838
2016-06-17 00:00:00,14.072
2016-06-16 00:00:00,14.072
2016-06-15 00:00:00,14.1
2016-06-14 00:00:00,14.1
2016-06-13 00:00:00,15.125
2016-06-10 00:00:00,15.125
2016-06-09 00:00:00,14.975
2016-06-08 00:00:00,14.975
2016-06-07 00:00:00,14.975
2016-06-06 00:00:00,14.4625
2016-06-03 00:00:00,14.4625
2016-06-02 00:00:00,14.275
2016-06-01 00:00:00,14.275
2016-05-31 00:00:00,14.45
2016-05-27 00:00:00,14.25
2016-05-26 00:00:00,14.325
2016-05-25 00:00:00,14.275
2016-05-24 00:00:00,14.275
2016-05-23 00:00:00,14.45
2016-05-20 00:00:00,14.45
2016-05-19 00:00:00,14.45
2016-05-18 00:00:00,14.85
2016-05-17 00:00:00,14.85
2016-05-16 00:00:00,14.5
2016-05-13 00:00:00,14.025
2016-05-12 00:00:00,14.025
2016-05-11 00:00:00,13.75
2016-05-10 00:00:00,13.75
2016-05-09 00:00:00,13.75
2016-05-06 00:00:00,13.75
2016-05-05 00:00:00,13.75
2016-05-04 00:00:00,13.75
2016-05-03 00:00:00,13.75
2016-05-02 00:00:00,13.75
2016-04-29 00:00:00,13.75
2016-04-28 00:00:00,13.95
2016-04-27 00:00:00,14.575
2016-04-26 00:00:00,15.3
2016-04-25 00:00:00,15.3
2016-04-22 00:00:00,15.825
2016-04-21 00:00:00,15.825
2016-04-20 00:00:00,15.825
2016-04-19 00:00:00,15.825
2016-04-18 00:00:00,15.775
2016-04-15 00:00:00,15.775
2016-04-14 00:00:00,15.7
2016-04-13 00:00:00,15.343
2016-04-12 00:00:00,14.697
2016-04-11 00:00:00,13.928
2016-04-08 00:00:00,13.928
2016-04-07 00:00:00,13.928
2016-04-06 00:00:00,13.125
2016-04-05 00:00:00,13.125
2016-04-04 00:00:00,14.528582
2016-04-01 00:00:00,14.528582
2016-03-31 00:00:00,14.528582
2016-03-30 00:00:00,14.528582
2016-03-29 00:00:00,14.1
2016-03-28 00:00:00,14.1
2016-03-24 00:00:00,14.1
2016-03-23 00:00:00,14.1
2016-03-22 00:00:00,14.27605
2016-03-21 00:00:00,13.873315
2016-03-18 00:00:00,13.9
2016-03-17 00:00:00,13.9
2016-03-16 00:00:00,14.1995
2016-03-15 00:00:00,14.1995
2016-03-14 00:00:00,14.1995
2016-03-11 00:00:00,14.1995
2016-03-10 00:00:00,14.1995
2016-03-09 00:00:00,14.1995
2016-03-08 00:00:00,14.1995
2016-03-07 00:00:00,14.1995
2016-03-04 00:00:00,14.1995
2016-03-03 00:00:00,14.1995
2016-03-02 00:00:00,13.636
2016-03-01 00:00:00,13.636
2016-02-29 00:00:00,13.636
2016-02-26 00:00:00,13.702
2016-02-25 00:00:00,14.127
2016-02-24 00:00:00,13.95
2016-02-23 00:00:00,14.25
2016-02-22 00:00:00,14.25
2016-02-19 00:00:00,13.28
2016-02-18 00:00:00,13.28
2016-02-17 00:00:00,13.28
2016-02-16 00:00:00,13.463
2016-02-12 00:00:00,13.206
2016-02-11 00:00:00,14.511
2016-02-10 00:00:00,14.511
2016-02-09 00:00:00,14.511
2016-02-08 00:00:00,14.511
2016-02-05 00:00:00,14.375
2016-02-04 00:00:00,14.575
2016-02-03 00:00:00,14.575
2016-02-02 00:00:00,15.0
2016-02-01 00:00:00,14.22599
2016-01-29 00:00:00,14.22599
2016-01-28 00:00:00,13.0
2016-01-27 00:00:00,13.0
2016-01-26 00:00:00,13.0
2016-01-25 00:00:00,12.43535
2016-01-22 00:00:00,12.43535
2016-01-21 00:00:00,12.43535
2016-01-20 00:00:00,12.43535
2016-01-19 00:00:00,12.43535
2016-01-15 00:00:00,12.43535
2016-01-14 00:00:00,12.43535
2016-01-13 00:00:00,12.291
2016-01-12 00:00:00,12.291
2016-01-11 00:00:00,13.275
2016-01-08 00:00:00,12.8
2016-01-07 00:00:00,12.94999
2016-01-06 00:00:00,12.435
2016-01-05 00:00:00,13.565
2016-01-04 00:00:00,13.8374
2015-12-31 00:00:00,13.715
2015-12-30 00:00:00,13.86
2015-12-29 00:00:00,13.86
2015-12-28 00:00:00,13.86
2015-12-24 00:00:00,14.313
2015-12-23 00:00:00,14.313
2015-12-22 00:00:00,14.313
2015-12-21 00:00:00,14.313
2015-12-18 00:00:00,14.313
2015-12-17 00:00:00,14.313
2015-12-16 00:00:00,14.313
2015-12-15 00:00:00,14.313
2015-12-14 00:00:00,14.65
2015-12-11 00:00:00,14.65
2015-12-10 00:00:00,15.564
2015-12-09 00:00:00,15.564
2015-12-08 00:00:00,15.564
2015-12-07 00:00:00,15.564
2015-12-04 00:00:00,15.556
2015-12-03 00:00:00,15.556
2015-12-02 00:00:00,15.14901
2015-12-01 00:00:00,15.14901
2015-11-30 00:00:00,15.14901
2015-11-27 00:00:00,15.485
2015-11-25 00:00:00,15.485
2015-11-24 00:00:00,15.485
2015-11-23 00:00:00,15.547
2015-11-20 00:00:00,15.547
2015-11-19 00:00:00,15.443
2015-11-18 00:00:00,15.443
2015-11-17 00:00:00,16.238
2015-11-16 00:00:00,16.238
2015-11-13 00:00:00,16.238
2015-11-12 00:00:00,16.909
2015-11-11 00:00:00,16.909
2015-11-10 00:00:00,17.078
2015-11-09 00:00:00,17.078
2015-11-06 00:00:00,16.064
2015-11-05 00:00:00,16.253
2015-11-04 00:00:00,16.253
2015-11-03 00:00:00,16.253
2015-11-02 00:00:00,16.438
2015-10-30 00:00:00,16.352
2015-10-29 00:00:00,17.36042
2015-10-28 00:00:00,19.825
2015-10-27 00:00:00,19.5
2015-10-26 00:00:00,20.0
2015-10-23 00:00:00,19.649
2015-10-22 00:00:00,19.418
2015-10-21 00:00:00,19.27
2015-10-20 00:00:00,18.542
2015-10-19 00:00:00,18.542
2015-10-16 00:00:00,18.542
2015-10-15 00:00:00,18.542
2015-10-14 00:00:00,18.136
2015-10-13 00:00:00,18.209
2015-10-12 00:00:00,17.859
2015-10-09 00:00:00,17.366
2015-10-08 00:00:00,17.366
2015-10-07 00:00:00,17.366
2015-10-06 00:00:00,17.925
2015-10-05 00:00:00,17.925
2015-10-02 00:00:00,17.391
2015-10-01 00:00:00,16.045
2015-09-30 00:00:00,16.045
2015-09-29 00:00:00,16.045
2015-09-28 00:00:00,16.565
2015-09-25 00:00:00,16.703
2015-09-24 00:00:00,16.703
2015-09-23 00:00:00,17.249
2015-09-22 00:00:00,17.2375
2015-09-21 00:00:00,17.4
2015-09-18 00:00:00,17.4
2015-09-17 00:00:00,18.133
2015-09-16 00:00:00,18.133
2015-09-15 00:00:00,19.011
2015-09-14 00:00:00,19.117
2015-09-11 00:00:00,19.117
2015-09-10 00:00:00,19.101
2015-09-09 00:00:00,19.101
2015-09-08 00:00:00,19.0
2015-09-04 00:00:00,19.258
2015-09-03 00:00:00,19.794
2015-09-02 00:00:00,19.95
2015-09-01 00:00:00,19.95
2015-08-31 00:00:00,20.098
2015-08-28 00:00:00,19.694
2015-08-27 00:00:00,19.596
2015-08-26 00:00:00,19.829
2015-08-25 00:00:00,18.728
2015-08-24 00:00:00,17.527
2015-08-21 00:00:00,19.26
2015-08-20 00:00:00,19.86
2015-08-19 00:00:00,19.9
2015-08-18 00:00:00,19.56845
2015-08-17 00:00:00,19.56845
2015-08-14 00:00:00,19.306
2015-08-13 00:00:00,19.306
2015-08-12 00:00:00,19.268
2015-08-11 00:00:00,19.55
2015-08-10 00:00:00,18.7
2015-08-07 00:00:00,18.7
2015-08-06 00:00:00,18.3
2015-08-05 00:00:00,18.3
2015-08-04 00:00:00,17.671
2015-08-03 00:00:00,17.671
2015-07-31 00:00:00,17.51
2015-07-30 00:00:00,18.035
2015-07-29 00:00:00,18.12
2015-07-28 00:00:00,16.577
2015-07-27 00:00:00,16.577
2015-07-24 00:00:00,17.846
2015-07-23 00:00:00,17.846
2015-07-22 00:00:00,17.72
2015-07-21 00:00:00,17.72
2015-07-20 00:00:00,17.334
2015-07-17 00:00:00,17.367
2015-07-16 00:00:00,16.616
2015-07-15 00:00:00,16.616
2015-07-14 00:00:00,16.06495
2015-07-13 00:00:00,16.06495
2015-07-10 00:00:00,15.876
2015-07-09 00:00:00,16.309
2015-07-08 00:00:00,16.309
2015-07-07 00:00:00,16.5
2015-07-06 00:00:00,16.285
2015-07-02 00:00:00,17.151
2015-07-01 00:00:00,17.151
2015-06-30 00:00:00,17.151
2015-06-29 00:00:00,17.151
2015-06-26 00:00:00,17.151
2015-06-25 00:00:00,17.151
2015-06-24 00:00:00,16.798671
2015-06-23 00:00:00,16.8582
2015-06-22 00:00:00,16.46237
2015-06-19 00:00:00,16.0075
2015-06-18 00:00:00,16.0075
2015-06-17 00:00:00,16.0075
2015-06-16 00:00:00,16.277
2015-06-15 00:00:00,16.277
2015-06-12 00:00:00,16.277
2015-06-11 00:00:00,16.277
2015-06-10 00:00:00,17.258
2015-06-09 00:00:00,16.41
2015-06-08 00:00:00,16.736
2015-06-05 00:00:00,16.736
2015-06-04 00:00:00,16.965
2015-06-03 00:00:00,16.965
2015-06-02 00:00:00,17.413
2015-06-01 00:00:00,17.413
2015-05-29 00:00:00,16.64101
2015-05-28 00:00:00,16.64101
2015-05-27 00:00:00,16.682
2015-05-26 00:00:00,17.198
2015-05-22 00:00:00,17.664
2015-05-21 00:00:00,17.752
2015-05-20 00:00:00,18.0
2015-05-19 00:00:00,18.4
2015-05-18 00:00:00,18.869
2015-05-15 00:00:00,18.94675
2015-05-14 00:00:00,18.666
2015-05-13 00:00:00,18.666
2015-05-12 00:00:00,17.359
2015-05-11 00:00:00,17.15
2015-05-08 00:00:00,17.977
2015-05-07 00:00:00,17.675
2015-05-06 00:00:00,16.754
2015-05-05 00:00:00,16.927
2015-05-04 00:00:00,17.002
2015-05-01 00:00:00,16.808
2015-04-30 00:00:00,17.525
2015-04-29 00:00:00,17.525
2015-04-28 00:00:00,17.5
2015-04-27 00:00:00,17.35
2015-04-24 00:00:00,17.42
2015-04-23 00:00:00,17.55
2015-04-22 00:00:00,17.55
2015-04-21 00:00:00,17.28
2015-04-20 00:00:00,17.073
2015-04-17 00:00:00,16.921
2015-04-16 00:00:00,17.222
2015-04-15 00:00:00,16.796
2015-04-14 00:00:00,16.18401
2015-04-13 00:00:00,16.1875
2015-04-10 00:00:00,15.85
2015-04-09 00:00:00,15.95
2015-04-08 00:00:00,15.95
2015-04-07 00:00:00,15.6
2015-04-06 00:00:00,15.6
2015-04-02 00:00:00,15.0
2015-04-01 00:00:00,15.0
2015-03-31 00:00:00,15.0
2015-03-30 00:00:00,15.0
2015-03-27 00:00:00,15.383
2015-03-26 00:00:00,15.525
2015-03-25 00:00:00,15.525
2015-03-24 00:00:00,15.307
2015-03-23 00:00:00,15.307
2015-03-20 00:00:00,15.0
2015-03-19 00:00:00,15.725
2015-03-18 00:00:00,17.7
2015-03-17 00:00:00,14.5995
2015-03-16 00:00:00,11.455
2015-03-13 00:00:00,11.104
2015-03-12 00:00:00,10.952
2015-03-11 00:00:00,10.952
2015-03-10 00:00:00,10.952
2015-03-09 00:00:00,11.415
2015-03-06 00:00:00,11.44
2015-03-05 00:00:00,11.335
2015-03-04 00:00:00,10.525
2015-03-03 00:00:00,10.525
2015-03-02 00:00:00,10.525
2015-02-27 00:00:00,10.525
2015-02-26 00:00:00,10.525
2015-02-25 00:00:00,10.14
2015-02-24 00:00:00,10.325
2015-02-23 00:00:00,10.325
2015-02-20 00:00:00,10.325
2015-02-19 00:00:00,10.135
2015-02-18 00:00:00,10.135
2015-02-17 00:00:00,10.068
2015-02-13 00:00:00,10.068
2015-02-12 00:00:00,10.05
2015-02-11 00:00:00,10.05
2015-02-10 00:00:00,10.05
2015-02-09 00:00:00,10.05
2015-02-06 00:00:00,10.05
2015-02-05 00:00:00,9.724
2015-02-04 00:00:00,9.724
2015-02-03 00:00:00,9.74625
2015-02-02 00:00:00,9.685
2015-01-30 00:00:00,9.485
2015-01-29 00:00:00,9.485
2015-01-28 00:00:00,10.2
2015-01-27 00:00:00,10.19
2015-01-26 00:00:00,10.19
2015-01-23 00:00:00,10.085
2015-01-22 00:00:00,10.085
2015-01-21 00:00:00,10.3375
2015-01-20 00:00:00,10.3375
2015-01-16 00:00:00,10.3375
2015-01-15 00:00:00,10.025
2015-01-14 00:00:00,10.025
2015-01-13 00:00:00,10.17
2015-01-12 00:00:00,10.17
2015-01-09 00:00:00,10.17
2015-01-08 00:00:00,9.825
2015-01-07 00:00:00,9.825
2015-01-06 00:00:00,9.825
2015-01-05 00:00:00,10.555
2015-01-02 00:00:00,10.555
2014-12-31 00:00:00,10.555
2014-12-30 00:00:00,10.555
2014-12-29 00:00:00,10.555
2014-12-26 00:00:00,10.692
2014-12-24 00:00:00,10.575
2014-12-23 00:00:00,10.575
2014-12-22 00:00:00,10.575
2014-12-19 00:00:00,10.575
2014-12-18 00:00:00,10.693
2014-12-17 00:00:00,11.07
2014-12-16 00:00:00,11.07
2014-12-15 00:00:00,11.07
2014-12-12 00:00:00,11.325
2014-12-11 00:00:00,11.325
2014-12-10 00:00:00,11.325
2014-12-09 00:00:00,11.325
2014-12-08 00:00:00,11.445
2014-12-05 00:00:00,11.685
2014-12-04 00:00:00,11.575
2014-12-03 00:00:00,11.57
2014-12-02 00:00:00,11.57
2014-12-01 00:00:00,11.817
2014-11-28 00:00:00,11.5
2014-11-26 00:00:00,11.5
2014-11-25 00:00:00,11.28975
2014-11-24 00:00:00,11.075
2014-11-21 00:00:00,11.1
2014-11-20 00:00:00,10.96
2014-11-19 00:00:00,10.96
2014-11-18 00:00:00,10.96
2014-11-17 00:00:00,10.96
2014-11-14 00:00:00,10.96
2014-11-13 00:00:00,10.88
2014-11-12 00:00:00,10.964
2014-11-11 00:00:00,10.589
2014-11-10 00:00:00,10.589
2014-11-07 00:00:00,10.643
2014-11-06 00:00:00,10.96275
2014-11-05 00:00:00,10.96275
2014-11-04 00:00:00,10.96275
2014-11-03 00:00:00,10.96275
2014-10-31 00:00:00,11.025
2014-10-30 00:00:00,11.20299
2014-10-29 00:00:00,11.20299
2014-10-28 00:00:00,10.273
2014-10-27 00:00:00,10.273
2014-10-24 00:00:00,10.273
2014-10-23 00:00:00,10.273
2014-10-22 00:00:00,10.273
2014-10-21 00:00:00,10.273
2014-10-20 00:00:00,10.3
2014-10-17 00:00:00,10.3
2014-10-16 00:00:00,10.3
2014-10-15 00:00:00,10.3
2014-10-14 00:00:00,10.24
2014-10-13 00:00:00,10.31
2014-10-10 00:00:00,10.272
2014-10-09 00:00:00,10.401
2014-10-08 00:00:00,10.615
2014-10-07 00:00:00,10.615
2014-10-06 00:00:00,10.694
2014-10-03 00:00:00,10.54
2014-10-02 00:00:00,10.54
2014-10-01 00:00:00,10.655
2014-09-30 00:00:00,10.90445
2014-09-29 00:00:00,10.90445
2014-09-26 00:00:00,11.144
2014-09-25 00:00:00,11.144
2014-09-24 00:00:00,11.144
2014-09-23 00:00:00,11.305
2014-09-22 00:00:00,11.4
2014-09-19 00:00:00,11.015
2014-09-18 00:00:00,11.346
2014-09-17 00:00:00,11.117
2014-09-16 00:00:00,10.981
2014-09-15 00:00:00,10.981
2014-09-12 00:00:00,10.981
2014-09-11 00:00:00,11.022
2014-09-10 00:00:00,11.022
2014-09-09 00:00:00,11.022
2014-09-08 00:00:00,11.235
2014-09-05 00:00:00,11.235
2014-09-04 00:00:00,11.23
2014-09-03 00:00:00,11.23
2014-09-02 00:00:00,11.6
2014-08-29 00:00:00,11.08
2014-08-28 00:00:00,11.08
2014-08-27 00:00:00,11.145
2014-08-26 00:00:00,11.22
2014-08-25 00:00:00,11.25
2014-08-22 00:00:00,11.25
2014-08-21 00:00:00,11.27
2014-08-20 00:00:00,11.46
2014-08-19 00:00:00,11.46
2014-08-18 00:00:00,11.415
2014-08-15 00:00:00,10.709
2014-08-14 00:00:00,10.709
2014-08-13 00:00:00,10.67501
2014-08-12 00:00:00,10.765
2014-08-11 00:00:00,10.875
2014-08-08 00:00:00,10.91
2014-08-07 00:00:00,10.91
2014-08-06 00:00:00,10.65901
2014-08-05 00:00:00,10.95
2014-08-04 00:00:00,11.075
2014-08-01 00:00:00,11.075
2014-07-31 00:00:00,11.2
2014-07-30 00:00:00,11.45
2014-07-29 00:00:00,12.55
2014-07-28 00:00:00,12.55
2014-07-25 00:00:00,12.55
2014-07-24 00:00:00,12.55
2014-07-23 00:00:00,12.55
2014-07-22 00:00:00,12.855
2014-07-21 00:00:00,12.445
2014-07-18 00:00:00,12.28501
2014-07-17 00:00:00,12.38
2014-07-16 00:00:00,12.38
2014-07-15 00:00:00,12.15
2014-07-14 00:00:00,12.15
2014-07-11 00:00:00,12.15
2014-07-10 00:00:00,12.35
2014-07-09 00:00:00,12.35
2014-07-08 00:00:00,12.29
2014-07-07 00:00:00,12.65
2014-07-03 00:00:00,12.48001
2014-07-02 00:00:00,12.425
2014-07-01 00:00:00,12.07
2014-06-30 00:00:00,11.875
2014-06-27 00:00:00,11.875
2014-06-26 00:00:00,11.805
2014-06-25 00:00:00,11.89001
2014-06-24 00:00:00,12.17
2014-06-23 00:00:00,12.19
2014-06-20 00:00:00,12.19
2014-06-19 00:00:00,12.08001
2014-06-18 00:00:00,11.64
2014-06-17 00:00:00,11.64
2014-06-16 00:00:00,11.64
2014-06-13 00:00:00,11.395
2014-06-12 00:00:00,11.112
2014-06-11 00:00:00,11.35
2014-06-10 00:00:00,11.647
2014-06-09 00:00:00,11.485
2014-06-06 00:00:00,11.485
2014-06-05 00:00:00,11.551
2014-06-04 00:00:00,11.47
2014-06-03 00:00:00,11.47
2014-06-02 00:00:00,11.47
2014-05-30 00:00:00,11.47
2014-05-29 00:00:00,11.47
2014-05-28 00:00:00,11.47
2014-05-27 00:00:00,11.47
2014-05-23 00:00:00,11.36
2014-05-22 00:00:00,11.17275
2014-05-21 00:00:00,11.17275
2014-05-20 00:00:00,10.749
2014-05-19 00:00:00,10.749
2014-05-16 00:00:00,10.749
2014-05-15 00:00:00,10.81
2014-05-14 00:00:00,10.68
2014-05-13 00:00:00,10.68
2014-05-12 00:00:00,10.532
2014-05-09 00:00:00,10.532
2014-05-08 00:00:00,10.532
2014-05-07 00:00:00,10.525
2014-05-06 00:00:00,10.525
2014-05-05 00:00:00,10.525
2014-05-02 00:00:00,10.525
2014-05-01 00:00:00,10.525
2014-04-30 00:00:00,10.375
2014-04-29 00:00:00,10.575
2014-04-28 00:00:00,10.895
2014-04-25 00:00:00,10.895
2014-04-24 00:00:00,10.895
2014-04-23 00:00:00,10.895
2014-04-22 00:00:00,10.875
2014-04-21 00:00:00,10.655
2014-04-17 00:00:00,10.655
2014-04-16 00:00:00,10.655
2014-04-15 00:00:00,10.655
2014-04-14 00:00:00,10.905
2014-04-11 00:00:00,11.0
2014-04-10 00:00:00,11.0
2014-04-09 00:00:00,11.15
2014-04-08 00:00:00,11.143
2014-04-07 00:00:00,11.49
2014-04-04 00:00:00,11.625
2014-04-03 00:00:00,11.625
2014-04-02 00:00:00,11.625
2014-04-01 00:00:00,11.727
2014-03-31 00:00:00,11.727
2014-03-28 00:00:00,11.727
2014-03-27 00:00:00,11.727
2014-03-26 00:00:00,11.727
2014-03-25 00:00:00,11.727
2014-03-24 00:00:00,11.727
2014-03-21 00:00:00,11.504
2014-03-20 00:00:00,11.504
2014-03-19 00:00:00,11.504
2014-03-18 00:00:00,11.504
2014-03-17 00:00:00,11.85
2014-03-14 00:00:00,11.885
2014-03-13 00:00:00,11.885
2014-03-12 00:00:00,11.78501
2014-03-11 00:00:00,11.93
2014-03-10 00:00:00,11.955
2014-03-07 00:00:00,12.084
2014-03-06 00:00:00,12.4
2014-03-05 00:00:00,12.4
2014-03-04 00:00:00,12.435
2014-03-03 00:00:00,12.125
2014-02-28 00:00:00,12.295
2014-02-27 00:00:00,12.05
2014-02-26 00:00:00,12.63
2014-02-25 00:00:00,12.271
2014-02-24 00:00:00,12.29
2014-02-21 00:00:00,12.075
2014-02-20 00:00:00,12.075
2014-02-19 00:00:00,11.59001
2014-02-18 00:00:00,11.59001
2014-02-14 00:00:00,11.59001
2014-02-13 00:00:00,11.593
2014-02-12 00:00:00,11.8
2014-02-11 00:00:00,11.8
2014-02-10 00:00:00,11.95
2014-02-07 00:00:00,11.3
2014-02-06 00:00:00,11.175
2014-02-05 00:00:00,11.175
2014-02-04 00:00:00,11.931
2014-02-03 00:00:00,11.7
2014-01-31 00:00:00,11.825
2014-01-30 00:00:00,12.19
2014-01-29 00:00:00,13.43136
2014-01-28 00:00:00,12.525
2014-01-27 00:00:00,13.0
2014-01-24 00:00:00,13.075
2014-01-23 00:00:00,13.17
2014-01-22 00:00:00,13.355
2014-01-21 00:00:00,12.9
2014-01-17 00:00:00,11.91
2014-01-16 00:00:00,15.349989
2014-01-15 00:00:00,15.349989
2014-01-14 00:00:00,15.349989
2014-01-13 00:00:00,15.349989
2014-01-10 00:00:00,15.22
2014-01-09 00:00:00,14.85
2014-01-08 00:00:00,15.0
2014-01-07 00:00:00,13.525011
2014-01-06 00:00:00,13.525011
2014-01-03 00:00:00,13.358749
2014-01-02 00:00:00,13.23101
2013-12-31 00:00:00,13.32625
2013-12-30 00:00:00,13.32625
2013-12-27 00:00:00,13.35
2013-12-26 00:00:00,13.325
2013-12-24 00:00:00,13.275
2013-12-23 00:00:00,13.275
2013-12-20 00:00:00,13.15
2013-12-19 00:00:00,12.15
2013-12-18 00:00:00,12.15
2013-12-17 00:00:00,12.15
2013-12-16 00:00:00,12.15
2013-12-13 00:00:00,12.85
2013-12-12 00:00:00,12.85
2013-12-11 00:00:00,12.85
2013-12-10 00:00:00,12.85
2013-12-09 00:00:00,12.85
2013-12-06 00:00:00,12.85
2013-12-05 00:00:00,12.85
2013-12-04 00:00:00,12.85
2013-12-03 00:00:00,12.85
2013-12-02 00:00:00,12.85
2013-11-29 00:00:00,12.925
2013-11-27 00:00:00,13.45
2013-11-26 00:00:00,13.45
2013-11-25 00:00:00,13.45
2013-11-22 00:00:00,12.991251
2013-11-21 00:00:00,12.991251
2013-11-20 00:00:00,12.991251
2013-11-19 00:00:00,12.991251
2013-11-18 00:00:00,13.02001
2013-11-15 00:00:00,13.06
2013-11-14 00:00:00,12.5303
2013-11-13 00:00:00,12.435
2013-11-12 00:00:00,12.345
2013-11-11 00:00:00,12.345
2013-11-08 00:00:00,12.33
2013-11-07 00:00:00,11.972
2013-11-06 00:00:00,11.675
2013-11-05 00:00:00,11.675
2013-11-04 00:00:00,11.25
2013-11-01 00:00:00,11.25
2013-10-31 00:00:00,11.25
2013-10-30 00:00:00,11.51
2013-10-29 00:00:00,11.65
2013-10-28 00:00:00,11.65
2013-10-25 00:00:00,11.85
2013-10-24 00:00:00,11.85
2013-10-23 00:00:00,11.85
2013-10-22 00:00:00,11.85
2013-10-21 00:00:00,11.85
2013-10-18 00:00:00,11.67
2013-10-17 00:00:00,11.53
2013-10-16 00:00:00,11.53
2013-10-15 00:00:00,11.281
2013-10-14 00:00:00,11.281
2013-10-11 00:00:00,11.281
2013-10-10 00:00:00,11.281
2013-10-09 00:00:00,11.281
2013-10-08 00:00:00,11.05
2013-10-07 00:00:00,11.05
2013-10-04 00:00:00,11.05
2013-10-03 00:00:00,11.05
2013-10-02 00:00:00,11.05
2013-10-01 00:00:00,11.325
2013-09-30 00:00:00,11.375
2013-09-27 00:00:00,11.153
2013-09-26 00:00:00,11.153
2013-09-25 00:00:00,11.153
2013-09-24 00:00:00,11.153
2013-09-23 00:00:00,11.153
2013-09-20 00:00:00,11.153
2013-09-19 00:00:00,11.153
2013-09-18 00:00:00,10.978
2013-09-17 00:00:00,10.978
2013-09-16 00:00:00,10.957
2013-09-13 00:00:00,10.896
2013-09-12 00:00:00,11.0
2013-09-11 00:00:00,11.0
2013-09-10 00:00:00,11.025
2013-09-09 00:00:00,11.025
2013-09-06 00:00:00,11.65
2013-09-05 00:00:00,12.282
2013-09-04 00:00:00,12.282
2013-09-03 00:00:00,11.825
2013-08-30 00:00:00,12.33
2013-08-29 00:00:00,12.33
2013-08-28 00:00:00,12.33
2013-08-27 00:00:00,12.598
2013-08-26 00:00:00,12.293
2013-08-23 00:00:00,12.293
2013-08-22 00:00:00,12.435
2013-08-21 00:00:00,12.435
2013-08-20 00:00:00,12.393
2013-08-19 00:00:00,12.644
2013-08-16 00:00:00,12.46401
2013-08-15 00:00:00,12.847
2013-08-14 00:00:00,12.847
2013-08-13 00:00:00,12.70801
2013-08-12 00:00:00,12.70801
2013-08-09 00:00:00,13.171001
2013-08-08 00:00:00,13.171001
2013-08-07 00:00:00,13.734
2013-08-06 00:00:00,13.734
2013-08-05 00:00:00,13.178
2013-08-02 00:00:00,13.283
2013-08-01 00:00:00,13.299001
2013-07-31 00:00:00,13.299001
2013-07-30 00:00:00,13.299001
2013-07-29 00:00:00,13.076
2013-07-26 00:00:00,13.425
2013-07-25 00:00:00,14.015
2013-07-24 00:00:00,14.015
2013-07-23 00:00:00,14.015
2013-07-22 00:00:00,14.015
2013-07-19 00:00:00,12.69116
2013-07-18 00:00:00,12.69116
2013-07-17 00:00:00,12.69116
2013-07-16 00:00:00,12.69116
2013-07-15 00:00:00,12.036
2013-07-12 00:00:00,12.158
2013-07-11 00:00:00,12.22
2013-07-10 00:00:00,12.0244
2013-07-09 00:00:00,12.0244
2013-07-08 00:00:00,11.725
2013-07-05 00:00:00,11.8464
2013-07-03 00:00:00,11.75
2013-07-02 00:00:00,11.75
2013-07-01 00:00:00,11.75
2013-06-28 00:00:00,11.75
2013-06-27 00:00:00,11.567
2013-06-26 00:00:00,11.567
2013-06-25 00:00:00,11.567
2013-06-24 00:00:00,11.567
2013-06-21 00:00:00,11.567
2013-06-20 00:00:00,11.567
2013-06-19 00:00:00,11.567
2013-06-18 00:00:00,10.953
2013-06-17 00:00:00,10.953
2013-06-14 00:00:00,9.831
2013-06-13 00:00:00,9.831
2013-06-12 00:00:00,9.831
2013-06-11 00:00:00,9.9
2013-06-10 00:00:00,10.057
2013-06-07 00:00:00,9.576
2013-06-06 00:00:00,9.47
2013-06-05 00:00:00,9.983
2013-06-04 00:00:00,9.983
2013-06-03 00:00:00,9.983
2013-05-31 00:00:00,10.025
2013-05-30 00:00:00,10.104
2013-05-29 00:00:00,10.104
2013-05-28 00:00:00,10.15
2013-05-24 00:00:00,10.469
2013-05-23 00:00:00,10.381
2013-05-22 00:00:00,10.91
2013-05-21 00:00:00,11.16
2013-05-20 00:00:00,11.1
2013-05-17 00:00:00,11.1
2013-05-16 00:00:00,11.1
2013-05-15 00:00:00,11.567
2013-05-14 00:00:00,10.752
2013-05-13 00:00:00,10.752
2013-05-10 00:00:00,10.977
2013-05-09 00:00:00,10.977
2013-05-08 00:00:00,10.925
2013-05-07 00:00:00,10.925
2013-05-06 00:00:00,10.916
2013-05-03 00:00:00,10.916
2013-05-02 00:00:00,10.916
2013-05-01 00:00:00,10.767
2013-04-30 00:00:00,10.767
2013-04-29 00:00:00,10.767
2013-04-26 00:00:00,10.767
2013-04-25 00:00:00,11.375
2013-04-24 00:00:00,11.63
2013-04-23 00:00:00,11.63
2013-04-22 00:00:00,11.63
2013-04-19 00:00:00,11.525
2013-04-18 00:00:00,11.525
2013-04-17 00:00:00,11.45
2013-04-16 00:00:00,11.648
2013-04-15 00:00:00,11.648
2013-04-12 00:00:00,11.486
2013-04-11 00:00:00,11.96834
2013-04-10 00:00:00,11.96834
2013-04-09 00:00:00,10.653
2013-04-08 00:00:00,10.653
2013-04-05 00:00:00,10.653
2013-04-04 00:00:00,10.653
2013-04-03 00:00:00,10.653
2013-04-02 00:00:00,10.7
2013-04-01 00:00:00,10.7
2013-03-28 00:00:00,10.776
2013-03-27 00:00:00,10.8
2013-03-26 00:00:00,11.06
2013-03-25 00:00:00,11.06
2013-03-22 00:00:00,11.06
2013-03-21 00:00:00,11.06
2013-03-20 00:00:00,11.078
2013-03-19 00:00:00,11.069
2013-03-18 00:00:00,11.124
2013-03-15 00:00:00,11.124
2013-03-14 00:00:00,11.284
2013-03-13 00:00:00,11.284
2013-03-12 00:00:00,10.996
2013-03-11 00:00:00,11.224
2013-03-08 00:00:00,10.175
2013-03-07 00:00:00,10.175
2013-03-06 00:00:00,10.0064
2013-03-05 00:00:00,10.0064
2013-03-04 00:00:00,9.87
2013-03-01 00:00:00,9.711
2013-02-28 00:00:00,9.695
2013-02-27 00:00:00,9.735
2013-02-26 00:00:00,9.735
2013-02-25 00:00:00,9.735
2013-02-22 00:00:00,9.614
2013-02-21 00:00:00,9.35
2013-02-20 00:00:00,9.35
2013-02-19 00:00:00,9.305
2013-02-15 00:00:00,9.091
2013-02-14 00:00:00,9.233
2013-02-13 00:00:00,9.335
2013-02-12 00:00:00,9.23
2013-02-11 00:00:00,9.547
2013-02-08 00:00:00,9.547
2013-02-07 00:00:00,9.547
2013-02-06 00:00:00,9.35
2013-02-05 00:00:00,9.505
2013-02-04 00:00:00,9.505
2013-02-01 00:00:00,9.59
2013-01-31 00:00:00,9.854
2013-01-30 00:00:00,9.854
2013-01-29 00:00:00,10.6
2013-01-28 00:00:00,10.612
2013-01-25 00:00:00,10.275
2013-01-24 00:00:00,10.225
2013-01-23 00:00:00,10.325
2013-01-22 00:00:00,10.325
2013-01-18 00:00:00,10.325
2013-01-17 00:00:00,10.325
2013-01-16 00:00:00,10.325
2013-01-15 00:00:00,10.16
2013-01-14 00:00:00,10.215
2013-01-11 00:00:00,10.16
2013-01-10 00:00:00,9.95
2013-01-09 00:00:00,9.95
2013-01-08 00:00:00,9.95
2013-01-07 00:00:00,10.2
2013-01-04 00:00:00,10.385
2013-01-03 00:00:00,10.75
2013-01-02 00:00:00,10.75
2012-12-31 00:00:00,10.575
2012-12-28 00:00:00,10.52
2012-12-27 00:00:00,10.2175
2012-12-26 00:00:00,10.2175
2012-12-24 00:00:00,10.235
2012-12-21 00:00:00,10.595
2012-12-20 00:00:00,10.595
2012-12-19 00:00:00,10.595
2012-12-18 00:00:00,10.56
2012-12-17 00:00:00,10.56
2012-12-14 00:00:00,10.84
2012-12-13 00:00:00,10.84
2012-12-12 00:00:00,10.84
2012-12-11 00:00:00,11.25
2012-12-10 00:00:00,11.25
2012-12-07 00:00:00,11.803
2012-12-06 00:00:00,11.803
2012-12-05 00:00:00,11.783
2012-12-04 00:00:00,11.8
2012-12-03 00:00:00,11.8
2012-11-30 00:00:00,11.95
2012-11-29 00:00:00,12.3
2012-11-28 00:00:00,12.15
2012-11-27 00:00:00,12.33035
2012-11-26 00:00:00,12.55
2012-11-23 00:00:00,12.35
2012-11-21 00:00:00,12.35
2012-11-20 00:00:00,12.832001
2012-11-19 00:00:00,12.832001
2012-11-16 00:00:00,12.832001
2012-11-15 00:00:00,12.832001
2012-11-14 00:00:00,12.725
2012-11-13 00:00:00,12.475
2012-11-12 00:00:00,12.7
2012-11-09 00:00:00,12.7
2012-11-08 00:00:00,12.7
2012-11-07 00:00:00,12.7
2012-11-06 00:00:00,12.7
2012-11-05 00:00:00,12.7
2012-11-02 00:00:00,12.974001
2012-11-01 00:00:00,12.975
2012-10-31 00:00:00,12.65
2012-10-26 00:00:00,12.925
2012-10-25 00:00:00,12.25
2012-10-24 00:00:00,12.25
2012-10-23 00:00:00,13.0
2012-10-22 00:00:00,13.0
2012-10-19 00:00:00,13.0
2012-10-18 00:00:00,13.049001
2012-10-17 00:00:00,13.049001
2012-10-16 00:00:00,13.049001
2012-10-15 00:00:00,13.049001
2012-10-12 00:00:00,13.049001
2012-10-11 00:00:00,13.049001
2012-10-10 00:00:00,13.049001
2012-10-09 00:00:00,14.189
2012-10-08 00:00:00,14.189
2012-10-05 00:00:00,14.189
2012-10-04 00:00:00,14.175
2012-10-03 00:00:00,13.425
2012-10-02 00:00:00,13.425
2012-10-01 00:00:00,12.868
2012-09-28 00:00:00,12.868
2012-09-27 00:00:00,12.868
2012-09-26 00:00:00,12.875
2012-09-25 00:00:00,12.975
2012-09-24 00:00:00,12.25
2012-09-21 00:00:00,12.525
2012-09-20 00:00:00,12.65
2012-09-19 00:00:00,12.95
2012-09-18 00:00:00,12.828
2012-09-17 00:00:00,12.385
2012-09-14 00:00:00,12.462
2012-09-13 00:00:00,11.7
2012-09-12 00:00:00,11.7
2012-09-11 00:00:00,11.25
2012-09-10 00:00:00,11.25
2012-09-07 00:00:00,11.025
2012-09-06 00:00:00,11.025
2012-09-05 00:00:00,11.025
2012-09-04 00:00:00,11.025
2012-08-31 00:00:00,11.025
2012-08-30 00:00:00,11.025
2012-08-29 00:00:00,11.325
2012-08-28 00:00:00,11.0
2012-08-27 00:00:00,11.0
2012-08-24 00:00:00,11.0
2012-08-23 00:00:00,11.0
2012-08-21 00:00:00,11.0
2012-08-20 00:00:00,10.85
2012-08-17 00:00:00,10.85
2012-08-16 00:00:00,10.547
2012-08-15 00:00:00,10.547
2012-08-14 00:00:00,10.775
2012-08-13 00:00:00,11.025
2012-08-10 00:00:00,10.675
2012-08-09 00:00:00,10.675
2012-08-08 00:00:00,10.625
2012-08-07 00:00:00,10.625
2012-08-06 00:00:00,10.625
2012-08-03 00:00:00,10.625
2012-08-02 00:00:00,10.55
2012-08-01 00:00:00,10.655
2012-07-31 00:00:00,10.655
2012-07-30 00:00:00,10.655
2012-07-27 00:00:00,10.655
2012-07-26 00:00:00,10.655
2012-07-25 00:00:00,10.379
2012-07-24 00:00:00,10.379
2012-07-23 00:00:00,11.075
2012-07-20 00:00:00,11.075
2012-07-19 00:00:00,11.075
2012-07-18 00:00:00,11.075
2012-07-17 00:00:00,11.075
2012-07-16 00:00:00,11.275
2012-07-13 00:00:00,11.275
2012-07-12 00:00:00,11.275
2012-07-11 00:00:00,11.525
2012-07-10 00:00:00,11.493
2012-07-09 00:00:00,11.789
2012-07-06 00:00:00,11.789
2012-07-05 00:00:00,11.525
2012-07-03 00:00:00,11.525
2012-07-02 00:00:00,11.525
2012-06-29 00:00:00,11.45
2012-06-28 00:00:00,11.45
2012-06-27 00:00:00,11.4
2012-06-26 00:00:00,11.5
2012-06-25 00:00:00,11.575
2012-06-22 00:00:00,11.8
2012-06-21 00:00:00,11.8
2012-06-20 00:00:00,11.513
2012-06-19 00:00:00,11.513
2012-06-18 00:00:00,11.325
2012-06-15 00:00:00,11.2
2012-06-14 00:00:00,11.125
2012-06-13 00:00:00,11.125
2012-06-12 00:00:00,11.125
2012-06-11 00:00:00,10.81
2012-06-08 00:00:00,10.88
2012-06-07 00:00:00,11.313
2012-06-06 00:00:00,11.375
2012-06-05 00:00:00,11.375
2012-06-04 00:00:00,11.375
2012-06-01 00:00:00,11.154
2012-05-31 00:00:00,11.154
2012-05-30 00:00:00,11.154
2012-05-29 00:00:00,11.239
2012-05-25 00:00:00,11.239
2012-05-24 00:00:00,11.239
2012-05-23 00:00:00,11.4
2012-05-22 00:00:00,11.601
2012-05-21 00:00:00,11.601
2012-05-18 00:00:00,11.875
2012-05-17 00:00:00,11.525
2012-05-16 00:00:00,11.525
2012-05-15 00:00:00,11.675
2012-05-14 00:00:00,12.475
2012-05-11 00:00:00,12.475
2012-05-10 00:00:00,12.475
2012-05-09 00:00:00,12.475
2012-05-08 00:00:00,12.475
2012-05-07 00:00:00,12.575
2012-05-04 00:00:00,13.0
2012-05-03 00:00:00,13.0
2012-05-02 00:00:00,13.05
2012-05-01 00:00:00,12.95
2012-04-30 00:00:00,13.5
2012-04-27 00:00:00,13.5
2012-04-26 00:00:00,13.35
2012-04-25 00:00:00,13.875
2012-04-24 00:00:00,13.875
2012-04-23 00:00:00,13.875
2012-04-20 00:00:00,13.875
2012-04-19 00:00:00,13.875
2012-04-18 00:00:00,13.875
2012-04-17 00:00:00,13.875
2012-04-16 00:00:00,14.175
2012-04-13 00:00:00,14.075
2012-04-12 00:00:00,14.575
2012-04-11 00:00:00,14.575
2012-04-10 00:00:00,14.575
2012-04-09 00:00:00,14.575
2012-04-05 00:00:00,15.0
2012-04-04 00:00:00,15.3
2012-04-03 00:00:00,15.3
2012-04-02 00:00:00,15.3
2012-03-30 00:00:00,15.3
2012-03-29 00:00:00,15.3
2012-03-28 00:00:00,14.95
2012-03-27 00:00:00,14.95
2012-03-26 00:00:00,14.95
2012-03-23 00:00:00,14.775
2012-03-22 00:00:00,14.775
2012-03-21 00:00:00,14.775
2012-03-20 00:00:00,15.0
2012-03-19 00:00:00,15.1
2012-03-16 00:00:00,15.067
2012-03-15 00:00:00,14.0
2012-03-14 00:00:00,14.0
2012-03-13 00:00:00,14.0
2012-03-12 00:00:00,14.0
2012-03-09 00:00:00,14.25
2012-03-08 00:00:00,13.825
2012-03-07 00:00:00,13.825
2012-03-06 00:00:00,13.825
2012-03-05 00:00:00,14.1
2012-03-02 00:00:00,14.275
2012-03-01 00:00:00,15.425
2012-02-29 00:00:00,15.425
2012-02-28 00:00:00,15.425
2012-02-27 00:00:00,15.425
2012-02-24 00:00:00,15.625
2012-02-23 00:00:00,14.5
2012-02-22 00:00:00,14.5
2012-02-21 00:00:00,14.5
2012-02-17 00:00:00,14.375
2012-02-16 00:00:00,14.375
2012-02-15 00:00:00,13.85
2012-02-14 00:00:00,13.85
2012-02-13 00:00:00,13.725
2012-02-10 00:00:00,13.65
2012-02-09 00:00:00,13.75
2012-02-08 00:00:00,13.75
2012-02-07 00:00:00,13.525
2012-02-06 00:00:00,13.454
2012-02-03 00:00:00,13.525
2012-02-02 00:00:00,13.525
2012-02-01 00:00:00,13.425
2012-01-31 00:00:00,13.425
2012-01-30 00:00:00,13.425
2012-01-27 00:00:00,13.457001
2012-01-26 00:00:00,13.457001
2012-01-25 00:00:00,14.05
2012-01-24 00:00:00,14.05
2012-01-23 00:00:00,13.675
2012-01-20 00:00:00,13.675
2012-01-19 00:00:00,13.475
2012-01-18 00:00:00,13.475
2012-01-17 00:00:00,13.475
2012-01-13 00:00:00,13.225
2012-01-12 00:00:00,13.6
2012-01-11 00:00:00,13.6
2012-01-10 00:00:00,13.725
2012-01-09 00:00:00,13.725
2012-01-06 00:00:00,14.025
2012-01-05 00:00:00,14.025
2012-01-04 00:00:00,14.025
2012-01-03 00:00:00,14.025
2011-12-30 00:00:00,13.61
2011-12-29 00:00:00,13.32
2011-12-28 00:00:00,13.475
2011-12-27 00:00:00,13.475
2011-12-23 00:00:00,13.475
2011-12-22 00:00:00,13.475
2011-12-21 00:00:00,13.475
2011-12-20 00:00:00,13.475
2011-12-19 00:00:00,13.5
2011-12-16 00:00:00,13.8
2011-12-15 00:00:00,14.175
2011-12-14 00:00:00,14.175
2011-12-13 00:00:00,14.175
2011-12-12 00:00:00,14.175
2011-12-09 00:00:00,14.175
2011-12-08 00:00:00,14.175
2011-12-07 00:00:00,14.425
2011-12-06 00:00:00,14.425
2011-12-05 00:00:00,14.175
2011-12-02 00:00:00,14.35
2011-12-01 00:00:00,14.35
2011-11-30 00:00:00,14.35
2011-11-29 00:00:00,14.35
2011-11-28 00:00:00,14.35
2011-11-25 00:00:00,14.35
2011-11-23 00:00:00,14.35
2011-11-22 00:00:00,14.775
2011-11-21 00:00:00,14.962
2011-11-18 00:00:00,15.425
2011-11-17 00:00:00,15.425
2011-11-16 00:00:00,15.425
2011-11-15 00:00:00,15.75
2011-11-14 00:00:00,15.9
2011-11-11 00:00:00,15.9
2011-11-10 00:00:00,16.075
2011-11-09 00:00:00,15.65
2011-11-08 00:00:00,15.65
2011-11-07 00:00:00,15.165
2011-11-04 00:00:00,15.165
2011-11-03 00:00:00,14.272
2011-11-02 00:00:00,14.272
2011-11-01 00:00:00,14.272
2011-10-31 00:00:00,14.272
2011-10-28 00:00:00,14.272
2011-10-27 00:00:00,14.272
2011-10-26 00:00:00,14.685001
2011-10-25 00:00:00,15.2
2011-10-24 00:00:00,15.2
2011-10-21 00:00:00,15.2
2011-10-20 00:00:00,15.2
2011-10-19 00:00:00,15.475
2011-10-18 00:00:00,15.475
2011-10-17 00:00:00,15.725
2011-10-14 00:00:00,15.194
2011-10-13 00:00:00,15.25
2011-10-12 00:00:00,15.25
2011-10-11 00:00:00,15.3
2011-10-10 00:00:00,15.3
2011-10-07 00:00:00,15.2
2011-10-06 00:00:00,15.2
2011-10-05 00:00:00,15.2
2011-10-04 00:00:00,14.875
2011-10-03 00:00:00,14.575
2011-09-30 00:00:00,14.575
2011-09-29 00:00:00,14.575
2011-09-28 00:00:00,14.575
2011-09-27 00:00:00,14.925
2011-09-26 00:00:00,14.925
2011-09-23 00:00:00,14.925
2011-09-22 00:00:00,14.925
2011-09-21 00:00:00,15.36
2011-09-20 00:00:00,15.36
2011-09-19 00:00:00,15.075
2011-09-16 00:00:00,15.275
2011-09-15 00:00:00,16.592
2011-09-14 00:00:00,16.592
2011-09-13 00:00:00,16.592
2011-09-12 00:00:00,16.592
2011-09-09 00:00:00,16.592
2011-09-08 00:00:00,17.0
2011-09-07 00:00:00,17.0
2011-09-06 00:00:00,16.825
2011-09-02 00:00:00,16.825
2011-09-01 00:00:00,16.825
2011-08-31 00:00:00,16.825
2011-08-30 00:00:00,16.825
2011-08-29 00:00:00,16.2
2011-08-26 00:00:00,16.2
2011-08-25 00:00:00,16.2
2011-08-24 00:00:00,16.525
2011-08-23 00:00:00,17.025
2011-08-22 00:00:00,16.25
2011-08-19 00:00:00,15.9
2011-08-18 00:00:00,15.275
2011-08-17 00:00:00,15.275
2011-08-16 00:00:00,15.275
2011-08-15 00:00:00,15.625
2011-08-12 00:00:00,14.189
2011-08-11 00:00:00,15.025
2011-08-10 00:00:00,14.95
2011-08-09 00:00:00,14.95
2011-08-08 00:00:00,15.575
2011-08-05 00:00:00,15.205
2011-08-04 00:00:00,14.875
2011-08-03 00:00:00,15.15
2011-08-02 00:00:00,15.125
2011-08-01 00:00:00,15.95
2011-07-29 00:00:00,15.775
2011-07-28 00:00:00,15.375
2011-07-27 00:00:00,17.95
2011-07-26 00:00:00,18.532001
2011-07-25 00:00:00,19.075
2011-07-22 00:00:00,19.1
2011-07-21 00:00:00,18.675
2011-07-20 00:00:00,18.675
2011-07-19 00:00:00,18.825
2011-07-18 00:00:00,18.867
2011-07-15 00:00:00,19.125
2011-07-14 00:00:00,19.7
2011-07-13 00:00:00,20.065
2011-07-12 00:00:00,19.707001
2011-07-11 00:00:00,19.707001
2011-07-08 00:00:00,20.095
2011-07-07 00:00:00,19.75
2011-07-06 00:00:00,19.65
2011-07-05 00:00:00,18.9
2011-07-01 00:00:00,18.5
2011-06-30 00:00:00,18.6
2011-06-29 00:00:00,18.95
2011-06-28 00:00:00,18.706
2011-06-27 00:00:00,18.069
2011-06-24 00:00:00,18.069
2011-06-23 00:00:00,18.175
2011-06-22 00:00:00,18.812
2011-06-21 00:00:00,19.5
2011-06-20 00:00:00,19.065041
2011-06-17 00:00:00,19.5
2011-06-16 00:00:00,19.5
2011-06-15 00:00:00,20.006
2011-06-14 00:00:00,20.215
2011-06-13 00:00:00,19.92
2011-06-10 00:00:00,20.25
2011-06-09 00:00:00,20.15
2011-06-08 00:00:00,21.25
2011-06-07 00:00:00,22.55
2011-06-06 00:00:00,22.25
2011-06-03 00:00:00,23.109
2011-06-02 00:00:00,23.109
2011-06-01 00:00:00,23.109
2011-05-31 00:00:00,23.109
2011-05-27 00:00:00,23.109
2011-05-26 00:00:00,22.85
2011-05-25 00:00:00,22.15
2011-05-24 00:00:00,22.15
2011-05-23 00:00:00,22.15
2011-05-20 00:00:00,22.35
2011-05-19 00:00:00,22.7
2011-05-18 00:00:00,22.5
2011-05-17 00:00:00,22.5
2011-05-16 00:00:00,22.623
2011-05-13 00:00:00,22.388
2011-05-12 00:00:00,22.75
2011-05-11 00:00:00,23.4
2011-05-10 00:00:00,23.95
2011-05-09 00:00:00,24.4
2011-05-06 00:00:00,24.6
2011-05-05 00:00:00,24.6
2011-05-04 00:00:00,24.5
2011-05-03 00:00:00,24.65
2011-05-02 00:00:00,24.2
2011-04-29 00:00:00,23.559
2011-04-28 00:00:00,23.85
2011-04-27 00:00:00,23.95
2011-04-26 00:00:00,23.8
2011-04-25 00:00:00,23.8
2011-04-21 00:00:00,24.7
2011-04-20 00:00:00,24.7
2011-04-19 00:00:00,24.8
2011-04-18 00:00:00,24.95
2011-04-15 00:00:00,24.95
2011-04-14 00:00:00,25.0
2011-04-13 00:00:00,25.0
2011-04-12 00:00:00,25.0
2011-04-11 00:00:00,25.0
2011-04-08 00:00:00,24.3
2011-04-07 00:00:00,24.95
2011-04-06 00:00:00,25.64
2011-04-05 00:00:00,26.3
2011-04-04 00:00:00,26.3
2011-04-01 00:00:00,26.75
2011-03-31 00:00:00,27.05
2011-03-30 00:00:00,27.05
2011-03-29 00:00:00,26.6
2011-03-28 00:00:00,26.85
2011-03-25 00:00:00,27.5
2011-03-24 00:00:00,27.6
2011-03-23 00:00:00,27.7
2011-03-22 00:00:00,27.7
2011-03-21 00:00:00,27.65
2011-03-18 00:00:00,26.975
2011-03-17 00:00:00,26.7
2011-03-16 00:00:00,26.625
2011-03-15 00:00:00,26.775
2011-03-14 00:00:00,26.3
2011-03-11 00:00:00,28.05
2011-03-10 00:00:00,28.05
2011-03-09 00:00:00,28.05
2011-03-08 00:00:00,28.05
2011-03-07 00:00:00,28.05
2011-03-04 00:00:00,28.1
2011-03-03 00:00:00,28.1
2011-03-02 00:00:00,29.758
2011-03-01 00:00:00,29.758
2011-02-28 00:00:00,28.6
2011-02-25 00:00:00,28.6
2011-02-24 00:00:00,28.6
2011-02-23 00:00:00,29.5
2011-02-22 00:00:00,29.95
2011-02-18 00:00:00,30.55
2011-02-17 00:00:00,30.45
2011-02-16 00:00:00,30.45
2011-02-15 00:00:00,29.15
2011-02-14 00:00:00,29.25
2011-02-11 00:00:00,29.25
2011-02-10 00:00:00,29.0
2011-02-09 00:00:00,28.25
2011-02-08 00:00:00,28.0
2011-02-07 00:00:00,28.0
2011-02-04 00:00:00,28.2
2011-02-03 00:00:00,28.2
2011-02-02 00:00:00,28.2
2011-02-01 00:00:00,27.3
2011-01-31 00:00:00,27.3
2011-01-28 00:00:00,26.5
2011-01-27 00:00:00,27.2
2011-01-26 00:00:00,27.25
2011-01-25 00:00:00,27.35
2011-01-24 00:00:00,27.35
2011-01-21 00:00:00,27.65
2011-01-20 00:00:00,28.0
2011-01-19 00:00:00,29.158
2011-01-18 00:00:00,29.55
2011-01-14 00:00:00,28.838
2011-01-13 00:00:00,28.95
2011-01-12 00:00:00,28.35
2011-01-11 00:00:00,28.8
2011-01-10 00:00:00,28.3
2011-01-07 00:00:00,28.3
2011-01-06 00:00:00,28.3
2011-01-05 00:00:00,28.3
2011-01-04 00:00:00,28.3
2011-01-03 00:00:00,29.45
2010-12-31 00:00:00,29.0
2010-12-30 00:00:00,29.0
2010-12-29 00:00:00,28.55
2010-12-28 00:00:00,28.55
2010-12-27 00:00:00,28.55
2010-12-23 00:00:00,28.55
2010-12-22 00:00:00,28.55
2010-12-21 00:00:00,28.55
2010-12-20 00:00:00,28.55
2010-12-17 00:00:00,28.55
2010-12-16 00:00:00,28.15
2010-12-15 00:00:00,28.15
2010-12-14 00:00:00,28.4
2010-12-13 00:00:00,28.4
2010-12-10 00:00:00,27.1
2010-12-09 00:00:00,27.1
2010-12-08 00:00:00,27.1
2010-12-07 00:00:00,27.1
2010-12-06 00:00:00,27.1
2010-12-03 00:00:00,27.1
2010-12-02 00:00:00,27.1
2010-12-01 00:00:00,27.1
2010-11-30 00:00:00,27.1
2010-11-29 00:00:00,25.95
2010-11-26 00:00:00,25.95
2010-11-24 00:00:00,25.95
2010-11-23 00:00:00,26.20589
2010-11-22 00:00:00,26.20589
2010-11-19 00:00:00,26.20589
2010-11-18 00:00:00,26.4
2010-11-17 00:00:00,25.7
2010-11-16 00:00:00,25.7
2010-11-15 00:00:00,25.7
2010-11-12 00:00:00,25.5
2010-11-11 00:00:00,25.5
2010-11-10 00:00:00,25.5
2010-11-09 00:00:00,25.5
2010-11-08 00:00:00,25.8
2010-11-05 00:00:00,25.8
2010-11-04 00:00:00,25.8
2010-11-03 00:00:00,25.6
2010-11-02 00:00:00,25.6
2010-11-01 00:00:00,25.6
2010-10-29 00:00:00,25.6
2010-10-28 00:00:00,25.4
2010-10-27 00:00:00,25.4
2010-10-26 00:00:00,25.4
2010-10-25 00:00:00,25.4
2010-10-22 00:00:00,25.4
2010-10-21 00:00:00,25.4
2010-10-20 00:00:00,25.4
2010-10-19 00:00:00,25.4
2010-10-18 00:00:00,25.419701
2010-10-15 00:00:00,25.419701
2010-10-14 00:00:00,24.9
2010-10-13 00:00:00,24.9
2010-10-12 00:00:00,24.9
2010-10-11 00:00:00,25.55
2010-10-08 00:00:00,25.55
2010-10-07 00:00:00,26.005301
2010-10-06 00:00:00,26.005301
2010-10-05 00:00:00,25.674481
2010-10-04 00:00:00,27.1
2010-10-01 00:00:00,27.1
2010-09-30 00:00:00,27.1
2010-09-29 00:00:00,27.1
2010-09-28 00:00:00,27.1
2010-09-27 00:00:00,27.1
2010-09-24 00:00:00,27.1
2010-09-23 00:00:00,27.1
2010-09-22 00:00:00,27.1
2010-09-21 00:00:00,27.1
2010-09-20 00:00:00,27.1
2010-09-17 00:00:00,27.1
2010-09-16 00:00:00,27.75
2010-09-15 00:00:00,27.75
2010-09-14 00:00:00,27.5
2010-09-13 00:00:00,27.5
2010-09-10 00:00:00,27.6
2010-09-09 00:00:00,27.6
2010-09-08 00:00:00,27.538821
2010-09-07 00:00:00,27.538821
2010-09-03 00:00:00,27.75
2010-09-02 00:00:00,28.0
2010-09-01 00:00:00,28.0
2010-08-31 00:00:00,28.0
2010-08-30 00:00:00,27.0
2010-08-27 00:00:00,27.0
2010-08-26 00:00:00,27.0
2010-08-25 00:00:00,27.0
2010-08-24 00:00:00,26.0
2010-08-23 00:00:00,26.0
2010-08-20 00:00:00,26.0
2010-08-19 00:00:00,26.0
2010-08-18 00:00:00,26.0
2010-08-17 00:00:00,26.0
2010-08-16 00:00:00,26.0
2010-08-13 00:00:00,26.0
2010-08-12 00:00:00,26.0
2010-08-11 00:00:00,28.15
2010-08-10 00:00:00,28.15
2010-08-09 00:00:00,28.15
2010-08-06 00:00:00,28.05
2010-08-05 00:00:00,28.05
2010-08-04 00:00:00,27.4
2010-08-03 00:00:00,27.4
2010-08-02 00:00:00,27.4
2010-07-30 00:00:00,27.4
2010-07-29 00:00:00,27.4
2010-07-28 00:00:00,27.9
2010-07-27 00:00:00,27.9
2010-07-26 00:00:00,29.4
2010-07-23 00:00:00,29.4
2010-07-22 00:00:00,29.4
2010-07-21 00:00:00,29.4
2010-07-20 00:00:00,29.4
2010-07-19 00:00:00,29.4
2010-07-16 00:00:00,29.4
2010-07-15 00:00:00,29.4
2010-07-14 00:00:00,29.4
2010-07-13 00:00:00,30.15
2010-07-12 00:00:00,30.15
2010-07-09 00:00:00,30.15
2010-07-08 00:00:00,30.15
2010-07-07 00:00:00,30.15
2010-07-06 00:00:00,30.15
2010-07-02 00:00:00,29.8
2010-07-01 00:00:00,29.8
2010-06-30 00:00:00,29.8
2010-06-29 00:00:00,29.7
2010-06-28 00:00:00,29.15
2010-06-25 00:00:00,29.75
2010-06-24 00:00:00,30.2
2010-06-23 00:00:00,30.2
2010-06-22 00:00:00,31.25
2010-06-21 00:00:00,32.3
2010-06-18 00:00:00,31.2
2010-06-17 00:00:00,30.45
2010-06-16 00:00:00,29.95
2010-06-15 00:00:00,27.4
2010-06-14 00:00:00,27.7
2010-06-11 00:00:00,27.7
2010-06-10 00:00:00,27.7
2010-06-09 00:00:00,27.7
2010-06-08 00:00:00,27.7
2010-06-07 00:00:00,29.45
2010-06-04 00:00:00,29.45
2010-06-03 00:00:00,29.45
2010-06-02 00:00:00,29.45
2010-06-01 00:00:00,29.45
2010-05-28 00:00:00,29.2
2010-05-27 00:00:00,29.35
2010-05-26 00:00:00,28.011621
2010-05-25 00:00:00,28.011621
2010-05-24 00:00:00,29.392001
2010-05-21 00:00:00,28.2
2010-05-20 00:00:00,28.2
2010-05-19 00:00:00,28.0
2010-05-18 00:00:00,28.0
2010-05-17 00:00:00,28.0
2010-05-14 00:00:00,29.457071
2010-05-13 00:00:00,29.457071
2010-05-12 00:00:00,29.457071
2010-05-11 00:00:00,30.192001
2010-05-10 00:00:00,30.192001
2010-05-07 00:00:00,30.192001
2010-05-06 00:00:00,31.348389
2010-05-05 00:00:00,33.315591
2010-05-04 00:00:00,33.315591
2010-05-03 00:00:00,33.65
2010-04-30 00:00:00,33.65
2010-04-29 00:00:00,33.217899
2010-04-28 00:00:00,33.217899
2010-04-27 00:00:00,33.710129
2010-04-26 00:00:00,33.63544
2010-04-23 00:00:00,32.85
2010-04-22 00:00:00,32.85
2010-04-21 00:00:00,32.85
2010-04-20 00:00:00,32.85
2010-04-19 00:00:00,33.15
2010-04-16 00:00:00,33.3
2010-04-15 00:00:00,34.0
2010-04-14 00:00:00,33.65
2010-04-13 00:00:00,33.65
2010-04-12 00:00:00,33.65
2010-04-09 00:00:00,33.85
2010-04-08 00:00:00,33.85
2010-04-07 00:00:00,33.85
2010-04-06 00:00:00,34.5
2010-04-05 00:00:00,34.5
2010-04-01 00:00:00,33.9
2010-03-31 00:00:00,33.9
2010-03-30 00:00:00,33.9
2010-03-29 00:00:00,34.7
2010-03-26 00:00:00,34.7
2010-03-25 00:00:00,35.0
2010-03-24 00:00:00,33.3
2010-03-23 00:00:00,31.65
2010-03-22 00:00:00,30.365759
2010-03-19 00:00:00,30.365759
2010-03-18 00:00:00,29.931619
2010-03-17 00:00:00,29.64184
2010-03-16 00:00:00,29.64184
2010-03-15 00:00:00,29.65
2010-03-12 00:00:00,29.65
2010-03-11 00:00:00,29.65
2010-03-10 00:00:00,29.65
2010-03-09 00:00:00,29.65
2010-03-08 00:00:00,29.65
2010-03-05 00:00:00,28.2
2010-03-04 00:00:00,28.2
2010-03-03 00:00:00,28.2
2010-03-02 00:00:00,28.2
2010-03-01 00:00:00,28.2
2010-02-26 00:00:00,26.8
2010-02-25 00:00:00,26.8
2010-02-24 00:00:00,26.8
2010-02-23 00:00:00,26.8
2010-02-22 00:00:00,26.0
2010-02-19 00:00:00,27.57576
2010-02-18 00:00:00,27.57576
2010-02-17 00:00:00,27.57576
2010-02-16 00:00:00,27.57576
2010-02-12 00:00:00,27.57576
2010-02-11 00:00:00,27.0
2010-02-10 00:00:00,27.0
2010-02-09 00:00:00,27.0
2010-02-08 00:00:00,27.0
2010-02-05 00:00:00,27.0
2010-02-04 00:00:00,27.8
2010-02-03 00:00:00,27.8
2010-02-02 00:00:00,27.8
2010-02-01 00:00:00,28.2
2010-01-29 00:00:00,29.0
2010-01-28 00:00:00,29.0
2010-01-27 00:00:00,28.45
2010-01-26 00:00:00,27.2
2010-01-25 00:00:00,27.2
2010-01-22 00:00:00,27.2
2010-01-21 00:00:00,27.2
2010-01-20 00:00:00,27.2
2010-01-19 00:00:00,27.2
2010-01-15 00:00:00,27.2
2010-01-14 00:00:00,28.2
2010-01-13 00:00:00,28.270639
2010-01-12 00:00:00,28.270639
2010-01-11 00:00:00,27.4
2010-01-08 00:00:00,27.4
2010-01-07 00:00:00,27.4
2010-01-06 00:00:00,26.3
2010-01-05 00:00:00,24.65
2010-01-04 00:00:00,24.65
2009-12-31 00:00:00,23.85
